Year,Month,Monthly_Anomaly,Monthly_Unc,Annual_Anomaly,Annual_Unc,FiveYear_Anomaly,FiveYear_Unc,TenYear_Anomaly,TenYear_Unc,TwentyYear_Anomaly,TwentyYear_Unc
1850,1,-0.753,0.365,,,,,,,,
1850,2,-0.202,0.416,,,,,,,,
1850,3,-0.367,0.373,,,,,,,,
1850,4,-0.596,0.324,,,,,,,,
1850,5,-0.619,0.267,,,,,,,,
1850,6,-0.332,0.308,-0.436,0.17,,,,,,
1850,7,-0.151,0.249,-0.386,0.176,,,,,,
1850,8,-0.149,0.341,-0.403,0.166,,,,,,
1850,9,-0.416,0.237,-0.418,0.172,,,,,,
1850,10,-0.59,0.237,-0.421,0.187,,,,,,
1850,11,-0.572,0.317,-0.396,0.2,,,,,,
1850,12,-0.481,0.312,-0.389,0.195,,,,,,
1851,1,-0.159,0.389,-0.392,0.194,,,,,,
1851,2,-0.402,0.351,-0.405,0.191,,,,,,
1851,3,-0.55,0.331,-0.402,0.196,,,,,,
1851,4,-0.626,0.45,-0.365,0.211,,,,,,
1851,5,-0.326,0.445,-0.349,0.235,,,,,,
1851,6,-0.24,0.217,-0.321,0.259,,,,,,
1851,7,-0.198,0.221,-0.327,0.275,,,,,,
1851,8,-0.295,0.282,-0.336,0.29,,,,,,
1851,9,-0.387,0.295,-0.351,0.3,,,,,,
1851,10,-0.144,0.352,-0.342,0.288,,,,,,
1851,11,-0.377,0.438,-0.327,0.285,,,,,,
1851,12,-0.145,0.409,-0.315,0.294,,,,,,
1852,1,-0.239,0.515,-0.301,0.296,,,,,,
1852,2,-0.506,0.458,-0.304,0.286,,,,,,
1852,3,-0.725,0.447,-0.297,0.285,,,,,,
1852,4,-0.526,0.359,-0.298,0.271,,,,,,
1852,5,-0.146,0.426,-0.311,0.266,,,,,,
1852,6,-0.099,0.299,-0.292,0.249,-0.325,0.173,,,,
1852,7,-0.02,0.24,-0.294,0.242,-0.314,0.177,,,,
1852,8,-0.336,0.236,-0.281,0.241,-0.312,0.171,,,,
1852,9,-0.299,0.255,-0.254,0.222,-0.31,0.169,,,,
1852,10,-0.162,0.232,-0.233,0.231,-0.302,0.163,,,,
1852,11,-0.536,0.366,-0.242,0.225,-0.295,0.163,,,,
1852,12,0.087,0.33,-0.247,0.224,-0.295,0.161,,,,
1853,1,-0.266,0.445,-0.242,0.213,-0.298,0.16,,,,
1853,2,-0.346,0.496,-0.217,0.212,-0.3,0.156,,,,
1853,3,-0.396,0.257,-0.225,0.204,-0.301,0.154,,,,
1853,4,-0.273,0.445,-0.251,0.217,-0.296,0.155,,,,
1853,5,-0.263,0.323,-0.26,0.196,-0.293,0.156,,,,
1853,6,-0.16,0.291,-0.295,0.196,-0.294,0.155,,,,
1853,7,0.05,0.178,-0.318,0.172,-0.291,0.155,,,,
1853,8,-0.043,0.211,-0.338,0.164,-0.29,0.161,,,,
1853,9,-0.393,0.207,-0.328,0.165,-0.288,0.159,,,,
1853,10,-0.47,0.319,-0.334,0.14,-0.284,0.154,,,,
1853,11,-0.65,0.321,-0.335,0.133,-0.284,0.15,,,,
1853,12,-0.324,0.276,-0.36,0.129,-0.282,0.149,,,,
1854,1,-0.547,0.351,-0.377,0.131,-0.283,0.148,,,,
1854,2,-0.584,0.374,-0.389,0.133,-0.287,0.149,,,,
1854,3,-0.276,0.282,-0.377,0.133,-0.292,0.15,,,,
1854,4,-0.349,0.233,-0.328,0.128,-0.301,0.147,,,,
1854,5,-0.278,0.22,-0.293,0.135,-0.304,0.142,,,,
1854,6,-0.456,0.195,-0.283,0.13,-0.309,0.137,,,,
1854,7,-0.156,0.205,-0.242,0.148,-0.313,0.135,,,,
1854,8,-0.182,0.234,-0.202,0.135,-0.314,0.131,,,,
1854,9,-0.248,0.211,-0.201,0.133,-0.312,0.126,,,,
1854,10,0.115,0.266,-0.178,0.127,-0.317,0.124,,,,
1854,11,-0.236,0.331,-0.174,0.128,-0.327,0.122,,,,
1854,12,-0.203,0.368,-0.163,0.124,-0.335,0.121,-0.34,0.129,,
1855,1,-0.05,0.457,-0.18,0.125,-0.342,0.121,-0.336,0.13,,
1855,2,-0.105,0.45,-0.184,0.123,-0.344,0.123,-0.337,0.129,,
1855,3,-0.262,0.27,-0.203,0.12,-0.347,0.122,-0.34,0.13,,
1855,4,-0.082,0.325,-0.238,0.125,-0.353,0.123,-0.337,0.128,,
1855,5,-0.221,0.294,-0.25,0.123,-0.353,0.121,-0.334,0.127,,
1855,6,-0.324,0.192,-0.278,0.12,-0.358,0.121,-0.332,0.125,,
1855,7,-0.359,0.219,-0.271,0.12,-0.357,0.119,-0.333,0.123,,
1855,8,-0.235,0.227,-0.295,0.13,-0.359,0.114,-0.334,0.121,,
1855,9,-0.468,0.201,-0.307,0.133,-0.358,0.114,-0.333,0.12,,
1855,10,-0.306,0.287,-0.334,0.144,-0.358,0.11,-0.331,0.12,,
1855,11,-0.387,0.257,-0.343,0.139,-0.36,0.107,-0.331,0.121,,
1855,12,-0.54,0.339,-0.326,0.14,-0.362,0.107,-0.334,0.123,,
1856,1,0.034,0.364,-0.316,0.139,-0.368,0.108,-0.341,0.125,,
1856,2,-0.386,0.57,-0.339,0.154,-0.373,0.108,-0.343,0.126,,
1856,3,-0.406,0.245,-0.359,0.171,-0.374,0.109,-0.343,0.125,,
1856,4,-0.406,0.228,-0.39,0.166,-0.371,0.107,-0.342,0.121,,
1856,5,-0.334,0.277,-0.406,0.162,-0.363,0.107,-0.343,0.119,,
1856,6,-0.121,0.299,-0.396,0.163,-0.366,0.108,-0.344,0.118,,
1856,7,-0.236,0.186,-0.441,0.166,-0.363,0.109,-0.345,0.118,,
1856,8,-0.512,0.333,-0.454,0.141,-0.358,0.106,-0.344,0.116,,
1856,9,-0.711,0.32,-0.473,0.138,-0.357,0.104,-0.344,0.115,,
1856,10,-0.677,0.212,-0.507,0.142,-0.351,0.103,-0.347,0.113,,
1856,11,-0.575,0.276,-0.542,0.144,-0.346,0.103,-0.345,0.11,,
1856,12,-0.426,0.323,-0.577,0.149,-0.34,0.102,-0.347,0.108,,
1857,1,-0.507,0.401,-0.598,0.156,-0.343,0.101,-0.353,0.107,,
1857,2,-0.542,0.313,-0.592,0.153,-0.346,0.1,-0.355,0.105,,
1857,3,-0.629,0.239,-0.573,0.147,-0.35,0.1,-0.354,0.104,,
1857,4,-0.815,0.264,-0.561,0.152,-0.356,0.097,-0.354,0.103,,
1857,5,-0.751,0.263,-0.555,0.159,-0.356,0.095,-0.355,0.101,,
1857,6,-0.546,0.258,-0.538,0.167,-0.354,0.098,-0.357,0.099,,
1857,7,-0.487,0.27,-0.513,0.159,-0.358,0.096,-0.36,0.098,,
1857,8,-0.446,0.296,-0.508,0.16,-0.362,0.1,-0.361,0.098,,
1857,9,-0.477,0.28,-0.482,0.161,-0.369,0.102,-0.363,0.098,,
1857,10,-0.529,0.268,-0.437,0.157,-0.372,0.104,-0.365,0.097,,
1857,11,-0.502,0.3,-0.408,0.15,-0.372,0.101,-0.365,0.095,,
1857,12,-0.223,0.258,-0.384,0.15,-0.37,0.101,-0.373,0.096,,
1858,1,-0.21,0.356,-0.37,0.145,-0.368,0.098,-0.372,0.094,,
1858,2,-0.489,0.268,-0.359,0.135,-0.368,0.098,-0.37,0.091,,
1858,3,-0.307,0.25,-0.359,0.132,-0.365,0.098,-0.37,0.09,,
1858,4,-0.279,0.243,-0.339,0.13,-0.366,0.097,-0.37,0.088,,
1858,5,-0.406,0.222,-0.312,0.124,-0.368,0.099,-0.369,0.087,,
1858,6,-0.255,0.227,-0.334,0.128,-0.374,0.103,-0.371,0.086,,
1858,7,-0.313,0.214,-0.346,0.126,-0.391,0.106,-0.374,0.086,,
1858,8,-0.317,0.194,-0.329,0.127,-0.395,0.102,-0.377,0.086,,
1858,9,-0.482,0.223,-0.324,0.12,-0.398,0.103,-0.378,0.087,,
1858,10,-0.282,0.237,-0.3,0.111,-0.399,0.101,-0.378,0.086,,
1858,11,-0.178,0.253,-0.264,0.111,-0.401,0.1,-0.375,0.086,,
1858,12,-0.492,0.279,-0.252,0.107,-0.405,0.101,-0.375,0.087,,
1859,1,-0.348,0.313,-0.252,0.105,-0.406,0.1,-0.375,0.087,,
1859,2,-0.294,0.273,-0.255,0.106,-0.401,0.098,-0.373,0.088,,
1859,3,-0.24,0.271,-0.258,0.106,-0.396,0.097,-0.374,0.088,,
1859,4,0.011,0.226,-0.255,0.108,-0.393,0.096,-0.375,0.089,,
1859,5,0.017,0.214,-0.256,0.109,-0.387,0.095,-0.374,0.089,,
1859,6,-0.112,0.185,-0.222,0.105,-0.386,0.096,-0.371,0.089,,
1859,7,-0.308,0.211,-0.221,0.105,-0.392,0.096,-0.371,0.089,,
1859,8,-0.349,0.207,-0.222,0.11,-0.396,0.096,-0.372,0.089,,
1859,9,-0.522,0.199,-0.26,0.119,-0.395,0.097,-0.374,0.089,,
1859,10,-0.241,0.244,-0.284,0.121,-0.391,0.097,-0.378,0.089,,
1859,11,-0.192,0.27,-0.303,0.122,-0.383,0.096,-0.379,0.088,,
1859,12,-0.089,0.503,-0.311,0.121,-0.379,0.095,-0.381,0.088,-0.325,0.103
1860,1,-0.328,0.321,-0.307,0.123,-0.377,0.094,-0.38,0.088,-0.323,0.103
1860,2,-0.31,0.342,-0.295,0.128,-0.377,0.093,-0.382,0.089,-0.324,0.103
1860,3,-0.694,0.269,-0.276,0.133,-0.378,0.094,-0.383,0.09,-0.324,0.103
1860,4,-0.278,0.221,-0.285,0.139,-0.377,0.093,-0.386,0.091,-0.323,0.102
1860,5,-0.217,0.23,-0.314,0.142,-0.378,0.092,-0.386,0.091,-0.321,0.101
1860,6,-0.199,0.179,-0.378,0.131,-0.389,0.093,-0.386,0.091,-0.32,0.1
1860,7,-0.26,0.259,-0.434,0.141,-0.387,0.094,-0.384,0.091,-0.32,0.1
1860,8,-0.209,0.212,-0.463,0.14,-0.381,0.093,-0.384,0.092,-0.32,0.099
1860,9,-0.294,0.209,-0.454,0.135,-0.382,0.093,-0.382,0.093,-0.319,0.099
1860,10,-0.354,0.207,-0.467,0.133,-0.381,0.093,-0.381,0.093,-0.318,0.099
1860,11,-0.533,0.286,-0.487,0.134,-0.378,0.092,-0.379,0.093,-0.317,0.098
1860,12,-0.861,0.374,-0.501,0.141,-0.38,0.092,-0.379,0.094,-0.317,0.099
1861,1,-1.004,0.49,-0.505,0.15,-0.381,0.092,-0.379,0.094,-0.319,0.098
1861,2,-0.658,0.322,-0.505,0.152,-0.381,0.093,-0.379,0.093,-0.32,0.098
1861,3,-0.583,0.248,-0.514,0.155,-0.382,0.094,-0.379,0.094,-0.319,0.097
1861,4,-0.438,0.279,-0.524,0.151,-0.385,0.095,-0.38,0.095,-0.316,0.096
1861,5,-0.448,0.214,-0.498,0.139,-0.388,0.096,-0.38,0.095,-0.316,0.094
1861,6,-0.369,0.213,-0.455,0.13,-0.385,0.097,-0.381,0.095,-0.316,0.094
1861,7,-0.313,0.224,-0.448,0.128,-0.387,0.099,-0.378,0.096,-0.316,0.094
1861,8,-0.199,0.21,-0.457,0.131,-0.389,0.101,-0.376,0.096,-0.315,0.094
1861,9,-0.412,0.219,-0.454,0.129,-0.392,0.103,-0.372,0.096,-0.315,0.093
1861,10,-0.475,0.212,-0.465,0.129,-0.399,0.104,-0.369,0.096,-0.316,0.093
1861,11,-0.216,0.263,-0.452,0.131,-0.401,0.105,-0.365,0.097,-0.316,0.091
1861,12,-0.351,0.264,-0.448,0.131,-0.401,0.106,-0.36,0.097,-0.318,0.091
1862,1,-0.918,0.348,-0.449,0.131,-0.399,0.106,-0.357,0.097,-0.318,0.09
1862,2,-0.766,0.33,-0.473,0.134,-0.399,0.107,-0.356,0.097,-0.318,0.089
1862,3,-0.545,0.261,-0.484,0.136,-0.398,0.108,-0.353,0.098,-0.316,0.088
1862,4,-0.568,0.247,-0.483,0.138,-0.4,0.109,-0.347,0.098,-0.316,0.088
1862,5,-0.294,0.225,-0.511,0.142,-0.403,0.11,-0.344,0.098,-0.316,0.087
1862,6,-0.315,0.217,-0.554,0.143,-0.409,0.109,-0.341,0.098,-0.316,0.087
1862,7,-0.33,0.207,-0.487,0.139,-0.402,0.11,-0.339,0.098,-0.317,0.086
1862,8,-0.491,0.209,-0.435,0.138,-0.402,0.11,-0.337,0.098,-0.316,0.086
1862,9,-0.543,0.223,-0.417,0.142,-0.398,0.11,-0.334,0.098,-0.315,0.086
1862,10,-0.46,0.251,-0.391,0.151,-0.399,0.111,-0.33,0.099,-0.315,0.086
1862,11,-0.556,0.285,-0.385,0.145,-0.4,0.112,-0.324,0.098,-0.315,0.085
1862,12,-0.862,0.302,-0.387,0.146,-0.401,0.113,-0.323,0.098,-0.317,0.085
1863,1,-0.117,0.38,-0.39,0.15,-0.4,0.114,-0.326,0.098,-0.317,0.084
1863,2,-0.133,0.47,-0.38,0.151,-0.4,0.115,-0.327,0.099,-0.316,0.084
1863,3,-0.334,0.239,-0.376,0.157,-0.399,0.115,-0.327,0.099,-0.316,0.084
1863,4,-0.26,0.29,-0.375,0.156,-0.396,0.115,-0.326,0.099,-0.316,0.084
1863,5,-0.223,0.213,-0.36,0.162,-0.39,0.115,-0.323,0.099,-0.316,0.083
1863,6,-0.339,0.22,-0.313,0.16,-0.384,0.115,-0.322,0.099,-0.317,0.083
1863,7,-0.357,0.221,-0.344,0.164,-0.367,0.114,-0.319,0.099,-0.317,0.083
1863,8,-0.373,0.238,-0.366,0.157,-0.362,0.114,-0.317,0.1,-0.318,0.083
1863,9,-0.498,0.248,-0.374,0.161,-0.36,0.114,-0.315,0.1,-0.318,0.083
1863,10,-0.452,0.249,-0.386,0.16,-0.361,0.115,-0.312,0.1,-0.317,0.083
1863,11,-0.374,0.278,-0.378,0.162,-0.359,0.115,-0.314,0.101,-0.316,0.083
1863,12,-0.293,0.294,-0.358,0.164,-0.357,0.115,-0.311,0.101,-0.315,0.082
1864,1,-0.491,0.431,-0.343,0.16,-0.35,0.115,-0.31,0.101,-0.314,0.082
1864,2,-0.403,0.366,-0.34,0.16,-0.351,0.116,-0.307,0.101,-0.312,0.082
1864,3,-0.426,0.3,-0.34,0.157,-0.349,0.117,-0.309,0.101,-0.314,0.082
1864,4,-0.402,0.26,-0.33,0.153,-0.345,0.118,-0.311,0.102,-0.314,0.082
1864,5,-0.131,0.219,-0.332,0.152,-0.342,0.118,-0.313,0.102,-0.314,0.082
1864,6,-0.089,0.209,-0.345,0.15,-0.335,0.119,-0.313,0.102,-0.313,0.082
1864,7,-0.187,0.217,-0.298,0.145,-0.322,0.119,-0.313,0.102,-0.313,0.082
1864,8,-0.338,0.241,-0.29,0.142,-0.315,0.119,-0.311,0.102,-0.313,0.082
1864,9,-0.488,0.23,-0.289,0.137,-0.311,0.119,-0.308,0.102,-0.313,0.082
1864,10,-0.343,0.237,-0.287,0.137,-0.303,0.12,-0.308,0.102,-0.315,0.081
1864,11,-0.389,0.307,-0.299,0.137,-0.305,0.121,-0.308,0.103,-0.316,0.081
1864,12,-0.456,0.252,-0.313,0.139,-0.303,0.122,-0.31,0.102,-0.316,0.081
1865,1,0.075,0.322,-0.313,0.141,-0.301,0.122,-0.31,0.102,-0.318,0.08
1865,2,-0.305,0.302,-0.301,0.144,-0.297,0.123,-0.312,0.102,-0.319,0.081
1865,3,-0.416,0.287,-0.279,0.148,-0.29,0.124,-0.309,0.102,-0.32,0.08
1865,4,-0.382,0.262,-0.268,0.151,-0.282,0.126,-0.308,0.102,-0.321,0.081
1865,5,-0.269,0.216,-0.25,0.156,-0.269,0.126,-0.308,0.102,-0.321,0.08
1865,6,-0.263,0.198,-0.251,0.164,-0.257,0.124,-0.307,0.102,-0.321,0.08
1865,7,-0.187,0.237,-0.256,0.169,-0.264,0.124,-0.306,0.103,-0.32,0.08
1865,8,-0.194,0.224,-0.26,0.177,-0.272,0.124,-0.306,0.103,-0.32,0.08
1865,9,-0.222,0.247,-0.263,0.181,-0.272,0.125,-0.306,0.103,-0.319,0.08
1865,10,-0.205,0.263,-0.274,0.188,-0.27,0.125,-0.305,0.103,-0.319,0.08
1865,11,-0.169,0.319,-0.281,0.188,-0.267,0.125,-0.304,0.103,-0.32,0.08
1865,12,-0.479,0.32,-0.28,0.188,-0.264,0.126,-0.301,0.103,-0.319,0.079
1866,1,0.025,0.369,-0.255,0.193,-0.257,0.126,-0.297,0.103,-0.321,0.079
1866,2,-0.359,0.409,-0.258,0.191,-0.252,0.125,-0.297,0.103,-0.321,0.079
1866,3,-0.454,0.358,-0.265,0.192,-0.248,0.124,-0.294,0.103,-0.32,0.079
1866,4,-0.511,0.271,-0.268,0.192,-0.24,0.123,-0.291,0.102,-0.32,0.078
1866,5,-0.352,0.228,-0.258,0.181,-0.239,0.123,-0.29,0.102,-0.32,0.078
1866,6,-0.251,0.188,-0.211,0.176,-0.237,0.122,-0.288,0.101,-0.321,0.078
1866,7,0.111,0.25,-0.226,0.174,-0.232,0.122,-0.287,0.101,-0.321,0.079
1866,8,-0.224,0.254,-0.224,0.166,-0.225,0.12,-0.287,0.101,-0.32,0.078
1866,9,-0.307,0.236,-0.209,0.161,-0.226,0.12,-0.287,0.1,-0.319,0.078
1866,10,-0.248,0.261,-0.178,0.159,-0.224,0.119,-0.285,0.1,-0.317,0.078
1866,11,-0.051,0.251,-0.181,0.161,-0.225,0.119,-0.287,0.1,-0.316,0.078
1866,12,0.089,0.257,-0.177,0.161,-0.226,0.12,-0.288,0.1,-0.317,0.078
1867,1,-0.153,0.342,-0.203,0.156,-0.227,0.121,-0.284,0.1,-0.316,0.078
1867,2,-0.333,0.342,-0.206,0.158,-0.224,0.121,-0.281,0.1,-0.314,0.079
1867,3,-0.285,0.277,-0.193,0.156,-0.218,0.121,-0.279,0.099,-0.311,0.079
1867,4,-0.139,0.274,-0.17,0.156,-0.215,0.121,-0.277,0.099,-0.308,0.078
1867,5,-0.387,0.205,-0.145,0.153,-0.212,0.12,-0.276,0.099,-0.305,0.078
1867,6,-0.202,0.185,-0.166,0.152,-0.211,0.12,-0.276,0.099,-0.303,0.078
1867,7,-0.192,0.24,-0.196,0.153,-0.218,0.119,-0.274,0.098,-0.301,0.078
1867,8,-0.269,0.239,-0.222,0.155,-0.221,0.119,-0.27,0.098,-0.298,0.078
1867,9,-0.143,0.221,-0.224,0.152,-0.219,0.117,-0.267,0.097,-0.295,0.078
1867,10,0.018,0.262,-0.223,0.156,-0.218,0.117,-0.265,0.097,-0.292,0.078
1867,11,0.25,0.399,-0.197,0.16,-0.216,0.117,-0.264,0.098,-0.289,0.078
1867,12,-0.162,0.487,-0.191,0.16,-0.213,0.116,-0.261,0.098,-0.289,0.078
1868,1,-0.504,0.354,-0.17,0.156,-0.212,0.115,-0.262,0.097,-0.288,0.078
1868,2,-0.651,0.253,-0.153,0.156,-0.213,0.114,-0.262,0.098,-0.284,0.078
1868,3,-0.31,0.256,-0.163,0.159,-0.213,0.112,-0.261,0.097,-0.28,0.078
1868,4,-0.119,0.276,-0.164,0.166,-0.215,0.111,-0.263,0.097,-0.278,0.077
1868,5,-0.085,0.23,-0.212,0.146,-0.217,0.111,-0.263,0.097,-0.277,0.077
1868,6,-0.123,0.187,-0.211,0.139,-0.219,0.11,-0.262,0.097,-0.275,0.077
1868,7,0.054,0.21,-0.186,0.133,-0.228,0.11,-0.261,0.097,-0.273,0.077
1868,8,-0.062,0.204,-0.129,0.138,-0.232,0.111,-0.259,0.096,-0.271,0.077
1868,9,-0.258,0.209,-0.146,0.139,-0.229,0.11,-0.258,0.095,-0.27,0.077
1868,10,0.001,0.202,-0.158,0.138,-0.221,0.11,-0.256,0.095,-0.269,0.077
1868,11,-0.326,0.247,-0.164,0.134,-0.22,0.109,-0.256,0.094,-0.268,0.078
1868,12,-0.143,0.249,-0.169,0.135,-0.22,0.109,-0.255,0.093,-0.266,0.078
1869,1,-0.212,0.278,-0.193,0.132,-0.224,0.109,-0.253,0.093,-0.265,0.077
1869,2,0.04,0.473,-0.203,0.13,-0.223,0.108,-0.251,0.092,-0.265,0.077
1869,3,-0.517,0.282,-0.188,0.128,-0.225,0.107,-0.253,0.092,-0.264,0.077
1869,4,-0.259,0.241,-0.206,0.125,-0.225,0.107,-0.253,0.091,-0.265,0.077
1869,5,-0.166,0.194,-0.195,0.122,-0.233,0.107,-0.253,0.092,-0.267,0.077
1869,6,-0.18,0.284,-0.218,0.117,-0.241,0.107,-0.255,0.092,-0.267,0.077
1869,7,-0.231,0.205,-0.225,0.119,-0.246,0.105,-0.256,0.092,-0.267,0.077
1869,8,-0.185,0.223,-0.269,0.13,-0.247,0.105,-0.255,0.092,-0.266,0.077
1869,9,-0.083,0.208,-0.254,0.126,-0.248,0.104,-0.252,0.092,-0.265,0.077
1869,10,-0.213,0.201,-0.255,0.13,-0.251,0.102,-0.252,0.091,-0.265,0.077
1869,11,-0.195,0.191,-0.257,0.131,-0.248,0.101,-0.252,0.091,-0.265,0.077
1869,12,-0.412,0.208,-0.25,0.121,-0.249,0.101,-0.251,0.09,-0.267,0.077
1870,1,-0.304,0.254,-0.238,0.114,-0.247,0.099,-0.255,0.09,-0.267,0.077
1870,2,-0.483,0.277,-0.245,0.112,-0.243,0.098,-0.256,0.09,-0.268,0.077
1870,3,-0.34,0.247,-0.255,0.109,-0.244,0.097,-0.256,0.089,-0.266,0.077
1870,4,-0.271,0.21,-0.264,0.113,-0.248,0.097,-0.256,0.089,-0.266,0.077
1870,5,-0.193,0.203,-0.274,0.12,-0.259,0.096,-0.256,0.088,-0.266,0.077
1870,6,-0.087,0.175,-0.288,0.121,-0.264,0.096,-0.256,0.088,-0.267,0.077
1870,7,-0.087,0.184,-0.308,0.124,-0.261,0.093,-0.256,0.088,-0.267,0.077
1870,8,-0.276,0.182,-0.318,0.125,-0.251,0.088,-0.257,0.087,-0.267,0.077
1870,9,-0.199,0.196,-0.311,0.124,-0.251,0.087,-0.257,0.086,-0.267,0.077
1870,10,-0.321,0.183,-0.293,0.12,-0.256,0.087,-0.257,0.086,-0.267,0.077
1870,11,-0.323,0.283,-0.3,0.117,-0.259,0.086,-0.26,0.086,-0.265,0.077
1870,12,-0.569,0.213,-0.311,0.12,-0.261,0.086,-0.26,0.085,-0.263,0.077
1871,1,-0.545,0.276,-0.316,0.121,-0.264,0.084,-0.263,0.084,-0.259,0.077
1871,2,-0.605,0.316,-0.309,0.122,-0.266,0.084,-0.263,0.084,-0.257,0.077
1871,3,-0.259,0.203,-0.325,0.123,-0.268,0.084,-0.261,0.084,-0.255,0.077
1871,4,-0.059,0.191,-0.319,0.124,-0.271,0.083,-0.259,0.084,-0.253,0.076
1871,5,-0.276,0.188,-0.336,0.119,-0.272,0.082,-0.261,0.083,-0.251,0.076
1871,6,-0.215,0.191,-0.321,0.118,-0.273,0.082,-0.261,0.083,-0.251,0.076
1871,7,-0.147,0.198,-0.313,0.115,-0.273,0.081,-0.264,0.083,-0.251,0.076
1871,8,-0.188,0.182,-0.296,0.11,-0.278,0.08,-0.264,0.082,-0.25,0.076
1871,9,-0.395,0.185,-0.304,0.112,-0.28,0.079,-0.265,0.082,-0.25,0.075
1871,10,-0.242,0.189,-0.328,0.112,-0.281,0.079,-0.265,0.081,-0.249,0.075
1871,11,-0.536,0.273,-0.32,0.112,-0.282,0.079,-0.268,0.081,-0.25,0.075
1871,12,-0.388,0.219,-0.323,0.111,-0.284,0.078,-0.274,0.081,-0.249,0.075
1872,1,-0.45,0.322,-0.32,0.107,-0.285,0.078,-0.275,0.08,-0.245,0.075
1872,2,-0.401,0.271,-0.307,0.107,-0.285,0.078,-0.273,0.079,-0.242,0.075
1872,3,-0.347,0.213,-0.29,0.106,-0.286,0.078,-0.27,0.079,-0.24,0.075
1872,4,-0.352,0.215,-0.286,0.106,-0.288,0.078,-0.27,0.078,-0.239,0.075
1872,5,-0.177,0.181,-0.277,0.102,-0.291,0.078,-0.267,0.078,-0.238,0.075
1872,6,-0.256,0.164,-0.285,0.1,-0.29,0.077,-0.266,0.077,-0.239,0.074
1872,7,-0.107,0.182,-0.273,0.097,-0.293,0.077,-0.263,0.076,-0.239,0.074
1872,8,-0.035,0.187,-0.246,0.097,-0.29,0.075,-0.259,0.076,-0.238,0.074
1872,9,-0.187,0.187,-0.239,0.095,-0.292,0.075,-0.256,0.076,-0.236,0.074
1872,10,-0.198,0.181,-0.247,0.095,-0.294,0.075,-0.255,0.076,-0.236,0.074
1872,11,-0.421,0.266,-0.254,0.097,-0.295,0.074,-0.255,0.075,-0.235,0.074
1872,12,-0.486,0.265,-0.25,0.099,-0.298,0.074,-0.254,0.074,-0.234,0.074
1873,1,-0.305,0.253,-0.255,0.099,-0.3,0.074,-0.25,0.073,-0.235,0.074
1873,2,-0.077,0.264,-0.264,0.101,-0.3,0.074,-0.241,0.07,-0.236,0.073
1873,3,-0.263,0.185,-0.279,0.107,-0.301,0.074,-0.234,0.07,-0.235,0.073
1873,4,-0.451,0.215,-0.283,0.106,-0.299,0.074,-0.23,0.069,-0.236,0.073
1873,5,-0.266,0.184,-0.276,0.102,-0.303,0.073,-0.23,0.069,-0.236,0.073
1873,6,-0.201,0.173,-0.254,0.099,-0.302,0.073,-0.228,0.068,-0.235,0.073
1873,7,-0.168,0.175,-0.246,0.098,-0.299,0.071,-0.228,0.068,-0.234,0.073
1873,8,-0.144,0.176,-0.262,0.095,-0.293,0.07,-0.226,0.067,-0.234,0.072
1873,9,-0.372,0.216,-0.292,0.097,-0.293,0.07,-0.224,0.067,-0.234,0.072
1873,10,-0.237,0.172,-0.284,0.095,-0.297,0.07,-0.225,0.067,-0.233,0.072
1873,11,-0.339,0.198,-0.279,0.096,-0.301,0.069,-0.222,0.067,-0.234,0.071
1873,12,-0.224,0.23,-0.289,0.098,-0.303,0.069,-0.222,0.066,-0.234,0.071
1874,1,-0.211,0.249,-0.296,0.1,-0.303,0.069,-0.221,0.066,-0.232,0.071
1874,2,-0.263,0.198,-0.299,0.103,-0.305,0.068,-0.223,0.066,-0.232,0.071
1874,3,-0.624,0.167,-0.281,0.104,-0.305,0.068,-0.219,0.065,-0.232,0.07
1874,4,-0.355,0.183,-0.288,0.104,-0.305,0.068,-0.22,0.065,-0.233,0.07
1874,5,-0.211,0.243,-0.294,0.104,-0.304,0.068,-0.22,0.065,-0.234,0.07
1874,6,-0.314,0.17,-0.302,0.096,-0.307,0.068,-0.22,0.064,-0.236,0.07
1874,7,-0.257,0.196,-0.323,0.097,-0.304,0.068,-0.22,0.064,-0.238,0.07
1874,8,-0.175,0.189,-0.331,0.096,-0.299,0.068,-0.221,0.064,-0.238,0.069
1874,9,-0.167,0.181,-0.316,0.098,-0.292,0.068,-0.223,0.064,-0.238,0.069
1874,10,-0.311,0.178,-0.318,0.097,-0.288,0.068,-0.222,0.064,-0.239,0.069
1874,11,-0.419,0.172,-0.323,0.092,-0.286,0.068,-0.222,0.064,-0.24,0.069
1874,12,-0.312,0.22,-0.319,0.091,-0.283,0.068,-0.223,0.064,-0.24,0.069
1875,1,-0.465,0.215,-0.315,0.089,-0.279,0.068,-0.224,0.064,-0.243,0.069
1875,2,-0.362,0.2,-0.322,0.087,-0.274,0.068,-0.224,0.063,-0.244,0.069
1875,3,-0.445,0.174,-0.331,0.087,-0.268,0.069,-0.223,0.063,-0.243,0.068
1875,4,-0.374,0.185,-0.321,0.088,-0.262,0.069,-0.224,0.063,-0.244,0.068
1875,5,-0.273,0.168,-0.334,0.09,-0.251,0.069,-0.224,0.063,-0.245,0.068
1875,6,-0.269,0.177,-0.346,0.096,-0.245,0.068,-0.226,0.063,-0.246,0.068
1875,7,-0.212,0.182,-0.339,0.097,-0.24,0.069,-0.228,0.063,-0.247,0.068
1875,8,-0.257,0.193,-0.33,0.101,-0.231,0.069,-0.227,0.063,-0.248,0.067
1875,9,-0.277,0.175,-0.317,0.099,-0.217,0.069,-0.228,0.063,-0.249,0.067
1875,10,-0.188,0.172,-0.309,0.097,-0.205,0.07,-0.228,0.063,-0.25,0.067
1875,11,-0.573,0.197,-0.329,0.099,-0.201,0.07,-0.227,0.062,-0.251,0.067
1875,12,-0.46,0.226,-0.334,0.096,-0.196,0.07,-0.224,0.062,-0.249,0.066
1876,1,-0.372,0.227,-0.331,0.095,-0.191,0.07,-0.22,0.062,-0.252,0.066
1876,2,-0.265,0.201,-0.335,0.095,-0.187,0.07,-0.217,0.061,-0.253,0.066
1876,3,-0.286,0.164,-0.341,0.098,-0.181,0.071,-0.215,0.061,-0.253,0.066
1876,4,-0.272,0.164,-0.347,0.098,-0.178,0.071,-0.215,0.061,-0.253,0.066
1876,5,-0.522,0.183,-0.34,0.097,-0.172,0.071,-0.213,0.061,-0.253,0.065
1876,6,-0.329,0.149,-0.35,0.092,-0.17,0.07,-0.214,0.061,-0.254,0.065
1876,7,-0.166,0.19,-0.339,0.092,-0.168,0.07,-0.214,0.061,-0.255,0.065
1876,8,-0.308,0.197,-0.325,0.092,-0.168,0.07,-0.214,0.06,-0.256,0.065
1876,9,-0.35,0.182,-0.296,0.092,-0.159,0.07,-0.213,0.061,-0.257,0.065
1876,10,-0.261,0.169,-0.283,0.092,-0.158,0.07,-0.213,0.06,-0.258,0.065
1876,11,-0.484,0.194,-0.244,0.092,-0.158,0.069,-0.212,0.06,-0.26,0.065
1876,12,-0.579,0.173,-0.221,0.093,-0.156,0.069,-0.21,0.06,-0.262,0.064
1877,1,-0.25,0.214,-0.196,0.093,-0.156,0.068,-0.206,0.06,-0.265,0.064
1877,2,-0.088,0.216,-0.152,0.092,-0.157,0.068,-0.202,0.06,-0.267,0.064
1877,3,0.055,0.155,-0.109,0.092,-0.159,0.069,-0.2,0.06,-0.268,0.063
1877,4,-0.119,0.181,-0.072,0.093,-0.156,0.069,-0.2,0.06,-0.268,0.063
1877,5,-0.045,0.209,-0.013,0.093,-0.153,0.069,-0.201,0.06,-0.269,0.063
1877,6,-0.059,0.154,0.028,0.093,-0.156,0.068,-0.201,0.06,-0.27,0.063
1877,7,0.132,0.186,0.049,0.092,-0.155,0.069,-0.203,0.06,-0.271,0.063
1877,8,0.23,0.201,0.091,0.091,-0.157,0.069,-0.205,0.06,-0.272,0.062
1877,9,0.161,0.183,0.134,0.092,-0.154,0.068,-0.205,0.061,-0.273,0.062
1877,10,0.189,0.177,0.17,0.091,-0.154,0.068,-0.206,0.061,-0.275,0.062
1877,11,0.212,0.184,0.169,0.091,-0.153,0.068,-0.206,0.06,-0.278,0.062
1877,12,-0.081,0.197,0.184,0.092,-0.154,0.069,-0.207,0.06,-0.279,0.062
1878,1,-0.004,0.208,0.184,0.091,-0.155,0.069,-0.208,0.06,-0.278,0.061
1878,2,0.42,0.204,0.172,0.094,-0.154,0.069,-0.211,0.06,-0.277,0.059
1878,3,0.576,0.162,0.157,0.094,-0.155,0.069,-0.209,0.06,-0.278,0.059
1878,4,0.31,0.175,0.138,0.095,-0.157,0.069,-0.208,0.06,-0.279,0.058
1878,5,-0.053,0.173,0.122,0.096,-0.151,0.069,-0.208,0.06,-0.28,0.058
1878,6,0.114,0.162,0.119,0.096,-0.147,0.068,-0.207,0.06,-0.281,0.058
1878,7,0.135,0.172,0.11,0.094,-0.142,0.067,-0.208,0.06,-0.282,0.058
1878,8,0.082,0.197,0.056,0.092,-0.141,0.067,-0.21,0.06,-0.283,0.058
1878,9,-0.011,0.162,0.002,0.09,-0.137,0.067,-0.21,0.06,-0.283,0.058
1878,10,-0.046,0.168,-0.048,0.089,-0.133,0.068,-0.21,0.06,-0.284,0.058
1878,11,0.024,0.181,-0.065,0.088,-0.125,0.068,-0.212,0.06,-0.283,0.057
1878,12,-0.118,0.182,-0.092,0.088,-0.125,0.068,-0.212,0.06,-0.283,0.057
1879,1,-0.117,0.198,-0.121,0.089,-0.125,0.068,-0.212,0.06,-0.282,0.057
1879,2,-0.224,0.178,-0.148,0.09,-0.122,0.068,-0.212,0.06,-0.282,0.057
1879,3,-0.072,0.179,-0.173,0.09,-0.122,0.068,-0.211,0.06,-0.279,0.057
1879,4,-0.295,0.169,-0.177,0.09,-0.121,0.068,-0.212,0.059,-0.278,0.057
1879,5,-0.256,0.164,-0.202,0.086,-0.12,0.067,-0.215,0.059,-0.278,0.056
1879,6,-0.2,0.166,-0.233,0.086,-0.114,0.067,-0.217,0.059,-0.278,0.056
1879,7,-0.218,0.172,-0.256,0.086,-0.108,0.067,-0.22,0.059,-0.278,0.056
1879,8,-0.246,0.189,-0.278,0.085,-0.106,0.067,-0.222,0.059,-0.278,0.056
1879,9,-0.308,0.174,-0.295,0.086,-0.109,0.066,-0.225,0.059,-0.279,0.056
1879,10,-0.09,0.177,-0.299,0.087,-0.112,0.066,-0.226,0.059,-0.28,0.056
1879,11,-0.285,0.179,-0.296,0.09,-0.115,0.066,-0.228,0.058,-0.281,0.056
1879,12,-0.487,0.19,-0.305,0.094,-0.12,0.066,-0.229,0.058,-0.281,0.056
1880,1,-0.386,0.22,-0.31,0.095,-0.128,0.066,-0.231,0.058,-0.281,0.056
1880,2,-0.497,0.18,-0.305,0.097,-0.135,0.066,-0.232,0.058,-0.281,0.056
1880,3,-0.272,0.184,-0.311,0.098,-0.141,0.066,-0.231,0.058,-0.282,0.055
1880,4,-0.338,0.197,-0.329,0.102,-0.15,0.065,-0.232,0.058,-0.282,0.055
1880,5,-0.225,0.189,-0.32,0.102,-0.161,0.065,-0.235,0.058,-0.284,0.055
1880,6,-0.311,0.171,-0.299,0.1,-0.169,0.064,-0.237,0.058,-0.285,0.055
1880,7,-0.27,0.188,-0.274,0.103,-0.176,0.064,-0.238,0.058,-0.287,0.055
1880,8,-0.19,0.2,-0.248,0.103,-0.19,0.064,-0.24,0.058,-0.288,0.055
1880,9,-0.377,0.165,-0.23,0.102,-0.201,0.064,-0.241,0.058,-0.289,0.055
1880,10,-0.313,0.184,-0.203,0.1,-0.212,0.064,-0.242,0.058,-0.289,0.055
1880,11,-0.179,0.178,-0.189,0.098,-0.215,0.064,-0.241,0.058,-0.29,0.055
1880,12,-0.232,0.18,-0.192,0.095,-0.219,0.064,-0.238,0.057,-0.289,0.054
1881,1,-0.083,0.251,-0.182,0.095,-0.226,0.064,-0.241,0.057,-0.289,0.054
1881,2,-0.185,0.187,-0.178,0.092,-0.233,0.064,-0.244,0.057,-0.289,0.054
1881,3,-0.063,0.176,-0.172,0.091,-0.239,0.064,-0.246,0.057,-0.289,0.054
1881,4,-0.005,0.175,-0.167,0.089,-0.243,0.064,-0.247,0.057,-0.29,0.054
1881,5,-0.066,0.167,-0.185,0.088,-0.252,0.064,-0.245,0.057,-0.29,0.054
1881,6,-0.347,0.159,-0.183,0.087,-0.254,0.064,-0.246,0.057,-0.291,0.054
1881,7,-0.151,0.182,-0.168,0.085,-0.256,0.064,-0.247,0.057,-0.291,0.054
1881,8,-0.139,0.178,-0.152,0.084,-0.256,0.063,-0.248,0.057,-0.292,0.054
1881,9,-0.308,0.165,-0.155,0.084,-0.263,0.063,-0.249,0.057,-0.291,0.054
1881,10,-0.251,0.156,-0.179,0.085,-0.267,0.063,-0.251,0.057,-0.292,0.054
1881,11,-0.387,0.2,-0.195,0.085,-0.272,0.064,-0.252,0.057,-0.292,0.054
1881,12,-0.213,0.171,-0.195,0.087,-0.278,0.064,-0.25,0.056,-0.29,0.054
1882,1,0.093,0.194,-0.212,0.087,-0.283,0.064,-0.256,0.056,-0.29,0.054
1882,2,0.014,0.185,-0.217,0.087,-0.287,0.064,-0.261,0.056,-0.289,0.054
1882,3,-0.106,0.155,-0.208,0.088,-0.291,0.064,-0.265,0.056,-0.289,0.054
1882,4,-0.282,0.146,-0.217,0.087,-0.297,0.064,-0.267,0.056,-0.29,0.054
1882,5,-0.257,0.168,-0.221,0.087,-0.302,0.064,-0.271,0.056,-0.291,0.054
1882,6,-0.349,0.16,-0.251,0.088,-0.302,0.064,-0.274,0.056,-0.291,0.054
1882,7,-0.356,0.162,-0.292,0.089,-0.307,0.064,-0.278,0.057,-0.292,0.054
1882,8,-0.201,0.173,-0.329,0.088,-0.306,0.064,-0.285,0.057,-0.294,0.054
1882,9,-0.203,0.156,-0.328,0.085,-0.308,0.064,-0.29,0.056,-0.295,0.054
1882,10,-0.352,0.142,-0.331,0.084,-0.311,0.064,-0.295,0.056,-0.295,0.054
1882,11,-0.444,0.172,-0.329,0.082,-0.316,0.063,-0.3,0.056,-0.296,0.054
1882,12,-0.567,0.153,-0.31,0.082,-0.321,0.063,-0.303,0.056,-0.297,0.054
1883,1,-0.399,0.176,-0.303,0.081,-0.322,0.063,-0.306,0.056,-0.299,0.054
1883,2,-0.427,0.183,-0.316,0.081,-0.326,0.063,-0.313,0.056,-0.301,0.054
1883,3,-0.092,0.136,-0.33,0.081,-0.327,0.063,-0.322,0.056,-0.301,0.054
1883,4,-0.319,0.148,-0.324,0.081,-0.327,0.063,-0.328,0.056,-0.301,0.054
1883,5,-0.234,0.159,-0.329,0.08,-0.331,0.062,-0.33,0.056,-0.301,0.054
1883,6,-0.13,0.149,-0.304,0.082,-0.33,0.062,-0.334,0.056,-0.302,0.054
1883,7,-0.272,0.187,-0.291,0.082,-0.339,0.062,-0.337,0.056,-0.302,0.054
1883,8,-0.35,0.171,-0.272,0.081,-0.346,0.062,-0.34,0.056,-0.302,0.054
1883,9,-0.368,0.148,-0.305,0.081,-0.354,0.062,-0.342,0.056,-0.302,0.054
1883,10,-0.285,0.154,-0.324,0.081,-0.361,0.063,-0.343,0.056,-0.302,0.054
1883,11,-0.504,0.152,-0.353,0.082,-0.365,0.063,-0.344,0.056,-0.302,0.054
1883,12,-0.274,0.17,-0.386,0.081,-0.367,0.063,-0.344,0.057,-0.303,0.054
1884,1,-0.241,0.171,-0.409,0.08,-0.369,0.063,-0.344,0.057,-0.304,0.054
1884,2,-0.193,0.167,-0.419,0.08,-0.374,0.063,-0.34,0.056,-0.305,0.054
1884,3,-0.495,0.144,-0.433,0.08,-0.377,0.064,-0.339,0.056,-0.304,0.054
1884,4,-0.549,0.137,-0.449,0.079,-0.381,0.064,-0.336,0.056,-0.304,0.054
1884,5,-0.58,0.152,-0.457,0.078,-0.383,0.063,-0.336,0.057,-0.305,0.054
1884,6,-0.52,0.14,-0.472,0.078,-0.386,0.063,-0.336,0.057,-0.306,0.054
1884,7,-0.551,0.162,-0.508,0.079,-0.403,0.063,-0.335,0.057,-0.306,0.054
1884,8,-0.471,0.174,-0.531,0.081,-0.415,0.062,-0.335,0.057,-0.306,0.054
1884,9,-0.531,0.168,-0.52,0.081,-0.421,0.062,-0.336,0.057,-0.307,0.054
1884,10,-0.475,0.143,-0.518,0.082,-0.423,0.062,-0.338,0.057,-0.306,0.054
1884,11,-0.606,0.162,-0.514,0.083,-0.426,0.062,-0.339,0.057,-0.306,0.054
1884,12,-0.446,0.184,-0.519,0.085,-0.429,0.062,-0.338,0.057,-0.307,0.054
1885,1,-0.673,0.185,-0.503,0.087,-0.429,0.062,-0.339,0.057,-0.307,0.054
1885,2,-0.471,0.159,-0.5,0.087,-0.434,0.062,-0.338,0.057,-0.307,0.054
1885,3,-0.371,0.14,-0.492,0.088,-0.438,0.062,-0.34,0.057,-0.307,0.055
1885,4,-0.518,0.154,-0.48,0.088,-0.439,0.061,-0.341,0.057,-0.307,0.055
1885,5,-0.541,0.185,-0.463,0.088,-0.439,0.061,-0.343,0.057,-0.307,0.055
1885,6,-0.578,0.179,-0.44,0.088,-0.436,0.061,-0.345,0.057,-0.307,0.055
1885,7,-0.354,0.182,-0.436,0.087,-0.435,0.061,-0.346,0.057,-0.307,0.055
1885,8,-0.435,0.172,-0.449,0.085,-0.437,0.061,-0.348,0.057,-0.307,0.055
1885,9,-0.432,0.162,-0.463,0.085,-0.443,0.062,-0.349,0.057,-0.307,0.055
1885,10,-0.33,0.172,-0.453,0.084,-0.444,0.061,-0.349,0.057,-0.307,0.055
1885,11,-0.406,0.158,-0.434,0.081,-0.445,0.062,-0.353,0.056,-0.306,0.055
1885,12,-0.168,0.147,-0.425,0.078,-0.449,0.061,-0.354,0.056,-0.305,0.055
1886,1,-0.628,0.164,-0.419,0.078,-0.448,0.062,-0.358,0.057,-0.304,0.055
1886,2,-0.627,0.146,-0.419,0.079,-0.447,0.061,-0.361,0.057,-0.304,0.055
1886,3,-0.535,0.122,-0.423,0.081,-0.446,0.061,-0.362,0.057,-0.305,0.055
1886,4,-0.398,0.144,-0.434,0.082,-0.442,0.061,-0.365,0.057,-0.306,0.055
1886,5,-0.322,0.15,-0.447,0.082,-0.437,0.061,-0.367,0.057,-0.305,0.055
1886,6,-0.468,0.128,-0.464,0.083,-0.434,0.061,-0.367,0.057,-0.304,0.055
1886,7,-0.276,0.164,-0.49,0.083,-0.432,0.061,-0.369,0.057,-0.304,0.055
1886,8,-0.434,0.182,-0.496,0.08,-0.425,0.062,-0.37,0.057,-0.303,0.055
1886,9,-0.488,0.174,-0.491,0.081,-0.416,0.062,-0.37,0.057,-0.302,0.055
1886,10,-0.458,0.143,-0.489,0.081,-0.406,0.062,-0.37,0.057,-0.301,0.055
1886,11,-0.563,0.155,-0.501,0.083,-0.399,0.062,-0.371,0.057,-0.301,0.055
1886,12,-0.376,0.157,-0.503,0.085,-0.393,0.061,-0.37,0.057,-0.299,0.055
1887,1,-0.938,0.16,-0.509,0.084,-0.387,0.061,-0.374,0.057,-0.298,0.056
1887,2,-0.701,0.137,-0.519,0.082,-0.384,0.061,-0.375,0.057,-0.299,0.056
1887,3,-0.471,0.139,-0.511,0.08,-0.381,0.061,-0.378,0.057,-0.301,0.056
1887,4,-0.378,0.137,-0.509,0.079,-0.378,0.061,-0.38,0.057,-0.301,0.056
1887,5,-0.464,0.159,-0.497,0.078,-0.376,0.061,-0.381,0.056,-0.3,0.056
1887,6,-0.492,0.143,-0.501,0.077,-0.374,0.061,-0.38,0.056,-0.301,0.056
1887,7,-0.351,0.171,-0.451,0.078,-0.371,0.061,-0.381,0.057,-0.302,0.056
1887,8,-0.545,0.179,-0.436,0.078,-0.37,0.06,-0.383,0.057,-0.304,0.056
1887,9,-0.398,0.148,-0.434,0.079,-0.373,0.06,-0.385,0.057,-0.306,0.056
1887,10,-0.429,0.14,-0.433,0.078,-0.371,0.06,-0.384,0.057,-0.307,0.056
1887,11,-0.419,0.156,-0.424,0.077,-0.371,0.06,-0.387,0.056,-0.31,0.056
1887,12,-0.423,0.146,-0.41,0.076,-0.369,0.06,-0.386,0.057,-0.311,0.056
1888,1,-0.346,0.17,-0.401,0.076,-0.37,0.059,-0.39,0.057,-0.311,0.056
1888,2,-0.513,0.137,-0.378,0.075,-0.371,0.06,-0.392,0.057,-0.315,0.056
1888,3,-0.446,0.123,-0.369,0.076,-0.371,0.06,-0.393,0.057,-0.32,0.057
1888,4,-0.376,0.149,-0.341,0.076,-0.371,0.06,-0.394,0.057,-0.323,0.057
1888,5,-0.351,0.168,-0.32,0.077,-0.375,0.06,-0.395,0.057,-0.325,0.057
1888,6,-0.321,0.149,-0.294,0.077,-0.379,0.06,-0.396,0.057,-0.326,0.057
1888,7,-0.243,0.161,-0.275,0.077,-0.376,0.06,-0.395,0.057,-0.328,0.057
1888,8,-0.27,0.169,-0.214,0.078,-0.376,0.06,-0.395,0.057,-0.33,0.057
1888,9,-0.294,0.151,-0.173,0.077,-0.37,0.06,-0.395,0.057,-0.332,0.057
1888,10,-0.092,0.141,-0.137,0.076,-0.37,0.06,-0.394,0.057,-0.333,0.057
1888,11,-0.164,0.156,-0.12,0.075,-0.369,0.06,-0.393,0.057,-0.336,0.057
1888,12,-0.116,0.153,-0.11,0.075,-0.367,0.06,-0.394,0.057,-0.337,0.057
1889,1,-0.121,0.168,-0.103,0.076,-0.368,0.06,-0.396,0.057,-0.338,0.058
1889,2,0.223,0.143,-0.105,0.077,-0.366,0.06,-0.398,0.057,-0.339,0.058
1889,3,0.046,0.13,-0.11,0.078,-0.362,0.06,-0.396,0.058,-0.34,0.058
1889,4,0.062,0.137,-0.127,0.078,-0.36,0.06,-0.396,0.058,-0.34,0.058
1889,5,-0.153,0.147,-0.155,0.079,-0.359,0.06,-0.395,0.058,-0.34,0.058
1889,6,-0.196,0.132,-0.173,0.079,-0.355,0.06,-0.394,0.058,-0.34,0.058
1889,7,-0.161,0.166,-0.2,0.077,-0.344,0.061,-0.392,0.058,-0.341,0.058
1889,8,-0.289,0.171,-0.254,0.077,-0.335,0.061,-0.39,0.058,-0.34,0.058
1889,9,-0.353,0.153,-0.304,0.076,-0.334,0.061,-0.389,0.058,-0.34,0.058
1889,10,-0.301,0.136,-0.344,0.076,-0.336,0.061,-0.387,0.058,-0.34,0.058
1889,11,-0.495,0.138,-0.373,0.075,-0.335,0.061,-0.385,0.058,-0.338,0.058
1889,12,-0.333,0.134,-0.397,0.075,-0.332,0.061,-0.384,0.058,-0.338,0.059
1890,1,-0.447,0.138,-0.42,0.075,-0.333,0.061,-0.382,0.058,-0.338,0.059
1890,2,-0.427,0.143,-0.435,0.075,-0.332,0.062,-0.382,0.059,-0.336,0.059
1890,3,-0.56,0.138,-0.444,0.075,-0.332,0.062,-0.383,0.059,-0.334,0.059
1890,4,-0.418,0.135,-0.443,0.076,-0.329,0.062,-0.381,0.059,-0.334,0.059
1890,5,-0.5,0.147,-0.458,0.077,-0.335,0.062,-0.379,0.059,-0.333,0.059
1890,6,-0.477,0.13,-0.462,0.078,-0.336,0.063,-0.377,0.059,-0.332,0.059
1890,7,-0.439,0.165,-0.465,0.078,-0.345,0.063,-0.375,0.059,-0.332,0.059
1890,8,-0.474,0.168,-0.478,0.079,-0.347,0.063,-0.374,0.06,-0.332,0.059
1890,9,-0.461,0.146,-0.45,0.079,-0.344,0.063,-0.373,0.06,-0.331,0.06
1890,10,-0.29,0.136,-0.445,0.08,-0.344,0.063,-0.373,0.06,-0.33,0.06
1890,11,-0.672,0.149,-0.426,0.081,-0.344,0.064,-0.371,0.06,-0.33,0.06
1890,12,-0.373,0.163,-0.416,0.081,-0.344,0.064,-0.371,0.06,-0.329,0.06
1891,1,-0.482,0.169,-0.408,0.082,-0.343,0.064,-0.368,0.06,-0.33,0.06
1891,2,-0.589,0.167,-0.393,0.083,-0.343,0.064,-0.365,0.06,-0.33,0.06
1891,3,-0.221,0.141,-0.377,0.083,-0.344,0.064,-0.365,0.06,-0.33,0.06
1891,4,-0.365,0.14,-0.381,0.083,-0.346,0.065,-0.365,0.061,-0.33,0.06
1891,5,-0.264,0.147,-0.367,0.083,-0.348,0.065,-0.365,0.061,-0.33,0.06
1891,6,-0.363,0.136,-0.345,0.083,-0.353,0.065,-0.362,0.061,-0.33,0.06
1891,7,-0.337,0.163,-0.328,0.083,-0.36,0.065,-0.361,0.061,-0.33,0.06
1891,8,-0.296,0.168,-0.293,0.083,-0.371,0.065,-0.358,0.061,-0.331,0.061
1891,9,-0.27,0.144,-0.311,0.084,-0.377,0.065,-0.355,0.061,-0.331,0.061
1891,10,-0.34,0.147,-0.321,0.083,-0.386,0.065,-0.352,0.061,-0.331,0.061
1891,11,-0.507,0.145,-0.332,0.083,-0.39,0.065,-0.35,0.062,-0.331,0.061
1891,12,-0.106,0.133,-0.326,0.083,-0.395,0.065,-0.348,0.062,-0.331,0.061
1892,1,-0.275,0.155,-0.336,0.083,-0.397,0.065,-0.341,0.062,-0.332,0.061
1892,2,-0.175,0.137,-0.348,0.083,-0.396,0.065,-0.338,0.062,-0.333,0.061
1892,3,-0.437,0.14,-0.359,0.083,-0.396,0.065,-0.337,0.063,-0.334,0.061
1892,4,-0.486,0.138,-0.353,0.081,-0.395,0.065,-0.334,0.063,-0.334,0.061
1892,5,-0.398,0.151,-0.373,0.081,-0.394,0.066,-0.33,0.063,-0.335,0.061
1892,6,-0.285,0.147,-0.406,0.082,-0.394,0.066,-0.327,0.063,-0.335,0.061
1892,7,-0.459,0.165,-0.458,0.081,-0.394,0.066,-0.326,0.063,-0.335,0.061
1892,8,-0.44,0.17,-0.494,0.081,-0.395,0.066,-0.323,0.063,-0.335,0.061
1892,9,-0.399,0.145,-0.482,0.081,-0.393,0.066,-0.322,0.063,-0.336,0.061
1892,10,-0.264,0.135,-0.471,0.08,-0.39,0.067,-0.32,0.063,-0.336,0.061
1892,11,-0.754,0.136,-0.47,0.08,-0.387,0.067,-0.32,0.063,-0.337,0.061
1892,12,-0.5,0.151,-0.471,0.081,-0.384,0.068,-0.318,0.064,-0.337,0.061
1893,1,-0.894,0.142,-0.447,0.081,-0.38,0.068,-0.317,0.064,-0.336,0.061
1893,2,-0.617,0.124,-0.432,0.081,-0.378,0.068,-0.317,0.064,-0.335,0.061
1893,3,-0.288,0.112,-0.428,0.081,-0.375,0.068,-0.318,0.064,-0.336,0.062
1893,4,-0.352,0.129,-0.425,0.081,-0.374,0.068,-0.319,0.065,-0.337,0.062
1893,5,-0.383,0.145,-0.389,0.081,-0.367,0.068,-0.319,0.065,-0.338,0.062
1893,6,-0.298,0.153,-0.381,0.078,-0.364,0.068,-0.318,0.065,-0.34,0.062
1893,7,-0.17,0.163,-0.351,0.079,-0.36,0.068,-0.319,0.065,-0.341,0.062
1893,8,-0.268,0.166,-0.334,0.08,-0.355,0.068,-0.32,0.065,-0.341,0.062
1893,9,-0.349,0.146,-0.336,0.081,-0.359,0.068,-0.321,0.065,-0.343,0.062
1893,10,-0.22,0.131,-0.35,0.081,-0.361,0.069,-0.324,0.065,-0.344,0.062
1893,11,-0.33,0.124,-0.351,0.081,-0.361,0.069,-0.328,0.066,-0.344,0.062
1893,12,-0.401,0.125,-0.364,0.08,-0.357,0.069,-0.33,0.066,-0.345,0.062
1894,1,-0.533,0.139,-0.373,0.081,-0.353,0.069,-0.331,0.066,-0.347,0.062
1894,2,-0.414,0.135,-0.374,0.081,-0.35,0.069,-0.337,0.066,-0.349,0.063
1894,3,-0.317,0.127,-0.373,0.081,-0.349,0.069,-0.341,0.066,-0.349,0.063
1894,4,-0.516,0.134,-0.374,0.081,-0.344,0.069,-0.343,0.066,-0.349,0.063
1894,5,-0.394,0.143,-0.381,0.082,-0.34,0.069,-0.344,0.066,-0.349,0.063
1894,6,-0.452,0.148,-0.375,0.082,-0.34,0.069,-0.345,0.066,-0.349,0.063
1894,7,-0.277,0.169,-0.37,0.082,-0.339,0.069,-0.346,0.066,-0.349,0.063
1894,8,-0.281,0.167,-0.374,0.082,-0.341,0.069,-0.345,0.066,-0.349,0.063
1894,9,-0.346,0.142,-0.383,0.083,-0.339,0.07,-0.343,0.066,-0.349,0.063
1894,10,-0.222,0.129,-0.364,0.084,-0.332,0.07,-0.342,0.066,-0.35,0.063
1894,11,-0.418,0.132,-0.358,0.085,-0.325,0.07,-0.338,0.066,-0.348,0.063
1894,12,-0.328,0.131,-0.344,0.085,-0.323,0.07,-0.337,0.067,-0.348,0.063
1895,1,-0.476,0.145,-0.339,0.086,-0.319,0.07,-0.337,0.067,-0.347,0.063
1895,2,-0.462,0.129,-0.341,0.087,-0.315,0.071,-0.334,0.067,-0.347,0.063
1895,3,-0.429,0.127,-0.34,0.087,-0.313,0.07,-0.329,0.067,-0.347,0.063
1895,4,-0.284,0.138,-0.341,0.088,-0.312,0.071,-0.326,0.068,-0.346,0.064
1895,5,-0.324,0.154,-0.324,0.089,-0.305,0.071,-0.323,0.068,-0.345,0.064
1895,6,-0.278,0.141,-0.314,0.089,-0.301,0.071,-0.32,0.068,-0.344,0.064
1895,7,-0.219,0.173,-0.294,0.087,-0.289,0.071,-0.318,0.068,-0.344,0.064
1895,8,-0.3,0.169,-0.278,0.086,-0.287,0.072,-0.315,0.068,-0.344,0.064
1895,9,-0.333,0.144,-0.28,0.085,-0.293,0.072,-0.313,0.068,-0.344,0.064
1895,10,-0.236,0.13,-0.298,0.084,-0.293,0.072,-0.31,0.069,-0.344,0.064
1895,11,-0.221,0.133,-0.293,0.084,-0.294,0.072,-0.306,0.069,-0.343,0.064
1895,12,-0.21,0.128,-0.281,0.083,-0.292,0.072,-0.304,0.069,-0.343,0.064
1896,1,-0.231,0.141,-0.271,0.083,-0.296,0.072,-0.303,0.069,-0.342,0.064
1896,2,-0.27,0.128,-0.255,0.084,-0.297,0.072,-0.299,0.069,-0.341,0.064
1896,3,-0.459,0.119,-0.243,0.085,-0.298,0.073,-0.297,0.07,-0.339,0.065
1896,4,-0.491,0.137,-0.227,0.085,-0.303,0.073,-0.295,0.07,-0.337,0.065
1896,5,-0.27,0.149,-0.233,0.086,-0.307,0.073,-0.294,0.07,-0.337,0.065
1896,6,-0.129,0.138,-0.225,0.087,-0.307,0.073,-0.293,0.07,-0.337,0.065
1896,7,-0.099,0.163,-0.222,0.088,-0.302,0.074,-0.292,0.07,-0.337,0.065
1896,8,-0.115,0.169,-0.224,0.088,-0.303,0.073,-0.291,0.07,-0.336,0.065
1896,9,-0.188,0.151,-0.211,0.088,-0.305,0.074,-0.292,0.07,-0.336,0.065
1896,10,-0.041,0.127,-0.175,0.087,-0.3,0.074,-0.291,0.07,-0.334,0.065
1896,11,-0.293,0.133,-0.153,0.087,-0.297,0.074,-0.29,0.07,-0.334,0.065
1896,12,-0.117,0.135,-0.156,0.087,-0.296,0.074,-0.291,0.07,-0.333,0.065
1897,1,-0.19,0.168,-0.164,0.087,-0.296,0.074,-0.291,0.07,-0.331,0.066
1897,2,-0.293,0.119,-0.173,0.087,-0.294,0.074,-0.29,0.07,-0.33,0.066
1897,3,-0.301,0.125,-0.178,0.087,-0.29,0.074,-0.29,0.07,-0.329,0.066
1897,4,-0.064,0.129,-0.192,0.088,-0.288,0.074,-0.289,0.07,-0.329,0.066
1897,5,-0.006,0.143,-0.197,0.09,-0.281,0.074,-0.289,0.07,-0.33,0.066
1897,6,-0.168,0.142,-0.21,0.089,-0.281,0.075,-0.289,0.07,-0.33,0.066
1897,7,-0.195,0.175,-0.208,0.089,-0.28,0.075,-0.288,0.07,-0.33,0.066
1897,8,-0.214,0.172,-0.225,0.089,-0.272,0.075,-0.288,0.07,-0.329,0.066
1897,9,-0.258,0.152,-0.252,0.09,-0.265,0.075,-0.287,0.07,-0.33,0.066
1897,10,-0.209,0.148,-0.28,0.09,-0.262,0.075,-0.289,0.07,-0.329,0.066
1897,11,-0.344,0.137,-0.313,0.088,-0.258,0.075,-0.287,0.07,-0.329,0.067
1897,12,-0.272,0.124,-0.318,0.086,-0.256,0.075,-0.288,0.07,-0.33,0.067
1898,1,-0.17,0.17,-0.331,0.087,-0.255,0.075,-0.283,0.071,-0.33,0.067
1898,2,-0.498,0.123,-0.344,0.087,-0.253,0.075,-0.279,0.071,-0.329,0.067
1898,3,-0.625,0.127,-0.357,0.089,-0.25,0.075,-0.279,0.071,-0.33,0.067
1898,4,-0.403,0.136,-0.381,0.09,-0.246,0.076,-0.28,0.071,-0.33,0.067
1898,5,-0.399,0.156,-0.4,0.091,-0.246,0.076,-0.281,0.071,-0.33,0.067
1898,6,-0.228,0.15,-0.412,0.092,-0.245,0.076,-0.283,0.071,-0.33,0.067
1898,7,-0.351,0.168,-0.417,0.093,-0.246,0.076,-0.286,0.071,-0.33,0.067
1898,8,-0.374,0.165,-0.417,0.093,-0.243,0.077,-0.288,0.071,-0.331,0.067
1898,9,-0.411,0.154,-0.401,0.094,-0.236,0.077,-0.291,0.071,-0.332,0.067
1898,10,-0.493,0.139,-0.385,0.096,-0.228,0.077,-0.293,0.072,-0.333,0.067
1898,11,-0.57,0.147,-0.369,0.095,-0.227,0.077,-0.296,0.072,-0.335,0.067
1898,12,-0.42,0.136,-0.381,0.092,-0.228,0.077,-0.297,0.072,-0.337,0.067
1899,1,-0.229,0.147,-0.375,0.092,-0.231,0.077,-0.298,0.072,-0.34,0.067
1899,2,-0.494,0.127,-0.358,0.092,-0.233,0.076,-0.3,0.072,-0.343,0.067
1899,3,-0.434,0.131,-0.334,0.091,-0.234,0.076,-0.302,0.072,-0.346,0.067
1899,4,-0.213,0.145,-0.3,0.09,-0.239,0.076,-0.302,0.072,-0.348,0.067
1899,5,-0.21,0.143,-0.253,0.089,-0.239,0.076,-0.303,0.072,-0.35,0.067
1899,6,-0.37,0.138,-0.242,0.09,-0.242,0.076,-0.304,0.072,-0.351,0.067
1899,7,-0.279,0.163,-0.258,0.09,-0.244,0.075,-0.306,0.072,-0.353,0.067
1899,8,-0.175,0.169,-0.218,0.093,-0.24,0.076,-0.308,0.072,-0.353,0.067
1899,9,-0.122,0.142,-0.179,0.092,-0.242,0.076,-0.31,0.072,-0.353,0.067
1899,10,-0.089,0.128,-0.172,0.091,-0.246,0.076,-0.313,0.073,-0.354,0.067
1899,11,0.001,0.137,-0.16,0.091,-0.252,0.076,-0.312,0.073,-0.354,0.067
1899,12,-0.288,0.148,-0.142,0.089,-0.256,0.075,-0.312,0.073,-0.354,0.067
1900,1,-0.419,0.142,-0.134,0.089,-0.258,0.075,-0.311,0.073,-0.354,0.067
1900,2,-0.019,0.152,-0.135,0.09,-0.26,0.076,-0.312,0.073,-0.354,0.067
1900,3,0.031,0.12,-0.137,0.092,-0.262,0.076,-0.311,0.073,-0.354,0.067
1900,4,-0.121,0.131,-0.127,0.094,-0.266,0.076,-0.312,0.073,-0.354,0.067
1900,5,-0.072,0.142,-0.147,0.094,-0.27,0.076,-0.312,0.073,-0.354,0.067
1900,6,-0.15,0.143,-0.135,0.093,-0.274,0.076,-0.312,0.073,-0.354,0.067
1900,7,-0.188,0.166,-0.124,0.092,-0.276,0.076,-0.314,0.073,-0.353,0.067
1900,8,-0.181,0.17,-0.131,0.091,-0.271,0.076,-0.314,0.073,-0.353,0.067
1900,9,-0.147,0.149,-0.136,0.091,-0.265,0.076,-0.314,0.073,-0.353,0.067
1900,10,0.029,0.136,-0.13,0.09,-0.267,0.076,-0.314,0.073,-0.354,0.067
1900,11,-0.234,0.141,-0.138,0.09,-0.268,0.076,-0.314,0.073,-0.353,0.067
1900,12,-0.144,0.126,-0.145,0.09,-0.274,0.076,-0.315,0.073,-0.355,0.067
1901,1,-0.294,0.13,-0.152,0.088,-0.276,0.076,-0.316,0.073,-0.356,0.067
1901,2,-0.104,0.134,-0.154,0.088,-0.279,0.076,-0.316,0.073,-0.356,0.067
1901,3,-0.029,0.116,-0.166,0.087,-0.283,0.076,-0.313,0.073,-0.358,0.067
1901,4,-0.042,0.129,-0.193,0.086,-0.284,0.076,-0.31,0.074,-0.358,0.067
1901,5,-0.168,0.14,-0.201,0.085,-0.284,0.076,-0.31,0.074,-0.359,0.067
1901,6,-0.233,0.14,-0.211,0.084,-0.286,0.076,-0.311,0.074,-0.36,0.067
1901,7,-0.274,0.161,-0.212,0.083,-0.294,0.076,-0.313,0.074,-0.361,0.067
1901,8,-0.204,0.166,-0.21,0.082,-0.297,0.076,-0.314,0.074,-0.361,0.067
1901,9,-0.295,0.14,-0.24,0.082,-0.298,0.076,-0.316,0.074,-0.362,0.067
1901,10,-0.3,0.134,-0.264,0.083,-0.303,0.076,-0.317,0.074,-0.362,0.067
1901,11,-0.322,0.125,-0.282,0.083,-0.309,0.076,-0.318,0.074,-0.361,0.066
1901,12,-0.273,0.126,-0.292,0.083,-0.312,0.076,-0.318,0.074,-0.362,0.066
1902,1,-0.297,0.119,-0.297,0.083,-0.316,0.076,-0.32,0.074,-0.362,0.066
1902,2,-0.08,0.119,-0.31,0.083,-0.322,0.076,-0.323,0.074,-0.362,0.066
1902,3,-0.393,0.112,-0.317,0.084,-0.33,0.076,-0.322,0.074,-0.362,0.066
1902,4,-0.329,0.134,-0.329,0.084,-0.337,0.076,-0.325,0.074,-0.36,0.066
1902,5,-0.388,0.142,-0.35,0.085,-0.342,0.076,-0.329,0.074,-0.36,0.066
1902,6,-0.356,0.129,-0.372,0.086,-0.343,0.076,-0.332,0.074,-0.36,0.066
1902,7,-0.324,0.165,-0.37,0.087,-0.342,0.075,-0.334,0.074,-0.36,0.066
1902,8,-0.363,0.164,-0.377,0.087,-0.352,0.075,-0.336,0.074,-0.36,0.066
1902,9,-0.384,0.149,-0.37,0.087,-0.358,0.075,-0.337,0.074,-0.362,0.066
1902,10,-0.434,0.126,-0.384,0.087,-0.362,0.075,-0.337,0.074,-0.363,0.066
1902,11,-0.583,0.122,-0.391,0.089,-0.366,0.076,-0.339,0.074,-0.362,0.066
1902,12,-0.532,0.133,-0.408,0.09,-0.369,0.076,-0.341,0.074,-0.362,0.066
1903,1,-0.274,0.143,-0.421,0.09,-0.372,0.076,-0.343,0.074,-0.361,0.066
1903,2,-0.166,0.123,-0.439,0.09,-0.374,0.076,-0.341,0.074,-0.36,0.066
1903,3,-0.303,0.125,-0.459,0.092,-0.378,0.076,-0.341,0.074,-0.361,0.066
1903,4,-0.5,0.137,-0.471,0.092,-0.383,0.076,-0.341,0.074,-0.361,0.065
1903,5,-0.469,0.146,-0.47,0.092,-0.383,0.076,-0.341,0.074,-0.361,0.065
1903,6,-0.56,0.13,-0.471,0.092,-0.385,0.076,-0.342,0.074,-0.361,0.065
1903,7,-0.482,0.159,-0.505,0.09,-0.386,0.076,-0.342,0.074,-0.363,0.065
1903,8,-0.579,0.162,-0.547,0.091,-0.389,0.076,-0.343,0.074,-0.363,0.065
1903,9,-0.631,0.15,-0.564,0.091,-0.391,0.076,-0.342,0.074,-0.363,0.065
1903,10,-0.573,0.124,-0.568,0.089,-0.391,0.076,-0.342,0.074,-0.364,0.065
1903,11,-0.575,0.119,-0.574,0.088,-0.393,0.076,-0.343,0.074,-0.364,0.065
1903,12,-0.545,0.122,-0.571,0.088,-0.394,0.076,-0.345,0.073,-0.362,0.065
1904,1,-0.674,0.129,-0.577,0.088,-0.395,0.077,-0.349,0.073,-0.36,0.065
1904,2,-0.674,0.126,-0.572,0.088,-0.396,0.077,-0.349,0.073,-0.359,0.065
1904,3,-0.506,0.114,-0.571,0.088,-0.397,0.077,-0.35,0.073,-0.359,0.065
1904,4,-0.546,0.126,-0.566,0.09,-0.395,0.077,-0.353,0.073,-0.358,0.065
1904,5,-0.549,0.14,-0.543,0.09,-0.397,0.078,-0.356,0.073,-0.357,0.065
1904,6,-0.523,0.132,-0.527,0.09,-0.395,0.078,-0.357,0.073,-0.357,0.064
1904,7,-0.551,0.167,-0.5,0.09,-0.397,0.078,-0.359,0.073,-0.357,0.064
1904,8,-0.521,0.174,-0.495,0.091,-0.405,0.078,-0.36,0.073,-0.356,0.064
1904,9,-0.619,0.142,-0.48,0.091,-0.403,0.078,-0.363,0.072,-0.356,0.064
1904,10,-0.504,0.139,-0.466,0.091,-0.404,0.078,-0.367,0.072,-0.355,0.064
1904,11,-0.3,0.13,-0.445,0.091,-0.406,0.079,-0.37,0.072,-0.354,0.064
1904,12,-0.352,0.119,-0.429,0.091,-0.408,0.079,-0.372,0.072,-0.353,0.064
1905,1,-0.351,0.119,-0.414,0.09,-0.41,0.079,-0.372,0.072,-0.352,0.064
1905,2,-0.622,0.135,-0.395,0.09,-0.411,0.079,-0.375,0.071,-0.351,0.064
1905,3,-0.316,0.116,-0.374,0.09,-0.411,0.079,-0.38,0.071,-0.349,0.064
1905,4,-0.38,0.129,-0.359,0.09,-0.408,0.079,-0.383,0.071,-0.347,0.064
1905,5,-0.299,0.139,-0.35,0.089,-0.408,0.079,-0.385,0.071,-0.346,0.064
1905,6,-0.335,0.128,-0.344,0.089,-0.407,0.079,-0.387,0.071,-0.346,0.064
1905,7,-0.372,0.166,-0.343,0.089,-0.409,0.079,-0.389,0.071,-0.345,0.063
1905,8,-0.294,0.168,-0.318,0.088,-0.411,0.078,-0.391,0.07,-0.345,0.063
1905,9,-0.359,0.141,-0.302,0.088,-0.416,0.078,-0.394,0.07,-0.344,0.063
1905,10,-0.326,0.138,-0.274,0.087,-0.416,0.078,-0.397,0.07,-0.344,0.063
1905,11,-0.196,0.119,-0.273,0.087,-0.413,0.078,-0.401,0.07,-0.344,0.063
1905,12,-0.277,0.119,-0.267,0.087,-0.409,0.077,-0.406,0.07,-0.344,0.063
1906,1,-0.343,0.127,-0.265,0.088,-0.408,0.077,-0.409,0.069,-0.344,0.063
1906,2,-0.322,0.121,-0.264,0.089,-0.406,0.077,-0.413,0.069,-0.344,0.063
1906,3,-0.125,0.114,-0.263,0.089,-0.402,0.077,-0.418,0.069,-0.343,0.063
1906,4,-0.035,0.133,-0.252,0.088,-0.401,0.077,-0.422,0.069,-0.342,0.063
1906,5,-0.294,0.14,-0.27,0.09,-0.402,0.077,-0.425,0.069,-0.343,0.063
1906,6,-0.263,0.132,-0.261,0.09,-0.403,0.076,-0.427,0.069,-0.344,0.063
1906,7,-0.345,0.164,-0.268,0.09,-0.405,0.076,-0.429,0.068,-0.345,0.063
1906,8,-0.29,0.174,-0.288,0.09,-0.402,0.076,-0.431,0.068,-0.346,0.063
1906,9,-0.345,0.143,-0.301,0.09,-0.403,0.076,-0.433,0.068,-0.347,0.063
1906,10,-0.186,0.131,-0.326,0.091,-0.403,0.075,-0.433,0.068,-0.348,0.063
1906,11,-0.413,0.128,-0.345,0.091,-0.402,0.075,-0.433,0.068,-0.349,0.063
1906,12,-0.176,0.121,-0.364,0.091,-0.402,0.075,-0.433,0.068,-0.352,0.063
1907,1,-0.419,0.114,-0.371,0.09,-0.401,0.074,-0.432,0.068,-0.354,0.063
1907,2,-0.562,0.116,-0.383,0.089,-0.399,0.074,-0.433,0.067,-0.355,0.063
1907,3,-0.282,0.116,-0.389,0.087,-0.397,0.074,-0.434,0.067,-0.357,0.063
1907,4,-0.344,0.136,-0.394,0.086,-0.396,0.073,-0.432,0.067,-0.359,0.063
1907,5,-0.518,0.135,-0.407,0.087,-0.398,0.073,-0.431,0.067,-0.361,0.063
1907,6,-0.484,0.13,-0.432,0.087,-0.4,0.073,-0.43,0.067,-0.363,0.063
1907,7,-0.429,0.159,-0.432,0.086,-0.401,0.073,-0.431,0.067,-0.363,0.063
1907,8,-0.443,0.169,-0.408,0.086,-0.398,0.072,-0.433,0.067,-0.363,0.063
1907,9,-0.418,0.137,-0.435,0.086,-0.402,0.072,-0.436,0.066,-0.364,0.063
1907,10,-0.243,0.126,-0.447,0.085,-0.403,0.071,-0.437,0.066,-0.365,0.063
1907,11,-0.563,0.145,-0.429,0.085,-0.404,0.071,-0.437,0.066,-0.366,0.063
1907,12,-0.475,0.119,-0.416,0.085,-0.405,0.071,-0.436,0.066,-0.368,0.063
1908,1,-0.42,0.112,-0.412,0.085,-0.406,0.07,-0.439,0.065,-0.369,0.063
1908,2,-0.281,0.114,-0.416,0.084,-0.408,0.07,-0.441,0.065,-0.369,0.063
1908,3,-0.603,0.118,-0.413,0.084,-0.41,0.07,-0.442,0.065,-0.368,0.063
1908,4,-0.486,0.132,-0.433,0.083,-0.411,0.069,-0.441,0.064,-0.369,0.063
1908,5,-0.3,0.132,-0.443,0.081,-0.418,0.069,-0.441,0.064,-0.369,0.063
1908,6,-0.333,0.12,-0.451,0.08,-0.426,0.069,-0.44,0.064,-0.37,0.063
1908,7,-0.377,0.162,-0.481,0.081,-0.432,0.068,-0.439,0.064,-0.37,0.062
1908,8,-0.499,0.162,-0.498,0.081,-0.437,0.068,-0.438,0.064,-0.37,0.062
1908,9,-0.378,0.135,-0.496,0.079,-0.445,0.068,-0.436,0.064,-0.369,0.062
1908,10,-0.488,0.125,-0.502,0.079,-0.453,0.067,-0.434,0.063,-0.367,0.062
1908,11,-0.677,0.116,-0.52,0.077,-0.457,0.067,-0.432,0.063,-0.366,0.062
1908,12,-0.573,0.113,-0.533,0.078,-0.461,0.067,-0.427,0.063,-0.365,0.062
1909,1,-0.776,0.128,-0.546,0.077,-0.464,0.066,-0.422,0.063,-0.365,0.062
1909,2,-0.492,0.11,-0.534,0.077,-0.467,0.066,-0.418,0.063,-0.364,0.062
1909,3,-0.569,0.103,-0.544,0.077,-0.469,0.066,-0.417,0.062,-0.363,0.062
1909,4,-0.558,0.124,-0.541,0.077,-0.47,0.065,-0.415,0.062,-0.363,0.062
1909,5,-0.514,0.134,-0.52,0.077,-0.469,0.065,-0.412,0.062,-0.363,0.062
1909,6,-0.495,0.127,-0.514,0.078,-0.471,0.064,-0.409,0.062,-0.362,0.062
1909,7,-0.529,0.156,-0.481,0.076,-0.467,0.064,-0.407,0.062,-0.363,0.062
1909,8,-0.362,0.161,-0.479,0.075,-0.461,0.064,-0.405,0.062,-0.363,0.062
1909,9,-0.49,0.133,-0.477,0.074,-0.464,0.064,-0.402,0.061,-0.364,0.062
1909,10,-0.459,0.121,-0.467,0.073,-0.461,0.063,-0.398,0.061,-0.365,0.062
1909,11,-0.423,0.113,-0.453,0.073,-0.456,0.063,-0.397,0.061,-0.367,0.062
1909,12,-0.495,0.117,-0.447,0.073,-0.452,0.063,-0.394,0.061,-0.368,0.062
1910,1,-0.389,0.106,-0.439,0.073,-0.453,0.063,-0.393,0.061,-0.367,0.062
1910,2,-0.471,0.102,-0.444,0.073,-0.456,0.063,-0.389,0.061,-0.368,0.062
1910,3,-0.536,0.094,-0.44,0.073,-0.46,0.063,-0.387,0.06,-0.368,0.062
1910,4,-0.437,0.123,-0.435,0.072,-0.466,0.063,-0.383,0.06,-0.369,0.062
1910,5,-0.352,0.13,-0.452,0.073,-0.465,0.062,-0.38,0.06,-0.369,0.062
1910,6,-0.419,0.126,-0.473,0.073,-0.466,0.062,-0.379,0.06,-0.37,0.062
1910,7,-0.434,0.158,-0.498,0.073,-0.468,0.061,-0.377,0.06,-0.37,0.062
1910,8,-0.417,0.16,-0.512,0.072,-0.471,0.061,-0.376,0.06,-0.37,0.062
1910,9,-0.444,0.131,-0.518,0.073,-0.468,0.061,-0.375,0.06,-0.371,0.062
1910,10,-0.4,0.112,-0.523,0.072,-0.466,0.06,-0.374,0.06,-0.371,0.062
1910,11,-0.635,0.121,-0.538,0.072,-0.468,0.06,-0.374,0.06,-0.372,0.062
1910,12,-0.743,0.12,-0.546,0.071,-0.47,0.06,-0.374,0.06,-0.373,0.062
1911,1,-0.681,0.107,-0.551,0.071,-0.471,0.06,-0.373,0.06,-0.372,0.062
1911,2,-0.642,0.101,-0.555,0.07,-0.469,0.06,-0.371,0.06,-0.373,0.062
1911,3,-0.616,0.104,-0.56,0.071,-0.469,0.06,-0.372,0.06,-0.374,0.062
1911,4,-0.495,0.115,-0.548,0.071,-0.467,0.06,-0.375,0.06,-0.375,0.062
1911,5,-0.528,0.136,-0.522,0.07,-0.461,0.06,-0.375,0.06,-0.375,0.062
1911,6,-0.513,0.119,-0.483,0.07,-0.452,0.06,-0.376,0.059,-0.375,0.062
1911,7,-0.492,0.153,-0.446,0.071,-0.439,0.06,-0.376,0.059,-0.374,0.062
1911,8,-0.476,0.159,-0.409,0.07,-0.434,0.059,-0.377,0.059,-0.375,0.062
1911,9,-0.498,0.133,-0.393,0.07,-0.43,0.059,-0.377,0.059,-0.374,0.062
1911,10,-0.261,0.113,-0.366,0.07,-0.426,0.059,-0.379,0.059,-0.373,0.062
1911,11,-0.324,0.107,-0.342,0.071,-0.421,0.059,-0.38,0.059,-0.372,0.062
1911,12,-0.274,0.105,-0.318,0.071,-0.417,0.059,-0.385,0.06,-0.372,0.062
1912,1,-0.232,0.106,-0.32,0.071,-0.413,0.059,-0.388,0.06,-0.372,0.062
1912,2,-0.194,0.101,-0.329,0.072,-0.41,0.059,-0.388,0.06,-0.373,0.062
1912,3,-0.432,0.102,-0.342,0.071,-0.407,0.059,-0.392,0.06,-0.372,0.062
1912,4,-0.165,0.121,-0.374,0.072,-0.4,0.059,-0.393,0.06,-0.371,0.062
1912,5,-0.247,0.135,-0.389,0.071,-0.396,0.059,-0.393,0.06,-0.371,0.062
1912,6,-0.22,0.116,-0.408,0.072,-0.388,0.059,-0.394,0.06,-0.37,0.062
1912,7,-0.513,0.158,-0.433,0.071,-0.385,0.059,-0.392,0.06,-0.37,0.062
1912,8,-0.582,0.162,-0.458,0.071,-0.38,0.059,-0.391,0.06,-0.37,0.062
1912,9,-0.663,0.132,-0.458,0.07,-0.371,0.059,-0.391,0.06,-0.37,0.062
1912,10,-0.644,0.112,-0.472,0.07,-0.362,0.059,-0.393,0.061,-0.37,0.062
1912,11,-0.499,0.104,-0.486,0.069,-0.356,0.059,-0.393,0.06,-0.368,0.062
1912,12,-0.503,0.104,-0.508,0.069,-0.352,0.059,-0.395,0.061,-0.367,0.062
1913,1,-0.532,0.099,-0.501,0.069,-0.348,0.059,-0.396,0.061,-0.367,0.062
1913,2,-0.49,0.095,-0.482,0.07,-0.343,0.059,-0.397,0.061,-0.368,0.062
1913,3,-0.438,0.098,-0.462,0.07,-0.34,0.059,-0.396,0.061,-0.368,0.062
1913,4,-0.337,0.115,-0.438,0.07,-0.338,0.059,-0.396,0.061,-0.367,0.062
1913,5,-0.412,0.129,-0.422,0.07,-0.329,0.059,-0.398,0.061,-0.366,0.062
1913,6,-0.481,0.119,-0.38,0.069,-0.322,0.059,-0.398,0.061,-0.365,0.062
1913,7,-0.429,0.155,-0.336,0.069,-0.313,0.06,-0.398,0.061,-0.364,0.062
1913,8,-0.351,0.161,-0.315,0.069,-0.305,0.06,-0.397,0.061,-0.363,0.062
1913,9,-0.422,0.131,-0.305,0.069,-0.3,0.06,-0.396,0.061,-0.362,0.062
1913,10,-0.358,0.107,-0.303,0.069,-0.297,0.06,-0.392,0.061,-0.36,0.062
1913,11,-0.309,0.106,-0.286,0.069,-0.293,0.06,-0.388,0.061,-0.357,0.062
1913,12,-0.003,0.098,-0.266,0.069,-0.291,0.06,-0.386,0.061,-0.355,0.062
1914,1,-0.0,0.104,-0.254,0.069,-0.289,0.06,-0.381,0.061,-0.353,0.062
1914,2,-0.236,0.1,-0.243,0.069,-0.287,0.06,-0.378,0.061,-0.351,0.062
1914,3,-0.324,0.095,-0.23,0.07,-0.286,0.061,-0.376,0.061,-0.349,0.062
1914,4,-0.31,0.123,-0.202,0.07,-0.288,0.061,-0.372,0.061,-0.348,0.062
1914,5,-0.212,0.126,-0.192,0.071,-0.291,0.061,-0.37,0.062,-0.347,0.062
1914,6,-0.234,0.118,-0.195,0.071,-0.3,0.061,-0.368,0.062,-0.345,0.062
1914,7,-0.292,0.162,-0.215,0.072,-0.308,0.062,-0.367,0.062,-0.344,0.062
1914,8,-0.212,0.16,-0.205,0.073,-0.315,0.062,-0.366,0.062,-0.343,0.062
1914,9,-0.27,0.135,-0.18,0.074,-0.319,0.063,-0.365,0.062,-0.342,0.062
1914,10,-0.027,0.114,-0.147,0.074,-0.325,0.063,-0.363,0.062,-0.341,0.062
1914,11,-0.189,0.111,-0.127,0.074,-0.331,0.063,-0.364,0.062,-0.341,0.062
1914,12,-0.036,0.108,-0.124,0.075,-0.335,0.063,-0.364,0.062,-0.341,0.062
1915,1,-0.235,0.116,-0.117,0.075,-0.332,0.063,-0.362,0.062,-0.341,0.062
1915,2,-0.12,0.108,-0.109,0.076,-0.327,0.064,-0.361,0.062,-0.341,0.062
1915,3,-0.02,0.1,-0.104,0.076,-0.322,0.064,-0.357,0.063,-0.34,0.062
1915,4,0.089,0.121,-0.126,0.077,-0.32,0.064,-0.355,0.063,-0.34,0.062
1915,5,0.021,0.135,-0.122,0.077,-0.32,0.065,-0.354,0.063,-0.339,0.062
1915,6,-0.192,0.126,-0.141,0.078,-0.324,0.065,-0.352,0.063,-0.339,0.062
1915,7,-0.207,0.157,-0.138,0.079,-0.323,0.065,-0.351,0.063,-0.338,0.062
1915,8,-0.121,0.163,-0.141,0.079,-0.324,0.066,-0.35,0.063,-0.338,0.062
1915,9,-0.213,0.135,-0.162,0.079,-0.323,0.066,-0.348,0.063,-0.337,0.062
1915,10,-0.292,0.116,-0.196,0.079,-0.326,0.066,-0.346,0.063,-0.336,0.062
1915,11,-0.135,0.12,-0.225,0.078,-0.327,0.066,-0.343,0.063,-0.336,0.062
1915,12,-0.269,0.11,-0.241,0.079,-0.325,0.067,-0.34,0.064,-0.334,0.062
1916,1,-0.191,0.116,-0.254,0.079,-0.324,0.067,-0.336,0.064,-0.331,0.062
1916,2,-0.164,0.112,-0.274,0.08,-0.325,0.067,-0.332,0.064,-0.33,0.062
1916,3,-0.267,0.108,-0.289,0.081,-0.322,0.067,-0.329,0.064,-0.329,0.062
1916,4,-0.325,0.122,-0.298,0.08,-0.317,0.068,-0.327,0.064,-0.329,0.062
1916,5,-0.326,0.132,-0.332,0.08,-0.315,0.068,-0.326,0.064,-0.329,0.062
1916,6,-0.382,0.123,-0.377,0.081,-0.32,0.068,-0.323,0.064,-0.329,0.062
1916,7,-0.357,0.166,-0.417,0.081,-0.323,0.068,-0.32,0.064,-0.328,0.062
1916,8,-0.362,0.174,-0.458,0.083,-0.322,0.069,-0.318,0.064,-0.327,0.062
1916,9,-0.403,0.143,-0.492,0.083,-0.321,0.069,-0.315,0.064,-0.326,0.062
1916,10,-0.395,0.122,-0.508,0.085,-0.318,0.069,-0.314,0.064,-0.326,0.062
1916,11,-0.546,0.118,-0.528,0.085,-0.318,0.07,-0.312,0.065,-0.324,0.062
1916,12,-0.803,0.12,-0.538,0.086,-0.32,0.07,-0.311,0.065,-0.324,0.062
1917,1,-0.669,0.125,-0.532,0.087,-0.32,0.07,-0.311,0.065,-0.323,0.062
1917,2,-0.658,0.123,-0.529,0.087,-0.321,0.07,-0.313,0.065,-0.322,0.062
1917,3,-0.675,0.115,-0.526,0.089,-0.323,0.071,-0.31,0.065,-0.322,0.062
1917,4,-0.514,0.126,-0.536,0.09,-0.327,0.071,-0.31,0.065,-0.322,0.062
1917,5,-0.568,0.139,-0.531,0.091,-0.333,0.071,-0.311,0.065,-0.32,0.062
1917,6,-0.499,0.127,-0.525,0.091,-0.339,0.071,-0.311,0.065,-0.319,0.062
1917,7,-0.293,0.166,-0.512,0.09,-0.338,0.071,-0.309,0.065,-0.318,0.062
1917,8,-0.324,0.178,-0.5,0.088,-0.342,0.071,-0.307,0.065,-0.317,0.062
1917,9,-0.371,0.158,-0.478,0.088,-0.343,0.071,-0.304,0.065,-0.316,0.062
1917,10,-0.509,0.123,-0.477,0.087,-0.347,0.072,-0.302,0.065,-0.315,0.062
1917,11,-0.485,0.126,-0.469,0.088,-0.351,0.072,-0.3,0.065,-0.313,0.062
1917,12,-0.73,0.121,-0.459,0.088,-0.353,0.072,-0.297,0.065,-0.312,0.062
1918,1,-0.519,0.122,-0.465,0.088,-0.354,0.072,-0.295,0.066,-0.31,0.062
1918,2,-0.507,0.105,-0.472,0.087,-0.356,0.072,-0.294,0.066,-0.308,0.062
1918,3,-0.413,0.11,-0.459,0.086,-0.356,0.072,-0.293,0.066,-0.307,0.062
1918,4,-0.509,0.128,-0.42,0.086,-0.353,0.073,-0.293,0.066,-0.306,0.062
1918,5,-0.473,0.141,-0.397,0.086,-0.356,0.072,-0.292,0.066,-0.306,0.062
1918,6,-0.376,0.13,-0.36,0.086,-0.359,0.073,-0.29,0.066,-0.306,0.062
1918,7,-0.368,0.162,-0.332,0.085,-0.358,0.073,-0.289,0.066,-0.305,0.062
1918,8,-0.404,0.169,-0.307,0.086,-0.359,0.073,-0.289,0.066,-0.304,0.062
1918,9,-0.218,0.143,-0.295,0.087,-0.359,0.073,-0.288,0.066,-0.303,0.062
1918,10,-0.039,0.123,-0.261,0.087,-0.358,0.073,-0.286,0.067,-0.302,0.063
1918,11,-0.206,0.12,-0.24,0.087,-0.358,0.073,-0.283,0.067,-0.3,0.063
1918,12,-0.283,0.116,-0.236,0.087,-0.354,0.073,-0.283,0.067,-0.298,0.063
1919,1,-0.191,0.126,-0.233,0.088,-0.35,0.073,-0.285,0.067,-0.296,0.063
1919,2,-0.208,0.123,-0.223,0.087,-0.349,0.073,-0.285,0.067,-0.297,0.063
1919,3,-0.263,0.115,-0.234,0.087,-0.345,0.073,-0.282,0.067,-0.296,0.063
1919,4,-0.097,0.13,-0.255,0.087,-0.339,0.073,-0.282,0.067,-0.295,0.063
1919,5,-0.229,0.14,-0.285,0.087,-0.333,0.073,-0.281,0.067,-0.295,0.063
1919,6,-0.327,0.131,-0.295,0.087,-0.321,0.073,-0.281,0.067,-0.294,0.063
1919,7,-0.327,0.164,-0.293,0.086,-0.314,0.073,-0.281,0.067,-0.294,0.063
1919,8,-0.286,0.172,-0.303,0.085,-0.31,0.072,-0.282,0.068,-0.294,0.063
1919,9,-0.357,0.148,-0.288,0.084,-0.301,0.072,-0.283,0.068,-0.293,0.063
1919,10,-0.286,0.12,-0.294,0.085,-0.294,0.072,-0.285,0.068,-0.291,0.063
1919,11,-0.564,0.123,-0.295,0.085,-0.291,0.072,-0.285,0.068,-0.29,0.063
1919,12,-0.404,0.113,-0.289,0.085,-0.287,0.072,-0.288,0.068,-0.29,0.063
1920,1,-0.166,0.117,-0.283,0.085,-0.286,0.072,-0.289,0.068,-0.29,0.063
1920,2,-0.326,0.112,-0.28,0.085,-0.286,0.071,-0.292,0.068,-0.289,0.063
1920,3,-0.088,0.107,-0.269,0.085,-0.286,0.071,-0.294,0.068,-0.287,0.063
1920,4,-0.17,0.129,-0.257,0.085,-0.284,0.071,-0.297,0.068,-0.286,0.063
1920,5,-0.235,0.139,-0.234,0.085,-0.28,0.071,-0.298,0.068,-0.285,0.063
1920,6,-0.253,0.129,-0.241,0.085,-0.27,0.071,-0.299,0.068,-0.285,0.063
1920,7,-0.266,0.167,-0.237,0.085,-0.266,0.071,-0.299,0.068,-0.283,0.063
1920,8,-0.248,0.167,-0.225,0.086,-0.264,0.071,-0.3,0.068,-0.282,0.064
1920,9,-0.216,0.139,-0.242,0.086,-0.264,0.071,-0.3,0.069,-0.281,0.064
1920,10,-0.147,0.119,-0.251,0.086,-0.26,0.071,-0.299,0.069,-0.279,0.064
1920,11,-0.291,0.12,-0.257,0.085,-0.257,0.071,-0.298,0.069,-0.276,0.064
1920,12,-0.48,0.116,-0.248,0.085,-0.254,0.071,-0.294,0.069,-0.273,0.064
1921,1,-0.118,0.116,-0.238,0.084,-0.254,0.071,-0.29,0.069,-0.271,0.064
1921,2,-0.192,0.117,-0.241,0.084,-0.253,0.071,-0.289,0.068,-0.269,0.064
1921,3,-0.289,0.115,-0.237,0.084,-0.255,0.07,-0.286,0.068,-0.267,0.064
1921,4,-0.274,0.126,-0.229,0.085,-0.255,0.07,-0.284,0.069,-0.265,0.064
1921,5,-0.306,0.136,-0.216,0.084,-0.251,0.07,-0.282,0.069,-0.264,0.064
1921,6,-0.15,0.124,-0.185,0.085,-0.246,0.07,-0.281,0.069,-0.262,0.064
1921,7,-0.15,0.158,-0.198,0.084,-0.247,0.07,-0.28,0.069,-0.26,0.064
1921,8,-0.282,0.168,-0.214,0.082,-0.247,0.07,-0.278,0.069,-0.258,0.064
1921,9,-0.167,0.136,-0.2,0.081,-0.244,0.07,-0.275,0.069,-0.256,0.064
1921,10,-0.045,0.123,-0.187,0.081,-0.246,0.07,-0.272,0.069,-0.255,0.065
1921,11,-0.136,0.111,-0.192,0.08,-0.245,0.07,-0.268,0.068,-0.253,0.065
1921,12,-0.112,0.119,-0.201,0.08,-0.243,0.07,-0.263,0.069,-0.252,0.065
1922,1,-0.27,0.115,-0.208,0.08,-0.242,0.07,-0.259,0.068,-0.251,0.065
1922,2,-0.386,0.103,-0.215,0.08,-0.243,0.07,-0.255,0.068,-0.251,0.065
1922,3,-0.128,0.105,-0.232,0.08,-0.242,0.07,-0.253,0.068,-0.249,0.065
1922,4,-0.116,0.122,-0.257,0.08,-0.243,0.07,-0.25,0.068,-0.248,0.065
1922,5,-0.362,0.133,-0.267,0.08,-0.237,0.07,-0.247,0.068,-0.248,0.065
1922,6,-0.264,0.117,-0.271,0.08,-0.236,0.07,-0.245,0.068,-0.248,0.065
1922,7,-0.226,0.159,-0.272,0.079,-0.24,0.07,-0.244,0.068,-0.246,0.065
1922,8,-0.366,0.166,-0.273,0.08,-0.242,0.07,-0.243,0.068,-0.245,0.065
1922,9,-0.37,0.137,-0.292,0.08,-0.245,0.07,-0.241,0.068,-0.242,0.065
1922,10,-0.349,0.121,-0.306,0.08,-0.246,0.07,-0.236,0.068,-0.239,0.065
1922,11,-0.253,0.114,-0.299,0.08,-0.245,0.07,-0.233,0.068,-0.239,0.065
1922,12,-0.164,0.108,-0.295,0.081,-0.245,0.07,-0.229,0.068,-0.237,0.065
1923,1,-0.284,0.106,-0.307,0.08,-0.245,0.07,-0.224,0.068,-0.236,0.065
1923,2,-0.392,0.107,-0.304,0.08,-0.244,0.07,-0.22,0.068,-0.235,0.065
1923,3,-0.362,0.104,-0.301,0.08,-0.244,0.07,-0.218,0.068,-0.235,0.065
1923,4,-0.278,0.128,-0.275,0.08,-0.244,0.07,-0.215,0.068,-0.234,0.065
1923,5,-0.283,0.135,-0.251,0.08,-0.239,0.07,-0.214,0.068,-0.234,0.065
1923,6,-0.216,0.122,-0.236,0.08,-0.228,0.07,-0.214,0.068,-0.234,0.065
1923,7,-0.37,0.158,-0.234,0.08,-0.222,0.07,-0.212,0.068,-0.233,0.066
1923,8,-0.322,0.163,-0.221,0.081,-0.219,0.07,-0.211,0.068,-0.232,0.066
1923,9,-0.345,0.135,-0.195,0.081,-0.212,0.07,-0.211,0.068,-0.232,0.066
1923,10,-0.033,0.114,-0.193,0.081,-0.209,0.069,-0.212,0.068,-0.231,0.066
1923,11,0.033,0.119,-0.182,0.082,-0.207,0.069,-0.212,0.068,-0.232,0.066
1923,12,0.015,0.11,-0.184,0.082,-0.208,0.069,-0.21,0.068,-0.233,0.066
1924,1,-0.252,0.111,-0.174,0.082,-0.209,0.069,-0.212,0.068,-0.235,0.066
1924,2,-0.236,0.106,-0.173,0.082,-0.206,0.069,-0.215,0.068,-0.234,0.066
1924,3,-0.05,0.108,-0.172,0.082,-0.206,0.069,-0.216,0.068,-0.234,0.066
1924,4,-0.261,0.121,-0.196,0.082,-0.205,0.069,-0.218,0.068,-0.234,0.066
1924,5,-0.152,0.138,-0.217,0.082,-0.203,0.069,-0.22,0.068,-0.234,0.066
1924,6,-0.229,0.121,-0.247,0.082,-0.205,0.069,-0.221,0.068,-0.234,0.066
1924,7,-0.255,0.156,-0.261,0.082,-0.204,0.069,-0.222,0.068,-0.233,0.066
1924,8,-0.315,0.165,-0.278,0.082,-0.201,0.069,-0.222,0.068,-0.233,0.066
1924,9,-0.333,0.143,-0.295,0.081,-0.205,0.069,-0.221,0.068,-0.232,0.066
1924,10,-0.321,0.115,-0.293,0.081,-0.207,0.069,-0.22,0.068,-0.232,0.066
1924,11,-0.216,0.116,-0.294,0.081,-0.204,0.07,-0.216,0.068,-0.231,0.066
1924,12,-0.347,0.114,-0.297,0.081,-0.204,0.07,-0.217,0.068,-0.231,0.066
1925,1,-0.414,0.11,-0.299,0.081,-0.203,0.07,-0.217,0.068,-0.232,0.066
1925,2,-0.449,0.106,-0.287,0.081,-0.2,0.07,-0.217,0.068,-0.231,0.066
1925,3,-0.25,0.097,-0.277,0.081,-0.196,0.07,-0.217,0.068,-0.232,0.066
1925,4,-0.237,0.119,-0.262,0.081,-0.189,0.07,-0.217,0.068,-0.233,0.066
1925,5,-0.165,0.136,-0.245,0.081,-0.186,0.069,-0.217,0.068,-0.235,0.066
1925,6,-0.265,0.122,-0.202,0.081,-0.187,0.069,-0.217,0.068,-0.235,0.066
1925,7,-0.281,0.157,-0.148,0.08,-0.181,0.069,-0.216,0.068,-0.235,0.066
1925,8,-0.159,0.166,-0.111,0.08,-0.175,0.07,-0.215,0.068,-0.235,0.066
1925,9,-0.214,0.138,-0.079,0.08,-0.172,0.07,-0.214,0.068,-0.235,0.066
1925,10,-0.142,0.115,-0.065,0.08,-0.171,0.07,-0.213,0.068,-0.234,0.066
1925,11,-0.021,0.114,-0.068,0.079,-0.171,0.07,-0.21,0.068,-0.235,0.066
1925,12,0.171,0.109,-0.062,0.078,-0.173,0.07,-0.206,0.068,-0.235,0.066
1926,1,0.237,0.105,-0.058,0.079,-0.171,0.07,-0.205,0.068,-0.236,0.066
1926,2,-0.003,0.104,-0.054,0.079,-0.169,0.07,-0.206,0.068,-0.236,0.066
1926,3,0.136,0.101,-0.046,0.079,-0.168,0.07,-0.204,0.068,-0.236,0.066
1926,4,-0.076,0.121,-0.033,0.079,-0.17,0.07,-0.203,0.068,-0.236,0.066
1926,5,-0.194,0.135,-0.035,0.079,-0.173,0.069,-0.202,0.068,-0.235,0.066
1926,6,-0.199,0.126,-0.068,0.079,-0.175,0.069,-0.201,0.068,-0.234,0.066
1926,7,-0.228,0.158,-0.107,0.079,-0.178,0.069,-0.2,0.068,-0.233,0.066
1926,8,-0.118,0.168,-0.121,0.079,-0.183,0.069,-0.198,0.068,-0.232,0.066
1926,9,-0.111,0.134,-0.163,0.078,-0.188,0.069,-0.197,0.068,-0.231,0.066
1926,10,0.015,0.115,-0.176,0.078,-0.19,0.069,-0.196,0.068,-0.229,0.066
1926,11,-0.054,0.111,-0.175,0.078,-0.195,0.069,-0.195,0.068,-0.227,0.066
1926,12,-0.216,0.113,-0.18,0.079,-0.198,0.069,-0.194,0.068,-0.224,0.066
1927,1,-0.236,0.103,-0.178,0.079,-0.201,0.069,-0.191,0.068,-0.221,0.066
1927,2,-0.169,0.104,-0.182,0.078,-0.201,0.069,-0.189,0.068,-0.218,0.066
1927,3,-0.375,0.113,-0.184,0.078,-0.2,0.069,-0.189,0.068,-0.216,0.066
1927,4,-0.231,0.123,-0.18,0.079,-0.196,0.069,-0.187,0.068,-0.214,0.066
1927,5,-0.173,0.134,-0.181,0.079,-0.195,0.069,-0.185,0.069,-0.212,0.066
1927,6,-0.263,0.129,-0.184,0.079,-0.198,0.069,-0.185,0.069,-0.21,0.066
1927,7,-0.203,0.158,-0.154,0.079,-0.194,0.069,-0.184,0.069,-0.208,0.066
1927,8,-0.174,0.163,-0.142,0.08,-0.191,0.069,-0.183,0.069,-0.207,0.066
1927,9,-0.124,0.136,-0.129,0.08,-0.189,0.069,-0.18,0.069,-0.205,0.066
1927,10,0.06,0.116,-0.125,0.081,-0.188,0.069,-0.177,0.069,-0.202,0.066
1927,11,-0.066,0.106,-0.135,0.081,-0.189,0.069,-0.178,0.068,-0.2,0.066
1927,12,-0.252,0.107,-0.144,0.08,-0.188,0.069,-0.178,0.068,-0.197,0.066
1928,1,0.115,0.107,-0.144,0.08,-0.186,0.07,-0.177,0.068,-0.194,0.066
1928,2,-0.019,0.108,-0.149,0.08,-0.185,0.07,-0.176,0.068,-0.192,0.066
1928,3,-0.216,0.109,-0.161,0.08,-0.184,0.07,-0.176,0.068,-0.19,0.066
1928,4,-0.187,0.124,-0.178,0.08,-0.183,0.07,-0.176,0.068,-0.187,0.066
1928,5,-0.291,0.134,-0.184,0.08,-0.18,0.07,-0.176,0.068,-0.186,0.066
1928,6,-0.376,0.123,-0.175,0.08,-0.183,0.07,-0.177,0.068,-0.185,0.066
1928,7,-0.201,0.159,-0.219,0.08,-0.188,0.07,-0.177,0.068,-0.184,0.066
1928,8,-0.232,0.162,-0.261,0.08,-0.192,0.07,-0.176,0.068,-0.182,0.066
1928,9,-0.269,0.137,-0.276,0.08,-0.196,0.07,-0.176,0.068,-0.181,0.066
1928,10,-0.148,0.113,-0.292,0.08,-0.197,0.07,-0.177,0.068,-0.18,0.066
1928,11,-0.136,0.119,-0.303,0.08,-0.197,0.07,-0.181,0.068,-0.179,0.066
1928,12,-0.141,0.106,-0.307,0.08,-0.194,0.071,-0.184,0.068,-0.178,0.066
1929,1,-0.407,0.108,-0.327,0.079,-0.191,0.071,-0.184,0.068,-0.177,0.066
1929,2,-0.528,0.104,-0.332,0.08,-0.189,0.071,-0.183,0.068,-0.177,0.066
1929,3,-0.399,0.102,-0.332,0.08,-0.188,0.071,-0.186,0.068,-0.177,0.066
1929,4,-0.371,0.121,-0.33,0.08,-0.187,0.071,-0.186,0.068,-0.176,0.065
1929,5,-0.427,0.138,-0.33,0.08,-0.187,0.071,-0.186,0.068,-0.175,0.065
1929,6,-0.427,0.12,-0.359,0.079,-0.183,0.071,-0.186,0.068,-0.174,0.065
1929,7,-0.438,0.157,-0.343,0.079,-0.177,0.071,-0.185,0.068,-0.172,0.065
1929,8,-0.29,0.163,-0.322,0.079,-0.177,0.071,-0.183,0.068,-0.171,0.065
1929,9,-0.266,0.138,-0.298,0.079,-0.173,0.071,-0.182,0.068,-0.17,0.065
1929,10,-0.128,0.115,-0.284,0.08,-0.168,0.071,-0.18,0.068,-0.169,0.065
1929,11,-0.139,0.11,-0.266,0.08,-0.166,0.071,-0.178,0.068,-0.167,0.065
1929,12,-0.489,0.112,-0.247,0.08,-0.165,0.071,-0.175,0.068,-0.163,0.065
1930,1,-0.216,0.104,-0.223,0.081,-0.165,0.071,-0.175,0.068,-0.162,0.065
1930,2,-0.278,0.109,-0.209,0.082,-0.165,0.071,-0.17,0.068,-0.161,0.065
1930,3,-0.112,0.106,-0.198,0.082,-0.163,0.071,-0.169,0.068,-0.16,0.065
1930,4,-0.197,0.126,-0.192,0.083,-0.165,0.071,-0.17,0.068,-0.159,0.065
1930,5,-0.212,0.132,-0.17,0.083,-0.169,0.071,-0.171,0.068,-0.158,0.065
1930,6,-0.205,0.128,-0.129,0.084,-0.168,0.071,-0.171,0.068,-0.156,0.065
1930,7,-0.146,0.162,-0.119,0.085,-0.174,0.071,-0.17,0.068,-0.155,0.065
1930,8,-0.119,0.167,-0.114,0.084,-0.178,0.071,-0.171,0.068,-0.153,0.065
1930,9,-0.13,0.141,-0.111,0.085,-0.18,0.071,-0.171,0.068,-0.152,0.065
1930,10,-0.06,0.117,-0.108,0.085,-0.181,0.071,-0.17,0.068,-0.151,0.065
1930,11,0.126,0.114,-0.106,0.085,-0.181,0.071,-0.173,0.068,-0.15,0.065
1930,12,-0.001,0.112,-0.093,0.084,-0.181,0.071,-0.176,0.068,-0.148,0.064
1931,1,-0.092,0.106,-0.082,0.084,-0.183,0.071,-0.181,0.068,-0.147,0.064
1931,2,-0.215,0.105,-0.073,0.083,-0.182,0.071,-0.184,0.068,-0.146,0.064
1931,3,-0.079,0.107,-0.066,0.083,-0.184,0.071,-0.187,0.068,-0.145,0.064
1931,4,-0.16,0.128,-0.054,0.083,-0.185,0.071,-0.188,0.068,-0.144,0.064
1931,5,-0.189,0.132,-0.068,0.084,-0.189,0.071,-0.188,0.068,-0.142,0.064
1931,6,-0.056,0.123,-0.068,0.083,-0.193,0.071,-0.188,0.068,-0.142,0.064
1931,7,-0.011,0.157,-0.051,0.084,-0.191,0.071,-0.186,0.068,-0.14,0.064
1931,8,-0.006,0.164,-0.047,0.084,-0.184,0.07,-0.186,0.067,-0.139,0.063
1931,9,-0.05,0.136,-0.049,0.083,-0.183,0.07,-0.186,0.067,-0.139,0.063
1931,10,0.079,0.12,-0.031,0.083,-0.182,0.07,-0.186,0.067,-0.138,0.063
1931,11,-0.04,0.116,-0.021,0.082,-0.178,0.07,-0.186,0.067,-0.138,0.063
1931,12,0.003,0.109,-0.035,0.082,-0.173,0.07,-0.184,0.067,-0.137,0.063
1932,1,0.115,0.111,-0.048,0.082,-0.169,0.071,-0.183,0.067,-0.134,0.063
1932,2,-0.17,0.103,-0.064,0.082,-0.166,0.071,-0.181,0.067,-0.132,0.063
1932,3,-0.102,0.112,-0.061,0.082,-0.165,0.071,-0.179,0.067,-0.132,0.063
1932,4,0.048,0.122,-0.071,0.081,-0.163,0.071,-0.178,0.067,-0.131,0.063
1932,5,-0.065,0.136,-0.093,0.08,-0.16,0.071,-0.177,0.067,-0.129,0.063
1932,6,-0.219,0.121,-0.108,0.08,-0.153,0.071,-0.174,0.067,-0.128,0.063
1932,7,-0.174,0.159,-0.138,0.079,-0.155,0.071,-0.173,0.067,-0.127,0.063
1932,8,-0.201,0.162,-0.146,0.079,-0.149,0.071,-0.171,0.067,-0.126,0.063
1932,9,-0.004,0.132,-0.164,0.078,-0.15,0.071,-0.169,0.067,-0.125,0.063
1932,10,-0.041,0.11,-0.191,0.078,-0.152,0.07,-0.168,0.067,-0.123,0.063
1932,11,-0.312,0.107,-0.21,0.078,-0.154,0.07,-0.167,0.067,-0.122,0.063
1932,12,-0.176,0.103,-0.224,0.079,-0.154,0.07,-0.165,0.067,-0.121,0.063
1933,1,-0.244,0.106,-0.233,0.079,-0.155,0.07,-0.165,0.067,-0.12,0.064
1933,2,-0.269,0.098,-0.233,0.079,-0.157,0.07,-0.164,0.067,-0.118,0.064
1933,3,-0.311,0.104,-0.262,0.079,-0.158,0.07,-0.162,0.067,-0.116,0.064
1933,4,-0.274,0.124,-0.278,0.079,-0.158,0.07,-0.16,0.067,-0.115,0.064
1933,5,-0.303,0.134,-0.284,0.078,-0.167,0.07,-0.158,0.067,-0.113,0.064
1933,6,-0.384,0.125,-0.303,0.078,-0.17,0.07,-0.156,0.067,-0.112,0.064
1933,7,-0.282,0.16,-0.304,0.078,-0.173,0.069,-0.155,0.067,-0.11,0.064
1933,8,-0.203,0.162,-0.288,0.078,-0.175,0.069,-0.153,0.067,-0.109,0.064
1933,9,-0.349,0.136,-0.294,0.078,-0.179,0.069,-0.151,0.067,-0.107,0.064
1933,10,-0.231,0.113,-0.298,0.077,-0.179,0.069,-0.148,0.067,-0.106,0.065
1933,11,-0.378,0.105,-0.285,0.077,-0.179,0.069,-0.146,0.067,-0.105,0.065
1933,12,-0.41,0.111,-0.267,0.077,-0.181,0.069,-0.146,0.067,-0.104,0.065
1934,1,-0.25,0.098,-0.256,0.077,-0.182,0.069,-0.143,0.067,-0.101,0.065
1934,2,-0.085,0.099,-0.251,0.077,-0.184,0.068,-0.139,0.067,-0.099,0.065
1934,3,-0.373,0.098,-0.237,0.077,-0.185,0.068,-0.137,0.067,-0.098,0.065
1934,4,-0.333,0.12,-0.222,0.078,-0.186,0.068,-0.134,0.067,-0.096,0.066
1934,5,-0.147,0.132,-0.186,0.079,-0.186,0.068,-0.13,0.067,-0.095,0.066
1934,6,-0.163,0.124,-0.154,0.079,-0.186,0.068,-0.126,0.067,-0.094,0.066
1934,7,-0.15,0.16,-0.163,0.079,-0.188,0.067,-0.123,0.067,-0.092,0.066
1934,8,-0.144,0.164,-0.15,0.079,-0.184,0.067,-0.121,0.067,-0.09,0.066
1934,9,-0.186,0.135,-0.131,0.08,-0.185,0.067,-0.119,0.067,-0.087,0.067
1934,10,-0.04,0.122,-0.13,0.08,-0.188,0.067,-0.118,0.067,-0.085,0.067
1934,11,0.053,0.106,-0.146,0.08,-0.187,0.068,-0.118,0.067,-0.084,0.067
1934,12,-0.033,0.103,-0.151,0.079,-0.183,0.068,-0.11,0.066,-0.082,0.068
1935,1,-0.357,0.103,-0.155,0.079,-0.18,0.068,-0.108,0.066,-0.079,0.068
1935,2,0.077,0.103,-0.162,0.079,-0.176,0.068,-0.104,0.066,-0.078,0.068
1935,3,-0.156,0.101,-0.166,0.079,-0.174,0.068,-0.103,0.066,-0.076,0.068
1935,4,-0.317,0.121,-0.166,0.079,-0.171,0.068,-0.1,0.066,-0.074,0.069
1935,5,-0.333,0.132,-0.203,0.079,-0.164,0.068,-0.098,0.066,-0.074,0.069
1935,6,-0.223,0.122,-0.215,0.078,-0.162,0.068,-0.096,0.066,-0.073,0.069
1935,7,-0.204,0.16,-0.21,0.077,-0.156,0.068,-0.094,0.066,-0.071,0.07
1935,8,-0.223,0.161,-0.245,0.077,-0.151,0.068,-0.092,0.066,-0.07,0.07
1935,9,-0.235,0.135,-0.257,0.077,-0.144,0.068,-0.091,0.066,-0.068,0.07
1935,10,-0.038,0.114,-0.246,0.077,-0.139,0.068,-0.09,0.066,-0.067,0.071
1935,11,-0.39,0.107,-0.232,0.077,-0.135,0.068,-0.091,0.066,-0.067,0.071
1935,12,-0.185,0.102,-0.226,0.076,-0.131,0.068,-0.089,0.066,-0.068,0.071
1936,1,-0.296,0.097,-0.216,0.076,-0.127,0.068,-0.089,0.065,-0.069,0.071
1936,2,-0.335,0.099,-0.207,0.075,-0.124,0.068,-0.086,0.065,-0.069,0.071
1936,3,-0.31,0.094,-0.198,0.075,-0.118,0.068,-0.086,0.065,-0.069,0.071
1936,4,-0.179,0.12,-0.192,0.075,-0.11,0.068,-0.085,0.064,-0.069,0.071
1936,5,-0.167,0.131,-0.165,0.074,-0.103,0.068,-0.083,0.064,-0.068,0.071
1936,6,-0.155,0.121,-0.147,0.074,-0.098,0.068,-0.082,0.064,-0.068,0.071
1936,7,-0.078,0.155,-0.127,0.074,-0.094,0.068,-0.081,0.064,-0.067,0.071
1936,8,-0.117,0.159,-0.093,0.074,-0.094,0.068,-0.081,0.064,-0.068,0.071
1936,9,-0.131,0.131,-0.08,0.075,-0.091,0.068,-0.082,0.064,-0.068,0.071
1936,10,0.042,0.109,-0.073,0.075,-0.086,0.068,-0.081,0.064,-0.068,0.071
1936,11,-0.074,0.103,-0.062,0.075,-0.082,0.068,-0.081,0.064,-0.068,0.071
1936,12,0.036,0.101,-0.048,0.076,-0.079,0.068,-0.079,0.064,-0.068,0.071
1937,1,-0.055,0.107,-0.04,0.076,-0.077,0.068,-0.077,0.064,-0.067,0.071
1937,2,0.072,0.099,-0.027,0.077,-0.075,0.067,-0.076,0.064,-0.066,0.071
1937,3,-0.154,0.106,-0.006,0.078,-0.073,0.067,-0.074,0.065,-0.064,0.071
1937,4,-0.096,0.122,0.002,0.079,-0.074,0.068,-0.075,0.065,-0.063,0.071
1937,5,-0.04,0.134,0.015,0.08,-0.075,0.068,-0.073,0.065,-0.062,0.071
1937,6,0.017,0.122,0.01,0.081,-0.068,0.067,-0.071,0.066,-0.062,0.071
1937,7,0.018,0.156,0.022,0.081,-0.061,0.067,-0.07,0.066,-0.061,0.071
1937,8,0.04,0.161,0.022,0.08,-0.06,0.067,-0.069,0.067,-0.061,0.071
1937,9,0.118,0.142,0.042,0.079,-0.056,0.067,-0.07,0.067,-0.061,0.071
1937,10,0.145,0.118,0.055,0.079,-0.049,0.067,-0.069,0.068,-0.06,0.071
1937,11,0.075,0.11,0.05,0.079,-0.042,0.067,-0.066,0.068,-0.06,0.071
1937,12,-0.019,0.106,0.038,0.078,-0.038,0.067,-0.064,0.069,-0.059,0.071
1938,1,0.084,0.103,0.031,0.078,-0.033,0.067,-0.062,0.069,-0.059,0.071
1938,2,0.08,0.097,0.025,0.078,-0.028,0.067,-0.059,0.07,-0.06,0.071
1938,3,0.083,0.099,0.019,0.077,-0.023,0.068,-0.057,0.071,-0.06,0.071
1938,4,0.057,0.124,0.025,0.077,-0.021,0.068,-0.053,0.071,-0.059,0.071
1938,5,-0.095,0.133,0.024,0.077,-0.016,0.068,-0.05,0.072,-0.058,0.071
1938,6,-0.131,0.118,0.017,0.076,-0.009,0.068,-0.047,0.073,-0.056,0.071
1938,7,-0.071,0.154,0.008,0.076,-0.004,0.068,-0.044,0.073,-0.056,0.072
1938,8,-0.023,0.16,-0.006,0.077,0.003,0.067,-0.042,0.074,-0.055,0.072
1938,9,0.043,0.136,-0.03,0.077,0.008,0.067,-0.039,0.075,-0.055,0.072
1938,10,0.213,0.112,-0.035,0.077,0.01,0.067,-0.034,0.076,-0.054,0.072
1938,11,0.07,0.106,-0.021,0.076,0.013,0.067,-0.03,0.077,-0.054,0.072
1938,12,-0.106,0.103,-0.009,0.076,0.017,0.067,-0.024,0.077,-0.055,0.072
1939,1,-0.028,0.102,-0.006,0.076,0.02,0.068,-0.019,0.078,-0.053,0.072
1939,2,-0.083,0.1,-0.006,0.077,0.022,0.068,-0.016,0.079,-0.052,0.072
1939,3,-0.203,0.097,-0.013,0.077,0.02,0.069,-0.011,0.08,-0.05,0.072
1939,4,-0.011,0.117,-0.037,0.079,0.023,0.07,-0.006,0.081,-0.049,0.072
1939,5,0.076,0.131,-0.048,0.08,0.024,0.071,-0.004,0.082,-0.048,0.072
1939,6,0.018,0.125,-0.004,0.081,0.027,0.072,-0.001,0.083,-0.047,0.072
1939,7,-0.045,0.157,0.005,0.082,0.034,0.073,0.001,0.084,-0.046,0.072
1939,8,-0.023,0.165,0.021,0.083,0.033,0.075,0.004,0.085,-0.045,0.072
1939,9,-0.04,0.144,0.045,0.084,0.037,0.076,0.008,0.086,-0.045,0.072
1939,10,-0.073,0.133,0.057,0.086,0.038,0.077,0.01,0.087,-0.044,0.072
1939,11,-0.061,0.122,0.054,0.088,0.04,0.079,0.01,0.088,-0.044,0.072
1939,12,0.429,0.119,0.054,0.089,0.041,0.081,0.012,0.089,-0.042,0.072
1940,1,0.074,0.108,0.068,0.091,0.04,0.082,0.016,0.09,-0.043,0.072
1940,2,0.114,0.111,0.075,0.092,0.038,0.084,0.015,0.091,-0.043,0.072
1940,3,0.082,0.106,0.085,0.092,0.035,0.086,0.017,0.092,-0.043,0.072
1940,4,0.13,0.131,0.095,0.092,0.033,0.088,0.021,0.094,-0.043,0.072
1940,5,0.04,0.141,0.095,0.092,0.032,0.09,0.024,0.095,-0.042,0.072
1940,6,0.022,0.128,0.077,0.092,0.034,0.092,0.026,0.096,-0.041,0.072
1940,7,0.125,0.166,0.071,0.09,0.032,0.094,0.028,0.097,-0.041,0.072
1940,8,0.062,0.171,0.072,0.091,0.033,0.096,0.031,0.098,-0.041,0.072
1940,9,0.072,0.147,0.061,0.094,0.03,0.099,0.034,0.099,-0.041,0.072
1940,10,0.049,0.129,0.048,0.099,0.032,0.101,0.036,0.1,-0.042,0.072
1940,11,-0.056,0.122,0.046,0.106,0.035,0.103,0.04,0.102,-0.044,0.072
1940,12,0.216,0.118,0.048,0.115,0.036,0.105,0.041,0.103,-0.045,0.072
1941,1,-0.005,0.199,0.048,0.126,0.039,0.108,0.044,0.103,-0.046,0.072
1941,2,0.133,0.201,0.042,0.137,0.041,0.11,0.046,0.103,-0.046,0.072
1941,3,-0.06,0.2,0.018,0.149,0.041,0.113,0.049,0.103,-0.047,0.072
1941,4,-0.024,0.214,0.033,0.162,0.042,0.115,0.051,0.103,-0.046,0.072
1941,5,0.018,0.218,0.035,0.175,0.044,0.118,0.052,0.103,-0.045,0.072
1941,6,0.051,0.206,0.034,0.189,0.05,0.12,0.051,0.103,-0.044,0.072
1941,7,0.12,0.228,0.063,0.189,0.057,0.123,0.051,0.103,-0.044,0.072
1941,8,-0.014,0.235,0.053,0.189,0.063,0.125,0.051,0.104,-0.043,0.072
1941,9,-0.207,0.218,0.065,0.19,0.07,0.128,0.051,0.104,-0.042,0.072
1941,10,0.219,0.206,0.068,0.189,0.073,0.131,0.051,0.104,-0.042,0.072
1941,11,-0.024,0.207,0.073,0.189,0.075,0.133,0.051,0.104,-0.041,0.072
1941,12,0.198,0.206,0.072,0.19,0.076,0.136,0.048,0.104,-0.041,0.072
1942,1,0.349,0.202,0.059,0.19,0.08,0.138,0.049,0.104,-0.04,0.072
1942,2,0.01,0.205,0.054,0.19,0.084,0.141,0.048,0.104,-0.039,0.072
1942,3,0.083,0.202,0.065,0.19,0.088,0.144,0.051,0.104,-0.039,0.072
1942,4,0.012,0.21,0.049,0.191,0.094,0.146,0.052,0.105,-0.039,0.072
1942,5,0.078,0.22,0.052,0.191,0.096,0.149,0.052,0.105,-0.038,0.072
1942,6,0.038,0.208,0.044,0.191,0.091,0.152,0.051,0.105,-0.037,0.072
1942,7,-0.029,0.23,0.012,0.191,0.092,0.154,0.051,0.105,-0.035,0.072
1942,8,-0.075,0.238,0.022,0.191,0.09,0.157,0.049,0.105,-0.034,0.072
1942,9,-0.074,0.221,0.011,0.191,0.09,0.16,0.047,0.105,-0.034,0.072
1942,10,0.021,0.209,0.022,0.191,0.091,0.163,0.047,0.105,-0.033,0.072
1942,11,0.007,0.205,0.022,0.191,0.091,0.165,0.047,0.106,-0.032,0.072
1942,12,0.109,0.206,0.016,0.191,0.09,0.168,0.047,0.106,-0.031,0.072
1943,1,-0.041,0.205,0.025,0.191,0.088,0.171,0.047,0.106,-0.03,0.072
1943,2,0.131,0.203,0.041,0.191,0.091,0.174,0.045,0.106,-0.028,0.072
1943,3,-0.041,0.203,0.049,0.19,0.091,0.176,0.042,0.106,-0.026,0.072
1943,4,0.134,0.213,0.073,0.19,0.094,0.179,0.041,0.106,-0.024,0.072
1943,5,0.086,0.218,0.085,0.19,0.095,0.182,0.042,0.107,-0.021,0.072
1943,6,-0.031,0.208,0.099,0.19,0.09,0.184,0.044,0.107,-0.019,0.072
1943,7,0.081,0.23,0.134,0.19,0.091,0.182,0.043,0.107,-0.017,0.072
1943,8,0.106,0.23,0.144,0.19,0.088,0.179,0.043,0.107,-0.015,0.072
1943,9,0.024,0.212,0.169,0.19,0.09,0.176,0.041,0.107,-0.014,0.072
1943,10,0.31,0.205,0.173,0.19,0.092,0.173,0.039,0.108,-0.012,0.072
1943,11,0.156,0.205,0.179,0.19,0.09,0.171,0.037,0.108,-0.011,0.072
1943,12,0.269,0.205,0.191,0.19,0.086,0.168,0.035,0.108,-0.008,0.072
1944,1,0.39,0.2,0.199,0.19,0.083,0.165,0.036,0.108,-0.008,0.072
1944,2,0.248,0.202,0.209,0.19,0.08,0.163,0.035,0.108,-0.008,0.072
1944,3,0.258,0.2,0.223,0.19,0.082,0.16,0.036,0.109,-0.007,0.072
1944,4,0.175,0.211,0.221,0.191,0.078,0.158,0.036,0.109,-0.005,0.072
1944,5,0.169,0.215,0.214,0.191,0.077,0.155,0.034,0.109,-0.005,0.072
1944,6,0.111,0.211,0.202,0.191,0.069,0.153,0.032,0.109,-0.004,0.072
1944,7,0.178,0.226,0.179,0.192,0.063,0.15,0.031,0.109,-0.004,0.072
1944,8,0.226,0.233,0.157,0.192,0.064,0.147,0.031,0.109,-0.004,0.072
1944,9,0.187,0.213,0.142,0.192,0.064,0.145,0.029,0.11,-0.003,0.072
1944,10,0.282,0.208,0.146,0.192,0.066,0.143,0.03,0.11,-0.003,0.072
1944,11,0.069,0.208,0.133,0.192,0.063,0.14,0.029,0.11,-0.002,0.072
1944,12,0.131,0.209,0.124,0.193,0.062,0.138,0.025,0.11,-0.003,0.072
1945,1,0.109,0.206,0.108,0.193,0.061,0.136,0.023,0.11,-0.0,0.072
1945,2,-0.016,0.205,0.108,0.193,0.061,0.133,0.019,0.11,-0.001,0.072
1945,3,0.085,0.204,0.101,0.193,0.06,0.131,0.017,0.11,-0.002,0.072
1945,4,0.22,0.211,0.096,0.192,0.062,0.129,0.015,0.11,-0.001,0.072
1945,5,0.013,0.217,0.09,0.191,0.063,0.127,0.014,0.11,-0.0,0.072
1945,6,0.003,0.214,0.074,0.189,0.06,0.125,0.013,0.11,0.001,0.072
1945,7,-0.01,0.234,0.069,0.176,0.062,0.123,0.012,0.11,0.001,0.072
1945,8,0.226,0.239,0.067,0.163,0.057,0.121,0.01,0.109,0.003,0.072
1945,9,0.101,0.215,0.062,0.151,0.054,0.119,0.008,0.109,0.003,0.072
1945,10,0.216,0.203,0.05,0.141,0.05,0.118,0.006,0.109,0.003,0.072
1945,11,0.001,0.197,0.044,0.132,0.05,0.116,0.004,0.109,0.004,0.072
1945,12,-0.065,0.199,0.027,0.124,0.051,0.114,0.0,0.109,0.004,0.072
1946,1,0.057,0.152,0.022,0.119,0.048,0.113,-0.002,0.108,0.004,0.072
1946,2,-0.046,0.147,-0.011,0.116,0.045,0.111,-0.007,0.107,0.005,0.072
1946,3,0.03,0.143,-0.03,0.116,0.042,0.11,-0.007,0.106,0.006,0.072
1946,4,0.075,0.154,-0.05,0.119,0.036,0.109,-0.007,0.105,0.005,0.072
1946,5,-0.061,0.166,-0.056,0.123,0.03,0.107,-0.006,0.104,0.005,0.072
1946,6,-0.199,0.153,-0.072,0.128,0.021,0.106,-0.006,0.103,0.005,0.072
1946,7,-0.075,0.183,-0.077,0.127,0.016,0.105,-0.006,0.102,0.005,0.072
1946,8,-0.167,0.188,-0.071,0.125,0.008,0.104,-0.005,0.101,0.004,0.072
1946,9,-0.13,0.167,-0.063,0.125,0.003,0.103,-0.002,0.1,0.004,0.072
1946,10,-0.015,0.155,-0.062,0.125,-0.002,0.102,-0.002,0.099,0.002,0.072
1946,11,-0.077,0.145,-0.062,0.124,-0.006,0.101,-0.002,0.098,0.002,0.071
1946,12,-0.256,0.138,-0.05,0.124,-0.012,0.1,-0.002,0.097,0.002,0.071
1947,1,0.002,0.138,-0.048,0.124,-0.018,0.1,-0.003,0.096,0.002,0.071
1947,2,0.025,0.133,-0.043,0.124,-0.023,0.099,-0.002,0.095,0.001,0.071
1947,3,0.128,0.135,-0.042,0.123,-0.029,0.098,-0.003,0.094,0.001,0.071
1947,4,0.077,0.151,-0.031,0.123,-0.034,0.098,-0.003,0.093,0.002,0.071
1947,5,-0.054,0.162,-0.019,0.123,-0.038,0.097,-0.003,0.092,0.003,0.071
1947,6,-0.056,0.154,-0.003,0.123,-0.041,0.097,-0.002,0.091,0.003,0.071
1947,7,-0.048,0.182,0.003,0.123,-0.046,0.097,-0.001,0.09,0.003,0.071
1947,8,-0.117,0.182,-0.012,0.123,-0.052,0.096,0.001,0.089,0.004,0.071
1947,9,-0.112,0.163,-0.041,0.123,-0.055,0.096,0.002,0.088,0.004,0.071
1947,10,0.118,0.151,-0.055,0.122,-0.062,0.096,0.003,0.088,0.003,0.071
1947,11,0.061,0.144,-0.046,0.122,-0.063,0.096,0.002,0.087,0.003,0.071
1947,12,-0.063,0.14,-0.039,0.121,-0.064,0.096,0.002,0.086,0.004,0.071
1948,1,0.08,0.133,-0.044,0.121,-0.064,0.097,0.003,0.085,0.005,0.071
1948,2,-0.16,0.133,-0.039,0.12,-0.071,0.097,0.003,0.084,0.006,0.071
1948,3,-0.217,0.136,-0.043,0.119,-0.076,0.098,0.005,0.083,0.006,0.071
1948,4,-0.089,0.146,-0.056,0.119,-0.082,0.098,0.006,0.083,0.006,0.071
1948,5,0.049,0.153,-0.077,0.118,-0.088,0.098,0.008,0.082,0.006,0.071
1948,6,0.031,0.149,-0.097,0.118,-0.09,0.099,0.01,0.081,0.006,0.071
1948,7,-0.109,0.169,-0.096,0.116,-0.096,0.098,0.01,0.081,0.007,0.071
1948,8,-0.06,0.169,-0.099,0.115,-0.102,0.097,0.011,0.08,0.006,0.071
1948,9,-0.157,0.148,-0.087,0.113,-0.105,0.096,0.011,0.08,0.006,0.071
1948,10,-0.035,0.142,-0.088,0.112,-0.106,0.095,0.01,0.079,0.005,0.071
1948,11,-0.198,0.139,-0.099,0.11,-0.103,0.094,0.008,0.079,0.005,0.071
1948,12,-0.297,0.132,-0.121,0.108,-0.098,0.093,0.007,0.078,0.006,0.071
1949,1,0.089,0.119,-0.127,0.107,-0.096,0.092,0.002,0.077,0.006,0.071
1949,2,-0.193,0.117,-0.131,0.105,-0.09,0.091,-0.0,0.077,0.007,0.071
1949,3,-0.078,0.115,-0.131,0.104,-0.086,0.09,-0.003,0.076,0.008,0.071
1949,4,-0.096,0.128,-0.131,0.102,-0.082,0.089,-0.004,0.076,0.009,0.071
1949,5,-0.08,0.141,-0.126,0.099,-0.081,0.088,-0.006,0.076,0.009,0.071
1949,6,-0.245,0.134,-0.106,0.097,-0.073,0.087,-0.007,0.075,0.01,0.071
1949,7,-0.173,0.158,-0.132,0.096,-0.07,0.086,-0.01,0.075,0.01,0.071
1949,8,-0.108,0.159,-0.144,0.094,-0.068,0.085,-0.012,0.075,0.01,0.071
1949,9,-0.165,0.135,-0.147,0.093,-0.071,0.084,-0.014,0.074,0.01,0.071
1949,10,-0.026,0.116,-0.156,0.092,-0.071,0.083,-0.016,0.074,0.01,0.07
1949,11,-0.138,0.109,-0.155,0.091,-0.069,0.083,-0.015,0.074,0.01,0.07
1949,12,-0.061,0.106,-0.136,0.089,-0.066,0.082,-0.017,0.073,0.008,0.07
1950,1,-0.225,0.101,-0.124,0.088,-0.063,0.081,-0.016,0.073,0.008,0.07
1950,2,-0.337,0.101,-0.129,0.087,-0.059,0.08,-0.017,0.073,0.008,0.07
1950,3,-0.113,0.098,-0.131,0.085,-0.056,0.079,-0.02,0.073,0.006,0.07
1950,4,-0.2,0.114,-0.143,0.084,-0.056,0.078,-0.023,0.073,0.005,0.07
1950,5,-0.069,0.121,-0.16,0.083,-0.059,0.077,-0.024,0.073,0.004,0.07
1950,6,-0.019,0.115,-0.17,0.082,-0.056,0.076,-0.025,0.073,0.004,0.07
1950,7,-0.025,0.136,-0.179,0.081,-0.056,0.075,-0.025,0.073,0.004,0.07
1950,8,-0.17,0.125,-0.183,0.08,-0.05,0.075,-0.026,0.073,0.004,0.07
1950,9,-0.194,0.114,-0.185,0.079,-0.045,0.074,-0.028,0.073,0.004,0.07
1950,10,-0.17,0.105,-0.17,0.078,-0.038,0.073,-0.03,0.073,0.004,0.069
1950,11,-0.339,0.095,-0.154,0.077,-0.035,0.072,-0.032,0.073,0.003,0.069
1950,12,-0.183,0.095,-0.143,0.076,-0.031,0.072,-0.034,0.073,0.003,0.069
1951,1,-0.327,0.085,-0.136,0.074,-0.027,0.071,-0.035,0.072,0.003,0.069
1951,2,-0.392,0.086,-0.107,0.074,-0.023,0.071,-0.036,0.072,0.004,0.068
1951,3,-0.136,0.086,-0.082,0.073,-0.019,0.07,-0.038,0.071,0.004,0.068
1951,4,-0.018,0.096,-0.05,0.072,-0.016,0.069,-0.04,0.071,0.005,0.067
1951,5,0.128,0.109,-0.022,0.071,-0.013,0.069,-0.042,0.07,0.005,0.067
1951,6,0.108,0.097,0.009,0.071,-0.006,0.068,-0.041,0.07,0.006,0.067
1951,7,0.059,0.115,0.053,0.07,-0.011,0.067,-0.041,0.07,0.005,0.066
1951,8,0.187,0.128,0.099,0.07,-0.009,0.067,-0.043,0.069,0.005,0.066
1951,9,0.098,0.107,0.105,0.071,-0.009,0.067,-0.043,0.069,0.006,0.065
1951,10,0.211,0.092,0.115,0.071,-0.007,0.066,-0.046,0.068,0.005,0.065
1951,11,0.007,0.083,0.11,0.072,-0.006,0.066,-0.046,0.068,0.006,0.064
1951,12,0.187,0.086,0.109,0.072,-0.003,0.066,-0.044,0.067,0.004,0.064
1952,1,0.193,0.084,0.114,0.073,-0.002,0.066,-0.045,0.067,0.003,0.064
1952,2,0.164,0.091,0.108,0.073,-0.001,0.065,-0.046,0.067,0.003,0.063
1952,3,-0.062,0.089,0.11,0.074,0.0,0.065,-0.048,0.066,0.004,0.063
1952,4,0.099,0.116,0.098,0.074,0.002,0.065,-0.048,0.066,0.004,0.062
1952,5,0.072,0.131,0.09,0.075,0.007,0.065,-0.046,0.065,0.003,0.062
1952,6,0.096,0.116,0.082,0.075,0.007,0.064,-0.044,0.065,0.003,0.062
1952,7,0.119,0.15,0.074,0.076,0.014,0.064,-0.044,0.065,0.003,0.061
1952,8,0.116,0.149,0.077,0.076,0.018,0.064,-0.042,0.064,0.003,0.061
1952,9,0.121,0.124,0.09,0.077,0.015,0.064,-0.04,0.064,0.003,0.06
1952,10,0.069,0.102,0.109,0.076,0.017,0.064,-0.041,0.063,0.002,0.06
1952,11,-0.098,0.099,0.124,0.077,0.015,0.064,-0.041,0.063,0.002,0.06
1952,12,0.091,0.097,0.137,0.077,0.014,0.064,-0.039,0.063,0.002,0.059
1953,1,0.098,0.09,0.138,0.077,0.013,0.064,-0.037,0.062,0.002,0.059
1953,2,0.197,0.095,0.141,0.077,0.018,0.064,-0.034,0.062,0.002,0.059
1953,3,0.104,0.094,0.14,0.078,0.019,0.064,-0.031,0.062,0.001,0.058
1953,4,0.319,0.114,0.144,0.078,0.022,0.064,-0.03,0.061,0.0,0.058
1953,5,0.257,0.13,0.152,0.078,0.023,0.064,-0.03,0.061,-0.0,0.058
1953,6,0.252,0.123,0.156,0.079,0.022,0.064,-0.031,0.061,-0.0,0.057
1953,7,0.132,0.148,0.13,0.079,0.027,0.064,-0.03,0.06,-0.0,0.057
1953,8,0.146,0.151,0.109,0.078,0.031,0.063,-0.03,0.06,0.0,0.057
1953,9,0.116,0.124,0.093,0.078,0.029,0.063,-0.03,0.06,0.001,0.056
1953,10,0.119,0.104,0.067,0.078,0.026,0.064,-0.029,0.06,0.0,0.056
1953,11,-0.01,0.099,0.044,0.078,0.019,0.064,-0.027,0.059,0.0,0.056
1953,12,0.137,0.097,0.019,0.077,0.015,0.063,-0.024,0.059,-0.001,0.056
1954,1,-0.204,0.089,-0.001,0.077,0.013,0.064,-0.023,0.059,-0.003,0.055
1954,2,-0.056,0.094,-0.02,0.076,0.005,0.064,-0.022,0.058,-0.004,0.055
1954,3,-0.086,0.092,-0.036,0.075,-0.001,0.064,-0.02,0.058,-0.007,0.055
1954,4,0.004,0.108,-0.038,0.075,-0.009,0.063,-0.017,0.058,-0.009,0.055
1954,5,-0.022,0.115,-0.024,0.074,-0.012,0.063,-0.016,0.058,-0.011,0.055
1954,6,-0.042,0.107,-0.041,0.074,-0.015,0.063,-0.013,0.058,-0.011,0.054
1954,7,-0.119,0.125,-0.006,0.074,-0.02,0.063,-0.011,0.058,-0.012,0.054
1954,8,-0.077,0.126,-0.012,0.074,-0.024,0.063,-0.01,0.058,-0.015,0.054
1954,9,-0.076,0.108,-0.026,0.073,-0.024,0.063,-0.01,0.058,-0.017,0.054
1954,10,0.095,0.095,-0.037,0.073,-0.025,0.063,-0.01,0.058,-0.019,0.054
1954,11,0.157,0.092,-0.05,0.074,-0.024,0.063,-0.01,0.057,-0.02,0.053
1954,12,-0.064,0.092,-0.05,0.073,-0.022,0.063,-0.009,0.057,-0.022,0.053
1955,1,0.217,0.087,-0.049,0.073,-0.025,0.062,-0.007,0.057,-0.023,0.053
1955,2,-0.129,0.089,-0.032,0.073,-0.025,0.062,-0.004,0.057,-0.023,0.053
1955,3,-0.261,0.082,-0.039,0.073,-0.025,0.062,-0.005,0.057,-0.024,0.053
1955,4,-0.124,0.098,-0.046,0.072,-0.025,0.062,-0.005,0.057,-0.026,0.053
1955,5,-0.174,0.111,-0.079,0.072,-0.022,0.062,-0.005,0.057,-0.026,0.053
1955,6,-0.05,0.097,-0.093,0.071,-0.021,0.062,-0.005,0.057,-0.027,0.053
1955,7,-0.1,0.112,-0.117,0.071,-0.017,0.062,-0.005,0.057,-0.027,0.053
1955,8,0.127,0.112,-0.119,0.07,-0.017,0.061,-0.003,0.056,-0.029,0.053
1955,9,-0.16,0.095,-0.116,0.07,-0.017,0.061,-0.001,0.056,-0.03,0.052
1955,10,0.01,0.084,-0.124,0.069,-0.022,0.061,0.001,0.056,-0.031,0.052
1955,11,-0.243,0.08,-0.131,0.068,-0.025,0.061,0.003,0.056,-0.031,0.052
1955,12,-0.232,0.079,-0.138,0.068,-0.03,0.06,0.006,0.056,-0.031,0.052
1956,1,-0.07,0.069,-0.138,0.068,-0.033,0.06,0.009,0.056,-0.032,0.052
1956,2,-0.152,0.078,-0.174,0.068,-0.036,0.06,0.014,0.056,-0.032,0.052
1956,3,-0.221,0.07,-0.18,0.068,-0.04,0.06,0.015,0.056,-0.032,0.052
1956,4,-0.22,0.079,-0.204,0.067,-0.042,0.06,0.017,0.056,-0.032,0.051
1956,5,-0.262,0.094,-0.198,0.067,-0.041,0.059,0.017,0.055,-0.032,0.051
1956,6,-0.135,0.08,-0.179,0.066,-0.041,0.059,0.017,0.055,-0.032,0.051
1956,7,-0.103,0.085,-0.183,0.066,-0.036,0.059,0.017,0.055,-0.031,0.05
1956,8,-0.303,0.083,-0.174,0.065,-0.034,0.059,0.016,0.055,-0.03,0.05
1956,9,-0.225,0.075,-0.163,0.065,-0.031,0.059,0.015,0.055,-0.03,0.05
1956,10,-0.279,0.071,-0.141,0.064,-0.027,0.059,0.013,0.055,-0.03,0.05
1956,11,-0.174,0.068,-0.108,0.063,-0.025,0.058,0.013,0.054,-0.03,0.05
1956,12,0.0,0.071,-0.08,0.063,-0.023,0.058,0.011,0.054,-0.029,0.049
1957,1,-0.12,0.065,-0.074,0.064,-0.021,0.058,0.009,0.054,-0.029,0.049
1957,2,-0.044,0.069,-0.037,0.063,-0.02,0.058,0.009,0.054,-0.031,0.049
1957,3,-0.09,0.067,-0.012,0.063,-0.02,0.058,0.011,0.054,-0.031,0.049
1957,4,0.047,0.072,0.019,0.064,-0.022,0.058,0.01,0.054,-0.031,0.048
1957,5,0.134,0.078,0.038,0.065,-0.027,0.058,0.009,0.053,-0.03,0.048
1957,6,0.195,0.075,0.051,0.064,-0.025,0.057,0.008,0.053,-0.03,0.048
1957,7,-0.028,0.118,0.091,0.064,-0.029,0.057,0.006,0.053,-0.029,0.048
1957,8,0.14,0.072,0.11,0.063,-0.025,0.057,0.005,0.053,-0.029,0.047
1957,9,0.077,0.117,0.127,0.063,-0.026,0.057,0.003,0.053,-0.029,0.047
1957,10,0.096,0.084,0.125,0.064,-0.027,0.057,0.002,0.052,-0.029,0.047
1957,11,0.054,0.085,0.12,0.065,-0.025,0.056,0.003,0.052,-0.03,0.047
1957,12,0.148,0.063,0.098,0.065,-0.024,0.056,0.002,0.052,-0.029,0.046
1958,1,0.358,0.068,0.099,0.063,-0.023,0.056,0.001,0.052,-0.031,0.046
1958,2,0.188,0.077,0.081,0.063,-0.024,0.056,0.001,0.051,-0.031,0.046
1958,3,0.115,0.066,0.065,0.064,-0.02,0.055,-0.002,0.051,-0.029,0.046
1958,4,0.027,0.073,0.061,0.064,-0.019,0.055,-0.005,0.051,-0.029,0.045
1958,5,0.069,0.099,0.06,0.063,-0.018,0.055,-0.008,0.051,-0.03,0.045
1958,6,-0.068,0.076,0.055,0.062,-0.011,0.055,-0.01,0.05,-0.03,0.045
1958,7,-0.018,0.1,0.035,0.062,-0.008,0.054,-0.011,0.05,-0.03,0.045
1958,8,-0.075,0.075,0.023,0.061,-0.003,0.054,-0.01,0.05,-0.031,0.045
1958,9,-0.117,0.079,0.025,0.061,0.001,0.054,-0.009,0.05,-0.031,0.044
1958,10,0.045,0.072,0.039,0.062,0.008,0.053,-0.009,0.05,-0.03,0.044
1958,11,0.052,0.093,0.042,0.062,0.015,0.053,-0.008,0.049,-0.03,0.044
1958,12,0.087,0.103,0.055,0.062,0.019,0.053,-0.009,0.049,-0.029,0.044
1959,1,0.112,0.069,0.058,0.062,0.021,0.052,-0.008,0.049,-0.029,0.044
1959,2,0.042,0.081,0.064,0.061,0.027,0.052,-0.009,0.049,-0.029,0.043
1959,3,0.141,0.067,0.065,0.061,0.031,0.052,-0.01,0.048,-0.029,0.043
1959,4,0.196,0.078,0.06,0.061,0.035,0.051,-0.013,0.048,-0.028,0.043
1959,5,0.103,0.074,0.045,0.061,0.038,0.051,-0.015,0.048,-0.026,0.043
1959,6,0.089,0.073,0.039,0.061,0.036,0.051,-0.015,0.048,-0.025,0.043
1959,7,0.024,0.082,0.029,0.061,0.039,0.051,-0.015,0.047,-0.024,0.042
1959,8,-0.002,0.07,0.035,0.06,0.042,0.05,-0.017,0.047,-0.024,0.042
1959,9,-0.108,0.076,-0.005,0.059,0.045,0.05,-0.019,0.047,-0.023,0.042
1959,10,-0.014,0.078,-0.033,0.059,0.046,0.05,-0.022,0.047,-0.023,0.042
1959,11,-0.137,0.062,-0.046,0.058,0.041,0.049,-0.026,0.047,-0.022,0.042
1959,12,0.021,0.061,-0.054,0.057,0.038,0.049,-0.027,0.046,-0.02,0.042
1960,1,-0.006,0.063,-0.06,0.057,0.038,0.049,-0.029,0.046,-0.019,0.042
1960,2,0.108,0.065,-0.053,0.057,0.034,0.048,-0.029,0.046,-0.017,0.041
1960,3,-0.335,0.064,-0.039,0.056,0.031,0.048,-0.029,0.046,-0.016,0.041
1960,4,-0.139,0.063,-0.033,0.056,0.029,0.048,-0.029,0.045,-0.015,0.041
1960,5,-0.057,0.073,-0.036,0.056,0.028,0.047,-0.028,0.045,-0.015,0.041
1960,6,-0.005,0.066,-0.019,0.055,0.026,0.047,-0.029,0.045,-0.015,0.041
1960,7,-0.052,0.074,-0.014,0.055,0.02,0.047,-0.029,0.045,-0.015,0.04
1960,8,0.082,0.098,-0.008,0.055,0.019,0.046,-0.031,0.044,-0.015,0.04
1960,9,0.062,0.066,0.023,0.055,0.013,0.046,-0.031,0.044,-0.013,0.04
1960,10,0.065,0.074,0.048,0.055,0.012,0.046,-0.031,0.044,-0.013,0.04
1960,11,-0.172,0.066,0.067,0.056,0.009,0.045,-0.03,0.044,-0.011,0.04
1960,12,0.222,0.059,0.078,0.054,0.01,0.045,-0.028,0.043,-0.011,0.04
1961,1,0.058,0.061,0.084,0.054,0.011,0.045,-0.029,0.043,-0.01,0.04
1961,2,0.173,0.068,0.078,0.051,0.016,0.045,-0.028,0.043,-0.009,0.039
1961,3,0.041,0.071,0.076,0.051,0.021,0.045,-0.026,0.043,-0.01,0.039
1961,4,0.155,0.063,0.068,0.049,0.023,0.044,-0.025,0.043,-0.01,0.039
1961,5,0.173,0.071,0.083,0.047,0.024,0.044,-0.023,0.042,-0.011,0.039
1961,6,0.129,0.069,0.055,0.047,0.023,0.044,-0.022,0.042,-0.012,0.039
1961,7,0.016,0.064,0.055,0.046,0.02,0.044,-0.02,0.042,-0.012,0.039
1961,8,0.011,0.067,0.05,0.046,0.017,0.044,-0.018,0.042,-0.013,0.038
1961,9,0.045,0.064,0.057,0.046,0.01,0.043,-0.016,0.041,-0.014,0.038
1961,10,-0.039,0.064,0.049,0.047,0.001,0.043,-0.015,0.041,-0.015,0.038
1961,11,0.013,0.052,0.025,0.046,-0.005,0.043,-0.014,0.041,-0.015,0.038
1961,12,-0.121,0.05,0.015,0.046,-0.007,0.042,-0.014,0.041,-0.017,0.038
1962,1,0.063,0.05,0.007,0.046,-0.009,0.042,-0.014,0.041,-0.019,0.038
1962,2,0.115,0.05,0.0,0.046,-0.014,0.042,-0.015,0.041,-0.02,0.038
1962,3,0.128,0.064,-0.011,0.044,-0.018,0.042,-0.014,0.04,-0.02,0.037
1962,4,0.051,0.071,-0.011,0.045,-0.022,0.041,-0.014,0.04,-0.02,0.037
1962,5,-0.115,0.062,-0.012,0.045,-0.024,0.041,-0.014,0.04,-0.02,0.037
1962,6,0.012,0.058,-0.001,0.045,-0.029,0.041,-0.015,0.04,-0.02,0.037
1962,7,-0.074,0.07,-0.007,0.045,-0.029,0.04,-0.015,0.04,-0.021,0.037
1962,8,-0.071,0.056,-0.006,0.046,-0.034,0.04,-0.016,0.039,-0.021,0.036
1962,9,-0.093,0.087,-0.035,0.045,-0.031,0.04,-0.017,0.039,-0.021,0.036
1962,10,-0.036,0.09,-0.045,0.045,-0.032,0.04,-0.017,0.039,-0.021,0.036
1962,11,0.002,0.053,-0.042,0.045,-0.032,0.04,-0.019,0.039,-0.021,0.036
1962,12,0.002,0.054,-0.046,0.045,-0.034,0.04,-0.02,0.039,-0.02,0.036
1963,1,0.002,0.047,-0.034,0.046,-0.035,0.039,-0.025,0.039,-0.02,0.035
1963,2,0.121,0.054,-0.007,0.046,-0.038,0.039,-0.027,0.038,-0.02,0.035
1963,3,-0.222,0.052,0.015,0.049,-0.042,0.039,-0.027,0.038,-0.019,0.035
1963,4,-0.063,0.072,0.03,0.05,-0.043,0.039,-0.028,0.038,-0.019,0.035
1963,5,-0.088,0.062,0.039,0.051,-0.042,0.039,-0.029,0.038,-0.019,0.035
1963,6,-0.025,0.059,0.043,0.051,-0.045,0.039,-0.029,0.038,-0.019,0.034
1963,7,0.065,0.081,0.036,0.051,-0.049,0.039,-0.031,0.037,-0.02,0.034
1963,8,0.252,0.068,0.015,0.052,-0.052,0.039,-0.031,0.037,-0.02,0.034
1963,9,0.176,0.097,0.009,0.05,-0.054,0.039,-0.032,0.037,-0.021,0.034
1963,10,0.137,0.058,-0.013,0.048,-0.057,0.039,-0.032,0.037,-0.021,0.034
1963,11,0.111,0.062,-0.029,0.048,-0.061,0.038,-0.033,0.037,-0.021,0.033
1963,12,0.045,0.051,-0.03,0.049,-0.063,0.038,-0.034,0.036,-0.021,0.033
1964,1,-0.079,0.06,-0.043,0.047,-0.062,0.038,-0.035,0.036,-0.021,0.033
1964,2,-0.124,0.05,-0.088,0.049,-0.063,0.038,-0.036,0.036,-0.022,0.033
1964,3,-0.294,0.059,-0.131,0.046,-0.063,0.038,-0.038,0.036,-0.022,0.033
1964,4,-0.334,0.065,-0.167,0.045,-0.065,0.038,-0.038,0.035,-0.022,0.032
1964,5,-0.275,0.052,-0.197,0.044,-0.066,0.038,-0.037,0.035,-0.022,0.032
1964,6,-0.041,0.069,-0.22,0.044,-0.064,0.038,-0.037,0.035,-0.022,0.032
1964,7,-0.095,0.055,-0.216,0.043,-0.066,0.038,-0.038,0.035,-0.022,0.032
1964,8,-0.285,0.136,-0.22,0.043,-0.072,0.038,-0.038,0.034,-0.021,0.031
1964,9,-0.343,0.059,-0.21,0.043,-0.074,0.038,-0.036,0.034,-0.021,0.031
1964,10,-0.284,0.051,-0.198,0.044,-0.074,0.038,-0.036,0.034,-0.021,0.031
1964,11,-0.254,0.053,-0.181,0.046,-0.069,0.038,-0.034,0.034,-0.022,0.031
1964,12,-0.235,0.045,-0.185,0.048,-0.069,0.038,-0.032,0.033,-0.022,0.031
1965,1,-0.031,0.049,-0.19,0.045,-0.067,0.038,-0.03,0.033,-0.023,0.031
1965,2,-0.168,0.059,-0.171,0.043,-0.066,0.037,-0.03,0.033,-0.022,0.03
1965,3,-0.177,0.057,-0.16,0.043,-0.065,0.037,-0.027,0.033,-0.02,0.03
1965,4,-0.183,0.055,-0.137,0.043,-0.064,0.037,-0.025,0.033,-0.019,0.03
1965,5,-0.074,0.102,-0.121,0.043,-0.065,0.037,-0.025,0.032,-0.017,0.03
1965,6,-0.093,0.101,-0.102,0.044,-0.066,0.037,-0.025,0.032,-0.017,0.03
1965,7,-0.154,0.118,-0.112,0.044,-0.069,0.037,-0.025,0.032,-0.017,0.029
1965,8,-0.061,0.053,-0.101,0.044,-0.073,0.037,-0.026,0.032,-0.018,0.029
1965,9,-0.202,0.057,-0.091,0.044,-0.068,0.037,-0.026,0.031,-0.018,0.029
1965,10,-0.011,0.058,-0.077,0.045,-0.067,0.037,-0.026,0.031,-0.018,0.029
1965,11,-0.065,0.072,-0.078,0.047,-0.068,0.036,-0.026,0.031,-0.018,0.029
1965,12,-0.002,0.055,-0.07,0.053,-0.069,0.036,-0.028,0.031,-0.017,0.028
1966,1,-0.15,0.047,-0.049,0.05,-0.073,0.036,-0.029,0.031,-0.017,0.028
1966,2,-0.038,0.053,-0.047,0.05,-0.079,0.035,-0.032,0.031,-0.017,0.028
1966,3,-0.057,0.069,-0.03,0.05,-0.086,0.035,-0.035,0.03,-0.017,0.028
1966,4,-0.014,0.055,-0.042,0.048,-0.086,0.035,-0.036,0.03,-0.016,0.028
1966,5,-0.091,0.053,-0.039,0.046,-0.09,0.035,-0.038,0.03,-0.016,0.027
1966,6,0.006,0.069,-0.039,0.045,-0.091,0.034,-0.04,0.03,-0.016,0.027
1966,7,0.098,0.069,-0.034,0.044,-0.09,0.034,-0.041,0.03,-0.016,0.027
1966,8,-0.039,0.057,-0.049,0.044,-0.09,0.034,-0.042,0.029,-0.016,0.027
1966,9,0.003,0.055,-0.041,0.044,-0.086,0.034,-0.043,0.029,-0.015,0.027
1966,10,-0.158,0.07,-0.039,0.043,-0.077,0.033,-0.043,0.029,-0.014,0.027
1966,11,-0.027,0.048,-0.013,0.043,-0.069,0.033,-0.044,0.029,-0.014,0.027
1966,12,-0.003,0.054,-0.014,0.043,-0.066,0.033,-0.044,0.029,-0.013,0.026
1967,1,-0.083,0.047,-0.02,0.043,-0.066,0.033,-0.047,0.029,-0.011,0.026
1967,2,-0.227,0.06,-0.017,0.042,-0.061,0.032,-0.049,0.029,-0.01,0.026
1967,3,0.047,0.051,-0.02,0.042,-0.055,0.032,-0.05,0.028,-0.009,0.026
1967,4,0.012,0.055,-0.003,0.041,-0.049,0.032,-0.051,0.028,-0.008,0.026
1967,5,0.214,0.061,-0.009,0.04,-0.043,0.032,-0.049,0.028,-0.007,0.026
1967,6,-0.001,0.054,-0.009,0.039,-0.035,0.031,-0.049,0.028,-0.006,0.025
1967,7,0.025,0.053,-0.019,0.039,-0.032,0.031,-0.048,0.028,-0.005,0.025
1967,8,-0.005,0.066,-0.012,0.038,-0.026,0.031,-0.046,0.027,-0.004,0.025
1967,9,-0.037,0.055,-0.007,0.038,-0.023,0.031,-0.045,0.027,-0.004,0.025
1967,10,0.054,0.051,-0.011,0.037,-0.019,0.03,-0.045,0.027,-0.004,0.025
1967,11,-0.1,0.051,-0.039,0.037,-0.017,0.03,-0.045,0.027,-0.003,0.025
1967,12,-0.01,0.04,-0.044,0.036,-0.016,0.03,-0.043,0.027,-0.004,0.025
1968,1,-0.195,0.042,-0.061,0.036,-0.014,0.03,-0.041,0.027,-0.005,0.024
1968,2,-0.15,0.052,-0.071,0.036,-0.015,0.029,-0.04,0.026,-0.004,0.024
1968,3,0.111,0.056,-0.086,0.036,-0.01,0.029,-0.036,0.026,-0.004,0.024
1968,4,-0.04,0.064,-0.083,0.038,-0.01,0.029,-0.033,0.026,-0.003,0.024
1968,5,-0.116,0.068,-0.082,0.037,-0.01,0.029,-0.03,0.026,-0.003,0.024
1968,6,-0.066,0.053,-0.085,0.037,-0.011,0.028,-0.029,0.026,-0.002,0.024
1968,7,-0.181,0.051,-0.072,0.037,-0.01,0.028,-0.029,0.025,-0.002,0.023
1968,8,-0.117,0.048,-0.068,0.038,-0.012,0.028,-0.03,0.025,-0.002,0.023
1968,9,-0.227,0.053,-0.081,0.037,-0.015,0.028,-0.032,0.025,-0.001,0.023
1968,10,0.089,0.094,-0.062,0.037,-0.016,0.027,-0.032,0.025,-0.002,0.023
1968,11,-0.081,0.045,-0.033,0.036,-0.016,0.027,-0.033,0.024,-0.001,0.023
1968,12,-0.049,0.04,-0.018,0.037,-0.018,0.027,-0.033,0.024,-0.001,0.023
1969,1,-0.033,0.041,-0.01,0.037,-0.021,0.027,-0.034,0.024,-0.0,0.023
1969,2,-0.111,0.04,-0.0,0.036,-0.022,0.026,-0.035,0.024,-0.001,0.023
1969,3,-0.037,0.073,0.021,0.035,-0.023,0.026,-0.034,0.024,-0.001,0.022
1969,4,0.178,0.054,0.02,0.035,-0.021,0.026,-0.031,0.023,-0.0,0.022
1969,5,0.234,0.05,0.034,0.034,-0.022,0.026,-0.029,0.023,-0.001,0.022
1969,6,0.12,0.066,0.062,0.034,-0.024,0.026,-0.029,0.023,-0.001,0.022
1969,7,-0.084,0.045,0.077,0.033,-0.027,0.025,-0.029,0.023,-0.0,0.022
1969,8,-0.002,0.052,0.1,0.032,-0.026,0.025,-0.025,0.023,0.0,0.021
1969,9,0.032,0.045,0.105,0.032,-0.027,0.025,-0.022,0.023,0.002,0.021
1969,10,0.078,0.065,0.096,0.031,-0.027,0.025,-0.02,0.023,0.003,0.021
1969,11,0.077,0.041,0.077,0.031,-0.03,0.025,-0.019,0.023,0.005,0.021
1969,12,0.29,0.04,0.064,0.031,-0.029,0.024,-0.017,0.022,0.007,0.021
1970,1,0.148,0.035,0.069,0.03,-0.03,0.024,-0.017,0.022,0.008,0.021
1970,2,0.169,0.035,0.06,0.031,-0.027,0.024,-0.014,0.022,0.01,0.021
1970,3,0.025,0.055,0.065,0.03,-0.026,0.024,-0.011,0.022,0.013,0.021
1970,4,0.071,0.054,0.06,0.03,-0.026,0.024,-0.009,0.022,0.015,0.02
1970,5,0.007,0.038,0.048,0.03,-0.025,0.024,-0.007,0.022,0.017,0.02
1970,6,-0.039,0.039,0.015,0.029,-0.021,0.024,-0.006,0.022,0.018,0.02
1970,7,-0.032,0.047,-0.001,0.028,-0.013,0.024,-0.005,0.022,0.019,0.02
1970,8,-0.1,0.051,-0.032,0.028,-0.006,0.024,-0.006,0.022,0.02,0.02
1970,9,0.084,0.045,-0.053,0.028,-0.005,0.024,-0.004,0.022,0.021,0.02
1970,10,0.023,0.039,-0.065,0.028,0.001,0.023,-0.005,0.022,0.021,0.02
1970,11,-0.066,0.04,-0.071,0.029,0.007,0.023,-0.006,0.022,0.023,0.02
1970,12,-0.107,0.035,-0.078,0.029,0.011,0.023,-0.007,0.021,0.023,0.02
1971,1,-0.049,0.033,-0.084,0.028,0.015,0.023,-0.006,0.021,0.025,0.019
1971,2,-0.202,0.044,-0.082,0.028,0.018,0.023,-0.006,0.021,0.026,0.019
1971,3,-0.228,0.041,-0.093,0.028,0.022,0.022,-0.008,0.021,0.028,0.019
1971,4,-0.07,0.045,-0.099,0.028,0.022,0.022,-0.008,0.021,0.029,0.019
1971,5,-0.063,0.044,-0.101,0.028,0.024,0.022,-0.009,0.021,0.029,0.019
1971,6,-0.123,0.044,-0.102,0.028,0.025,0.022,-0.011,0.021,0.03,0.019
1971,7,-0.104,0.042,-0.119,0.028,0.023,0.022,-0.012,0.021,0.032,0.019
1971,8,-0.079,0.057,-0.119,0.028,0.02,0.022,-0.013,0.021,0.033,0.019
1971,9,-0.046,0.059,-0.1,0.027,0.018,0.022,-0.013,0.021,0.034,0.019
1971,10,-0.055,0.05,-0.093,0.028,0.014,0.022,-0.014,0.021,0.035,0.019
1971,11,-0.091,0.036,-0.083,0.028,0.01,0.022,-0.014,0.021,0.036,0.019
1971,12,-0.115,0.04,-0.068,0.028,0.008,0.022,-0.012,0.021,0.038,0.019
1972,1,-0.255,0.044,-0.062,0.028,0.009,0.022,-0.009,0.021,0.039,0.019
1972,2,-0.2,0.034,-0.041,0.028,0.012,0.022,-0.005,0.021,0.039,0.019
1972,3,-0.005,0.05,-0.036,0.029,0.01,0.022,-0.004,0.021,0.038,0.019
1972,4,0.021,0.043,-0.03,0.029,0.008,0.022,-0.001,0.021,0.038,0.018
1972,5,0.061,0.054,-0.022,0.029,0.006,0.022,0.0,0.021,0.04,0.018
1972,6,0.047,0.056,0.007,0.029,-0.0,0.022,0.004,0.021,0.04,0.018
1972,7,-0.031,0.058,0.049,0.029,-0.002,0.022,0.005,0.021,0.041,0.018
1972,8,0.175,0.051,0.088,0.029,-0.002,0.022,0.008,0.021,0.042,0.018
1972,9,0.019,0.065,0.105,0.029,-0.0,0.022,0.009,0.021,0.043,0.018
1972,10,0.017,0.067,0.129,0.03,0.001,0.022,0.009,0.021,0.043,0.018
1972,11,-0.003,0.039,0.146,0.029,0.004,0.022,0.012,0.021,0.044,0.018
1972,12,0.239,0.03,0.157,0.03,0.005,0.022,0.013,0.021,0.045,0.018
1973,1,0.252,0.034,0.164,0.03,0.005,0.023,0.015,0.021,0.047,0.018
1973,2,0.267,0.039,0.154,0.029,0.004,0.023,0.018,0.021,0.049,0.018
1973,3,0.193,0.038,0.154,0.029,0.002,0.023,0.019,0.021,0.051,0.018
1973,4,0.307,0.059,0.16,0.03,-0.0,0.023,0.021,0.021,0.053,0.018
1973,5,0.269,0.042,0.161,0.03,-0.003,0.023,0.024,0.021,0.055,0.018
1973,6,0.18,0.046,0.142,0.03,-0.002,0.023,0.025,0.021,0.056,0.018
1973,7,0.056,0.056,0.109,0.03,-0.002,0.023,0.027,0.021,0.057,0.018
1973,8,0.047,0.081,0.062,0.03,-0.0,0.023,0.026,0.021,0.057,0.017
1973,9,0.029,0.049,0.035,0.031,-0.0,0.023,0.029,0.021,0.058,0.017
1973,10,0.081,0.054,0.005,0.034,-0.0,0.023,0.029,0.021,0.058,0.017
1973,11,0.017,0.037,-0.02,0.035,-0.003,0.024,0.031,0.021,0.059,0.017
1973,12,0.006,0.036,-0.035,0.034,-0.004,0.024,0.032,0.021,0.059,0.017
1974,1,-0.15,0.039,-0.043,0.034,-0.003,0.024,0.034,0.021,0.061,0.017
1974,2,-0.297,0.049,-0.032,0.034,-0.004,0.024,0.035,0.021,0.062,0.017
1974,3,-0.123,0.056,-0.038,0.035,-0.004,0.024,0.037,0.021,0.065,0.017
1974,4,-0.061,0.058,-0.049,0.035,-0.006,0.024,0.037,0.021,0.067,0.017
1974,5,-0.022,0.044,-0.057,0.035,-0.005,0.024,0.036,0.021,0.069,0.017
1974,6,0.001,0.044,-0.063,0.035,-0.0,0.025,0.036,0.021,0.07,0.017
1974,7,-0.047,0.049,-0.046,0.036,0.009,0.025,0.037,0.021,0.071,0.017
1974,8,0.177,0.066,-0.01,0.036,0.017,0.025,0.038,0.021,0.072,0.017
1974,9,-0.042,0.055,0.013,0.034,0.02,0.025,0.04,0.021,0.075,0.017
1974,10,-0.046,0.046,0.027,0.032,0.025,0.025,0.042,0.021,0.076,0.017
1974,11,-0.079,0.043,0.047,0.032,0.031,0.025,0.043,0.021,0.077,0.017
1974,12,-0.068,0.057,0.05,0.032,0.036,0.025,0.045,0.021,0.078,0.017
1975,1,0.058,0.037,0.05,0.034,0.04,0.025,0.047,0.021,0.08,0.017
1975,2,0.134,0.043,0.019,0.033,0.042,0.025,0.049,0.021,0.081,0.017
1975,3,0.148,0.053,0.02,0.034,0.043,0.025,0.052,0.021,0.082,0.017
1975,4,0.113,0.044,0.018,0.033,0.045,0.025,0.055,0.021,0.084,0.017
1975,5,0.212,0.047,0.006,0.033,0.048,0.025,0.058,0.021,0.085,0.017
1975,6,0.037,0.068,0.004,0.033,0.046,0.025,0.061,0.021,0.086,0.017
1975,7,-0.046,0.07,-0.003,0.033,0.044,0.025,0.063,0.021,0.086,0.017
1975,8,-0.189,0.085,-0.022,0.034,0.043,0.025,0.067,0.021,0.088,0.017
1975,9,-0.035,0.049,-0.054,0.033,0.043,0.025,0.067,0.021,0.089,0.017
1975,10,-0.072,0.044,-0.068,0.034,0.042,0.026,0.069,0.021,0.09,0.017
1975,11,-0.219,0.04,-0.106,0.035,0.04,0.026,0.071,0.021,0.09,0.017
1975,12,-0.097,0.037,-0.123,0.034,0.038,0.025,0.074,0.021,0.091,0.017
1976,1,-0.025,0.038,-0.124,0.032,0.039,0.025,0.079,0.021,0.093,0.017
1976,2,-0.096,0.051,-0.12,0.036,0.035,0.025,0.085,0.021,0.095,0.017
1976,3,-0.23,0.035,-0.12,0.036,0.036,0.025,0.09,0.021,0.096,0.017
1976,4,-0.054,0.04,-0.13,0.035,0.035,0.025,0.094,0.021,0.097,0.017
1976,5,-0.247,0.065,-0.114,0.036,0.037,0.025,0.097,0.021,0.099,0.017
1976,6,-0.171,0.055,-0.092,0.037,0.04,0.025,0.101,0.021,0.1,0.017
1976,7,-0.055,0.106,-0.063,0.037,0.046,0.026,0.105,0.021,0.1,0.017
1976,8,-0.145,0.105,-0.035,0.037,0.049,0.025,0.109,0.021,0.1,0.017
1976,9,-0.027,0.05,0.001,0.037,0.055,0.026,0.111,0.021,0.101,0.017
1976,10,-0.195,0.051,0.032,0.036,0.06,0.026,0.113,0.021,0.102,0.017
1976,11,-0.032,0.045,0.086,0.037,0.062,0.025,0.115,0.021,0.103,0.017
1976,12,0.171,0.041,0.13,0.037,0.063,0.025,0.12,0.021,0.103,0.017
1977,1,0.324,0.04,0.154,0.033,0.065,0.025,0.124,0.021,0.105,0.017
1977,2,0.246,0.047,0.19,0.033,0.064,0.025,0.127,0.021,0.108,0.017
1977,3,0.198,0.036,0.2,0.032,0.07,0.025,0.127,0.021,0.109,0.017
1977,4,0.316,0.038,0.226,0.032,0.075,0.025,0.127,0.021,0.11,0.017
1977,5,0.399,0.06,0.244,0.032,0.08,0.024,0.128,0.021,0.11,0.017
1977,6,0.361,0.042,0.238,0.032,0.09,0.025,0.129,0.021,0.112,0.017
1977,7,0.23,0.055,0.224,0.032,0.095,0.024,0.13,0.021,0.114,0.017
1977,8,0.288,0.051,0.22,0.032,0.101,0.025,0.13,0.021,0.115,0.017
1977,9,0.089,0.045,0.22,0.032,0.105,0.024,0.131,0.021,0.117,0.017
1977,10,0.116,0.051,0.213,0.032,0.11,0.024,0.131,0.022,0.118,0.017
1977,11,0.19,0.039,0.195,0.032,0.113,0.024,0.132,0.022,0.119,0.017
1977,12,0.104,0.055,0.168,0.032,0.116,0.024,0.134,0.022,0.121,0.017
1978,1,0.148,0.04,0.156,0.032,0.122,0.024,0.136,0.022,0.125,0.017
1978,2,0.202,0.041,0.118,0.032,0.13,0.024,0.138,0.022,0.127,0.017
1978,3,0.196,0.046,0.12,0.032,0.133,0.024,0.139,0.022,0.128,0.017
1978,4,0.23,0.036,0.111,0.031,0.137,0.023,0.139,0.022,0.131,0.017
1978,5,0.184,0.041,0.108,0.031,0.145,0.023,0.14,0.022,0.133,0.017
1978,6,0.034,0.042,0.113,0.031,0.151,0.023,0.141,0.022,0.135,0.018
1978,7,0.094,0.053,0.116,0.031,0.161,0.023,0.142,0.022,0.137,0.017
1978,8,-0.176,0.048,0.094,0.03,0.17,0.023,0.144,0.022,0.14,0.017
1978,9,0.12,0.048,0.094,0.03,0.181,0.023,0.147,0.021,0.142,0.018
1978,10,0.006,0.042,0.095,0.03,0.187,0.023,0.148,0.021,0.143,0.018
1978,11,0.159,0.041,0.087,0.029,0.196,0.023,0.15,0.021,0.144,0.018
1978,12,0.154,0.042,0.092,0.028,0.205,0.023,0.152,0.021,0.145,0.018
1979,1,0.188,0.033,0.087,0.029,0.213,0.022,0.156,0.021,0.146,0.018
1979,2,-0.062,0.045,0.116,0.028,0.222,0.022,0.159,0.021,0.148,0.018
1979,3,0.195,0.053,0.129,0.029,0.226,0.022,0.163,0.021,0.149,0.018
1979,4,0.246,0.038,0.149,0.029,0.232,0.022,0.165,0.021,0.15,0.018
1979,5,0.083,0.038,0.158,0.03,0.236,0.022,0.168,0.021,0.149,0.018
1979,6,0.101,0.056,0.187,0.031,0.241,0.022,0.169,0.021,0.149,0.018
1979,7,0.034,0.054,0.203,0.03,0.238,0.022,0.17,0.021,0.151,0.018
1979,8,0.169,0.036,0.248,0.03,0.237,0.022,0.17,0.021,0.153,0.018
1979,9,0.277,0.042,0.263,0.027,0.233,0.022,0.172,0.021,0.154,0.018
1979,10,0.244,0.042,0.278,0.026,0.23,0.022,0.173,0.021,0.155,0.018
1979,11,0.265,0.039,0.303,0.026,0.226,0.022,0.174,0.021,0.155,0.018
1979,12,0.504,0.033,0.313,0.025,0.222,0.022,0.174,0.021,0.156,0.018
1980,1,0.385,0.031,0.336,0.025,0.221,0.022,0.176,0.021,0.157,0.018
1980,2,0.471,0.037,0.345,0.025,0.217,0.022,0.175,0.021,0.158,0.018
1980,3,0.372,0.039,0.338,0.026,0.218,0.022,0.176,0.021,0.161,0.018
1980,4,0.427,0.044,0.331,0.027,0.218,0.022,0.176,0.021,0.163,0.018
1980,5,0.391,0.033,0.331,0.027,0.217,0.021,0.176,0.021,0.166,0.018
1980,6,0.221,0.047,0.309,0.026,0.222,0.021,0.177,0.021,0.168,0.018
1980,7,0.307,0.039,0.325,0.026,0.228,0.021,0.177,0.021,0.17,0.018
1980,8,0.271,0.064,0.321,0.026,0.232,0.021,0.181,0.021,0.172,0.018
1980,9,0.201,0.047,0.328,0.026,0.235,0.021,0.182,0.021,0.173,0.018
1980,10,0.16,0.037,0.32,0.026,0.237,0.021,0.184,0.021,0.174,0.018
1980,11,0.263,0.04,0.311,0.026,0.24,0.021,0.186,0.021,0.176,0.018
1980,12,0.234,0.041,0.324,0.027,0.244,0.021,0.189,0.02,0.178,0.018
1981,1,0.58,0.043,0.33,0.027,0.245,0.021,0.191,0.02,0.18,0.018
1981,2,0.425,0.045,0.343,0.028,0.254,0.021,0.196,0.02,0.184,0.018
1981,3,0.452,0.037,0.344,0.028,0.259,0.021,0.2,0.02,0.186,0.018
1981,4,0.332,0.036,0.343,0.027,0.261,0.021,0.203,0.02,0.189,0.018
1981,5,0.283,0.043,0.338,0.027,0.263,0.021,0.208,0.02,0.191,0.019
1981,6,0.377,0.051,0.359,0.027,0.264,0.021,0.21,0.02,0.194,0.019
1981,7,0.381,0.045,0.322,0.027,0.266,0.021,0.211,0.02,0.196,0.019
1981,8,0.426,0.051,0.3,0.028,0.269,0.021,0.214,0.02,0.199,0.019
1981,9,0.218,0.066,0.262,0.028,0.271,0.021,0.215,0.02,0.201,0.019
1981,10,0.144,0.037,0.243,0.029,0.27,0.021,0.218,0.02,0.202,0.019
1981,11,0.201,0.035,0.236,0.03,0.275,0.021,0.219,0.02,0.204,0.019
1981,12,0.493,0.037,0.214,0.032,0.275,0.022,0.219,0.02,0.206,0.019
1982,1,0.137,0.039,0.194,0.034,0.275,0.022,0.219,0.02,0.209,0.019
1982,2,0.162,0.033,0.165,0.034,0.275,0.022,0.221,0.02,0.212,0.019
1982,3,-0.011,0.043,0.158,0.034,0.274,0.022,0.221,0.02,0.214,0.019
1982,4,0.106,0.047,0.157,0.035,0.272,0.022,0.221,0.02,0.215,0.019
1982,5,0.201,0.052,0.148,0.034,0.267,0.022,0.22,0.02,0.217,0.019
1982,6,0.113,0.053,0.143,0.033,0.258,0.022,0.221,0.02,0.218,0.019
1982,7,0.135,0.061,0.173,0.033,0.257,0.022,0.222,0.02,0.218,0.019
1982,8,0.078,0.049,0.197,0.033,0.25,0.022,0.223,0.02,0.218,0.019
1982,9,0.137,0.051,0.229,0.034,0.246,0.022,0.225,0.02,0.218,0.019
1982,10,0.128,0.046,0.249,0.034,0.242,0.022,0.227,0.02,0.218,0.019
1982,11,0.092,0.068,0.265,0.033,0.239,0.022,0.227,0.02,0.218,0.019
1982,12,0.437,0.047,0.275,0.033,0.239,0.022,0.23,0.02,0.218,0.019
1983,1,0.496,0.043,0.277,0.032,0.233,0.022,0.234,0.02,0.219,0.019
1983,2,0.451,0.046,0.301,0.033,0.232,0.022,0.236,0.02,0.219,0.019
1983,3,0.371,0.038,0.323,0.033,0.231,0.022,0.238,0.02,0.22,0.019
1983,4,0.351,0.035,0.326,0.033,0.231,0.022,0.24,0.019,0.221,0.019
1983,5,0.39,0.041,0.34,0.033,0.227,0.022,0.242,0.019,0.221,0.019
1983,6,0.237,0.054,0.323,0.035,0.227,0.022,0.246,0.019,0.221,0.019
1983,7,0.156,0.056,0.306,0.034,0.222,0.022,0.248,0.02,0.222,0.019
1983,8,0.36,0.053,0.281,0.033,0.222,0.022,0.253,0.019,0.223,0.019
1983,9,0.408,0.059,0.274,0.033,0.219,0.022,0.255,0.019,0.224,0.019
1983,10,0.163,0.051,0.26,0.034,0.219,0.022,0.258,0.02,0.225,0.019
1983,11,0.256,0.04,0.26,0.034,0.219,0.022,0.257,0.02,0.225,0.019
1983,12,0.236,0.043,0.248,0.035,0.214,0.022,0.258,0.02,0.226,0.019
1984,1,0.294,0.04,0.239,0.034,0.21,0.022,0.257,0.02,0.228,0.019
1984,2,0.148,0.04,0.222,0.032,0.206,0.022,0.261,0.02,0.23,0.019
1984,3,0.293,0.042,0.206,0.032,0.204,0.022,0.262,0.02,0.232,0.019
1984,4,0.179,0.061,0.202,0.032,0.204,0.022,0.262,0.02,0.234,0.019
1984,5,0.389,0.041,0.179,0.032,0.202,0.022,0.263,0.02,0.236,0.019
1984,6,0.097,0.071,0.157,0.031,0.197,0.022,0.263,0.02,0.237,0.019
1984,7,0.049,0.054,0.157,0.031,0.201,0.022,0.266,0.02,0.239,0.019
1984,8,0.153,0.064,0.148,0.032,0.205,0.022,0.267,0.02,0.239,0.019
1984,9,0.22,0.039,0.139,0.032,0.209,0.022,0.268,0.02,0.241,0.019
1984,10,0.107,0.067,0.139,0.03,0.212,0.022,0.268,0.02,0.243,0.019
1984,11,-0.017,0.039,0.124,0.03,0.214,0.022,0.267,0.02,0.245,0.019
1984,12,-0.027,0.039,0.131,0.03,0.219,0.022,0.267,0.02,0.247,0.019
1985,1,0.293,0.038,0.125,0.029,0.224,0.022,0.267,0.02,0.249,0.019
1985,2,0.045,0.048,0.13,0.029,0.228,0.022,0.267,0.02,0.251,0.019
1985,3,0.18,0.041,0.123,0.028,0.232,0.021,0.27,0.02,0.253,0.019
1985,4,0.176,0.044,0.126,0.028,0.235,0.021,0.272,0.02,0.255,0.019
1985,5,0.21,0.037,0.133,0.028,0.237,0.021,0.273,0.02,0.256,0.019
1985,6,0.181,0.087,0.153,0.029,0.238,0.022,0.275,0.02,0.258,0.019
1985,7,-0.017,0.064,0.15,0.028,0.239,0.022,0.276,0.02,0.26,0.019
1985,8,0.202,0.041,0.182,0.028,0.239,0.022,0.277,0.02,0.263,0.019
1985,9,0.147,0.059,0.19,0.028,0.241,0.022,0.278,0.02,0.265,0.019
1985,10,0.133,0.07,0.203,0.028,0.243,0.022,0.28,0.02,0.267,0.019
1985,11,0.068,0.06,0.209,0.028,0.245,0.022,0.281,0.02,0.27,0.019
1985,12,0.22,0.042,0.204,0.028,0.248,0.022,0.283,0.02,0.272,0.019
1986,1,0.255,0.048,0.214,0.029,0.251,0.022,0.281,0.02,0.274,0.019
1986,2,0.434,0.034,0.212,0.029,0.252,0.021,0.282,0.02,0.276,0.019
1986,3,0.267,0.045,0.208,0.029,0.252,0.022,0.282,0.02,0.279,0.019
1986,4,0.331,0.034,0.21,0.028,0.254,0.022,0.284,0.02,0.281,0.019
1986,5,0.283,0.035,0.212,0.028,0.251,0.022,0.286,0.02,0.284,0.019
1986,6,0.12,0.045,0.209,0.029,0.252,0.022,0.287,0.02,0.286,0.019
1986,7,0.105,0.04,0.219,0.029,0.248,0.022,0.288,0.02,0.287,0.019
1986,8,0.184,0.035,0.216,0.029,0.252,0.022,0.288,0.02,0.29,0.019
1986,9,0.095,0.05,0.213,0.028,0.252,0.022,0.29,0.02,0.292,0.019
1986,10,0.162,0.043,0.211,0.028,0.255,0.022,0.292,0.02,0.293,0.019
1986,11,0.084,0.04,0.214,0.028,0.251,0.022,0.293,0.02,0.295,0.019
1986,12,0.193,0.042,0.236,0.028,0.252,0.022,0.292,0.02,0.296,0.019
1987,1,0.364,0.035,0.265,0.027,0.256,0.022,0.295,0.02,0.297,0.019
1987,2,0.408,0.035,0.276,0.027,0.259,0.021,0.298,0.02,0.297,0.019
1987,3,0.227,0.038,0.298,0.028,0.261,0.021,0.302,0.02,0.299,0.019
1987,4,0.303,0.042,0.311,0.029,0.265,0.021,0.304,0.02,0.3,0.019
1987,5,0.325,0.036,0.321,0.029,0.268,0.021,0.305,0.02,0.3,0.019
1987,6,0.388,0.041,0.349,0.03,0.276,0.021,0.306,0.02,0.301,0.019
1987,7,0.443,0.047,0.365,0.03,0.278,0.021,0.306,0.02,0.302,0.019
1987,8,0.322,0.04,0.368,0.03,0.284,0.021,0.306,0.02,0.302,0.019
1987,9,0.354,0.057,0.388,0.029,0.293,0.021,0.305,0.02,0.304,0.019
1987,10,0.324,0.049,0.405,0.028,0.301,0.021,0.304,0.02,0.307,0.019
1987,11,0.206,0.044,0.416,0.029,0.307,0.021,0.304,0.02,0.309,0.019
1987,12,0.521,0.042,0.421,0.029,0.311,0.021,0.302,0.02,0.311,0.019
1988,1,0.564,0.034,0.412,0.03,0.319,0.021,0.301,0.02,0.314,0.019
1988,2,0.435,0.037,0.419,0.03,0.321,0.021,0.301,0.02,0.316,0.019
1988,3,0.467,0.043,0.422,0.03,0.324,0.021,0.302,0.02,0.318,0.019
1988,4,0.513,0.034,0.422,0.031,0.329,0.021,0.302,0.02,0.321,0.019
1988,5,0.458,0.042,0.41,0.03,0.334,0.021,0.301,0.02,0.323,0.019
1988,6,0.445,0.045,0.391,0.029,0.338,0.021,0.302,0.02,0.326,0.019
1988,7,0.331,0.046,0.351,0.029,0.341,0.021,0.303,0.02,0.329,0.019
1988,8,0.415,0.056,0.345,0.029,0.343,0.021,0.302,0.02,0.333,0.019
1988,9,0.39,0.048,0.331,0.03,0.345,0.021,0.3,0.02,0.335,0.019
1988,10,0.318,0.064,0.317,0.031,0.35,0.021,0.301,0.02,0.337,0.019
1988,11,0.059,0.038,0.29,0.031,0.352,0.021,0.3,0.02,0.338,0.019
1988,12,0.299,0.035,0.266,0.031,0.36,0.021,0.3,0.02,0.34,0.019
1989,1,0.083,0.04,0.265,0.03,0.366,0.021,0.3,0.02,0.341,0.019
1989,2,0.362,0.034,0.259,0.029,0.371,0.021,0.3,0.02,0.345,0.019
1989,3,0.305,0.035,0.255,0.03,0.377,0.021,0.301,0.02,0.345,0.019
1989,4,0.344,0.046,0.257,0.03,0.38,0.021,0.303,0.02,0.346,0.019
1989,5,0.129,0.045,0.263,0.03,0.383,0.021,0.303,0.02,0.347,0.019
1989,6,0.155,0.043,0.277,0.031,0.387,0.021,0.306,0.02,0.349,0.019
1989,7,0.326,0.057,0.305,0.031,0.389,0.021,0.308,0.02,0.35,0.019
1989,8,0.337,0.11,0.309,0.031,0.39,0.021,0.308,0.02,0.351,0.019
1989,9,0.349,0.048,0.345,0.03,0.394,0.021,0.309,0.02,0.352,0.019
1989,10,0.333,0.052,0.371,0.03,0.395,0.021,0.312,0.02,0.352,0.019
1989,11,0.14,0.039,0.407,0.03,0.395,0.021,0.316,0.02,0.353,0.019
1989,12,0.457,0.047,0.427,0.03,0.394,0.021,0.319,0.02,0.353,0.019
1990,1,0.429,0.034,0.439,0.029,0.388,0.021,0.321,0.02,0.353,0.02
1990,2,0.401,0.042,0.44,0.029,0.385,0.021,0.328,0.02,0.353,0.02
1990,3,0.742,0.044,0.436,0.03,0.378,0.021,0.33,0.02,0.354,0.02
1990,4,0.655,0.037,0.445,0.03,0.374,0.022,0.334,0.02,0.355,0.02
1990,5,0.555,0.035,0.466,0.029,0.37,0.022,0.335,0.02,0.355,0.02
1990,6,0.404,0.046,0.464,0.03,0.366,0.022,0.338,0.02,0.356,0.02
1990,7,0.464,0.053,0.466,0.03,0.364,0.022,0.342,0.02,0.356,0.02
1990,8,0.347,0.039,0.477,0.03,0.364,0.022,0.345,0.02,0.357,0.02
1990,9,0.312,0.07,0.448,0.03,0.362,0.022,0.347,0.02,0.358,0.02
1990,10,0.439,0.046,0.443,0.03,0.36,0.022,0.351,0.02,0.359,0.02
1990,11,0.393,0.059,0.435,0.03,0.358,0.022,0.354,0.02,0.359,0.02
1990,12,0.434,0.047,0.447,0.03,0.356,0.022,0.355,0.02,0.36,0.02
1991,1,0.45,0.04,0.451,0.03,0.355,0.022,0.356,0.02,0.36,0.02
1991,2,0.531,0.034,0.46,0.03,0.352,0.022,0.357,0.02,0.36,0.02
1991,3,0.388,0.034,0.472,0.029,0.349,0.022,0.359,0.02,0.361,0.02
1991,4,0.606,0.038,0.464,0.029,0.348,0.022,0.36,0.02,0.362,0.02
1991,5,0.453,0.047,0.456,0.029,0.349,0.022,0.36,0.02,0.363,0.02
1991,6,0.549,0.035,0.453,0.029,0.348,0.023,0.361,0.02,0.364,0.02
1991,7,0.515,0.049,0.458,0.029,0.352,0.022,0.364,0.02,0.365,0.02
1991,8,0.45,0.038,0.452,0.029,0.348,0.022,0.366,0.02,0.365,0.02
1991,9,0.453,0.044,0.459,0.029,0.349,0.022,0.368,0.02,0.366,0.02
1991,10,0.348,0.043,0.437,0.029,0.351,0.023,0.368,0.02,0.368,0.02
1991,11,0.3,0.041,0.429,0.03,0.355,0.023,0.371,0.02,0.37,0.02
1991,12,0.398,0.044,0.407,0.03,0.36,0.023,0.374,0.02,0.371,0.02
1992,1,0.509,0.036,0.374,0.03,0.359,0.023,0.374,0.02,0.373,0.02
1992,2,0.454,0.039,0.346,0.031,0.358,0.022,0.374,0.02,0.376,0.02
1992,3,0.472,0.044,0.306,0.032,0.357,0.022,0.377,0.02,0.38,0.02
1992,4,0.346,0.04,0.281,0.034,0.359,0.022,0.378,0.021,0.382,0.02
1992,5,0.349,0.053,0.257,0.034,0.364,0.022,0.38,0.021,0.384,0.02
1992,6,0.286,0.041,0.245,0.031,0.363,0.022,0.381,0.021,0.386,0.02
1992,7,0.125,0.043,0.237,0.032,0.365,0.022,0.381,0.021,0.388,0.02
1992,8,0.114,0.053,0.236,0.032,0.371,0.022,0.382,0.021,0.39,0.02
1992,9,-0.028,0.06,0.229,0.031,0.367,0.023,0.384,0.021,0.393,0.02
1992,10,0.048,0.073,0.231,0.031,0.366,0.023,0.387,0.021,0.395,0.02
1992,11,0.006,0.042,0.232,0.031,0.363,0.023,0.391,0.021,0.397,0.02
1992,12,0.26,0.058,0.234,0.03,0.365,0.023,0.393,0.021,0.397,0.02
1993,1,0.412,0.053,0.247,0.031,0.366,0.023,0.393,0.021,0.399,0.02
1993,2,0.438,0.037,0.254,0.031,0.369,0.023,0.397,0.021,0.399,0.02
1993,3,0.388,0.038,0.274,0.031,0.371,0.023,0.399,0.021,0.4,0.02
1993,4,0.372,0.037,0.294,0.031,0.372,0.023,0.401,0.021,0.401,0.02
1993,5,0.36,0.041,0.303,0.031,0.373,0.022,0.404,0.021,0.403,0.02
1993,6,0.312,0.043,0.302,0.031,0.372,0.022,0.407,0.021,0.404,0.02
1993,7,0.28,0.049,0.293,0.031,0.37,0.022,0.41,0.021,0.405,0.02
1993,8,0.205,0.044,0.266,0.031,0.371,0.022,0.413,0.021,0.407,0.02
1993,9,0.202,0.045,0.265,0.031,0.372,0.022,0.414,0.021,0.408,0.02
1993,10,0.288,0.043,0.272,0.031,0.37,0.022,0.416,0.021,0.41,0.02
1993,11,0.117,0.043,0.273,0.031,0.368,0.022,0.419,0.021,0.412,0.02
1993,12,0.246,0.038,0.284,0.031,0.363,0.022,0.422,0.021,0.414,0.02
1994,1,0.31,0.039,0.285,0.031,0.361,0.022,0.426,0.021,0.415,0.02
1994,2,0.111,0.041,0.288,0.031,0.362,0.023,0.429,0.021,0.418,0.02
1994,3,0.375,0.037,0.299,0.031,0.359,0.023,0.429,0.021,0.419,0.02
1994,4,0.458,0.042,0.312,0.03,0.357,0.023,0.43,0.021,0.422,0.02
1994,5,0.367,0.042,0.338,0.031,0.359,0.023,0.432,0.021,0.422,0.02
1994,6,0.445,0.04,0.351,0.03,0.361,0.023,0.434,0.021,0.423,0.02
1994,7,0.291,0.049,0.37,0.031,0.358,0.023,0.435,0.021,0.424,0.02
1994,8,0.24,0.047,0.426,0.031,0.358,0.023,0.435,0.021,0.425,0.02
1994,9,0.341,0.052,0.435,0.032,0.359,0.023,0.436,0.021,0.427,0.02
1994,10,0.446,0.04,0.446,0.031,0.362,0.023,0.437,0.021,0.429,0.02
1994,11,0.424,0.039,0.447,0.031,0.364,0.023,0.439,0.021,0.432,0.02
1994,12,0.399,0.038,0.453,0.03,0.369,0.023,0.439,0.021,0.434,0.02
1995,1,0.538,0.04,0.473,0.03,0.374,0.023,0.438,0.021,0.437,0.02
1995,2,0.782,0.041,0.498,0.029,0.38,0.023,0.44,0.021,0.439,0.02
1995,3,0.482,0.043,0.504,0.029,0.39,0.023,0.438,0.021,0.442,0.02
1995,4,0.589,0.041,0.51,0.029,0.401,0.023,0.438,0.021,0.444,0.02
1995,5,0.391,0.04,0.513,0.03,0.412,0.023,0.437,0.021,0.446,0.02
1995,6,0.509,0.049,0.509,0.03,0.419,0.023,0.438,0.021,0.448,0.02
1995,7,0.539,0.048,0.492,0.03,0.423,0.023,0.437,0.021,0.451,0.02
1995,8,0.54,0.041,0.476,0.03,0.431,0.023,0.438,0.021,0.453,0.02
1995,9,0.41,0.051,0.474,0.03,0.436,0.023,0.439,0.021,0.455,0.02
1995,10,0.513,0.046,0.463,0.03,0.443,0.023,0.438,0.021,0.458,0.02
1995,11,0.461,0.053,0.459,0.029,0.45,0.023,0.438,0.021,0.461,0.02
1995,12,0.348,0.037,0.44,0.029,0.458,0.023,0.437,0.021,0.463,0.02
1996,1,0.342,0.038,0.425,0.029,0.465,0.023,0.438,0.021,0.465,0.02
1996,2,0.591,0.041,0.424,0.03,0.475,0.023,0.437,0.021,0.467,0.02
1996,3,0.451,0.034,0.414,0.028,0.48,0.023,0.439,0.021,0.469,0.02
1996,4,0.467,0.035,0.389,0.028,0.483,0.023,0.439,0.021,0.47,0.02
1996,5,0.333,0.038,0.385,0.028,0.489,0.023,0.441,0.021,0.471,0.02
1996,6,0.28,0.039,0.397,0.028,0.496,0.023,0.441,0.021,0.473,0.02
1996,7,0.364,0.037,0.399,0.028,0.499,0.023,0.441,0.021,0.475,0.02
1996,8,0.526,0.041,0.386,0.028,0.509,0.023,0.442,0.021,0.477,0.02
1996,9,0.296,0.044,0.395,0.028,0.509,0.023,0.443,0.021,0.479,0.02
1996,10,0.205,0.046,0.399,0.029,0.509,0.023,0.444,0.021,0.482,0.02
1996,11,0.422,0.038,0.408,0.029,0.509,0.023,0.447,0.021,0.484,0.02
1996,12,0.483,0.035,0.437,0.029,0.509,0.023,0.45,0.021,0.487,0.02
1997,1,0.376,0.037,0.44,0.029,0.51,0.023,0.452,0.021,0.49,0.02
1997,2,0.432,0.039,0.435,0.03,0.512,0.023,0.454,0.021,0.491,0.02
1997,3,0.561,0.04,0.458,0.03,0.515,0.023,0.458,0.021,0.493,0.02
1997,4,0.506,0.034,0.499,0.03,0.514,0.023,0.461,0.021,0.496,0.02
1997,5,0.45,0.039,0.522,0.03,0.513,0.023,0.464,0.021,0.497,0.02
1997,6,0.621,0.045,0.537,0.03,0.515,0.023,0.466,0.021,0.498,0.02
1997,7,0.403,0.044,0.561,0.03,0.512,0.023,0.47,0.021,0.499,0.02
1997,8,0.459,0.047,0.6,0.029,0.509,0.023,0.474,0.021,0.5,0.02
1997,9,0.572,0.052,0.61,0.029,0.51,0.023,0.48,0.021,0.501,0.02
1997,10,0.699,0.043,0.635,0.03,0.511,0.023,0.485,0.021,0.503,0.02
1997,11,0.703,0.047,0.662,0.03,0.511,0.023,0.49,0.021,0.504,0.02
1997,12,0.667,0.046,0.676,0.03,0.511,0.023,0.492,0.021,0.504,0.02
1998,1,0.662,0.042,0.703,0.03,0.508,0.023,0.496,0.021,0.503,0.02
1998,2,0.892,0.04,0.728,0.03,0.507,0.023,0.497,0.021,0.503,0.02
1998,3,0.684,0.036,0.723,0.03,0.508,0.023,0.499,0.021,0.504,0.02
1998,4,0.811,0.047,0.705,0.03,0.504,0.023,0.501,0.021,0.504,0.02
1998,5,0.775,0.05,0.687,0.03,0.502,0.023,0.504,0.021,0.505,0.02
1998,6,0.792,0.047,0.687,0.03,0.502,0.023,0.505,0.021,0.505,0.02
1998,7,0.724,0.043,0.674,0.03,0.505,0.023,0.508,0.021,0.506,0.02
1998,8,0.759,0.053,0.658,0.031,0.504,0.023,0.512,0.021,0.507,0.02
1998,9,0.503,0.042,0.634,0.031,0.506,0.023,0.516,0.021,0.508,0.02
1998,10,0.489,0.058,0.601,0.031,0.509,0.023,0.52,0.021,0.509,0.02
1998,11,0.484,0.045,0.566,0.031,0.514,0.023,0.523,0.021,0.512,0.02
1998,12,0.664,0.039,0.537,0.031,0.518,0.023,0.528,0.021,0.513,0.02
1999,1,0.515,0.041,0.51,0.031,0.522,0.023,0.531,0.021,0.516,0.02
1999,2,0.698,0.037,0.477,0.031,0.521,0.023,0.536,0.021,0.517,0.02
1999,3,0.392,0.04,0.475,0.031,0.526,0.023,0.538,0.021,0.518,0.02
1999,4,0.419,0.039,0.467,0.031,0.531,0.023,0.54,0.021,0.519,0.02
1999,5,0.354,0.039,0.459,0.031,0.536,0.023,0.541,0.021,0.522,0.02
1999,6,0.443,0.049,0.445,0.03,0.539,0.023,0.541,0.021,0.524,0.02
1999,7,0.396,0.045,0.43,0.031,0.545,0.023,0.54,0.021,0.526,0.02
1999,8,0.371,0.038,0.422,0.031,0.551,0.023,0.542,0.021,0.527,0.02
1999,9,0.47,0.041,0.437,0.031,0.557,0.022,0.544,0.021,0.529,0.02
1999,10,0.397,0.057,0.456,0.031,0.56,0.022,0.546,0.021,0.531,0.02
1999,11,0.392,0.034,0.462,0.031,0.564,0.022,0.548,0.021,0.533,0.02
1999,12,0.494,0.04,0.462,0.03,0.563,0.022,0.549,0.021,0.535,0.02
2000,1,0.339,0.038,0.462,0.03,0.567,0.022,0.552,0.021,0.537,0.02
2000,2,0.601,0.042,0.472,0.029,0.569,0.022,0.551,0.021,0.539,0.02
2000,3,0.572,0.04,0.471,0.029,0.571,0.022,0.553,0.021,0.539,0.021
2000,4,0.644,0.037,0.461,0.029,0.569,0.022,0.555,0.021,0.541,0.021
2000,5,0.424,0.037,0.457,0.029,0.567,0.022,0.558,0.021,0.542,0.021
2000,6,0.45,0.038,0.445,0.029,0.566,0.022,0.559,0.021,0.543,0.021
2000,7,0.388,0.037,0.46,0.029,0.568,0.022,0.56,0.021,0.544,0.021
2000,8,0.487,0.037,0.453,0.029,0.564,0.022,0.561,0.021,0.545,0.021
2000,9,0.462,0.048,0.456,0.029,0.562,0.022,0.563,0.021,0.547,0.021
2000,10,0.279,0.042,0.454,0.028,0.56,0.022,0.566,0.021,0.548,0.021
2000,11,0.338,0.038,0.469,0.028,0.558,0.022,0.568,0.021,0.55,0.021
2000,12,0.357,0.04,0.479,0.028,0.553,0.022,0.572,0.021,0.55,0.021
2001,1,0.522,0.038,0.495,0.028,0.55,0.022,0.574,0.021,0.551,0.021
2001,2,0.506,0.044,0.495,0.028,0.549,0.022,0.576,0.021,0.551,0.021
2001,3,0.612,0.035,0.502,0.028,0.552,0.022,0.578,0.021,0.553,0.021
2001,4,0.617,0.034,0.522,0.028,0.556,0.022,0.58,0.021,0.553,0.021
2001,5,0.611,0.044,0.553,0.028,0.557,0.022,0.582,0.021,0.554,0.021
2001,6,0.566,0.038,0.579,0.029,0.559,0.022,0.585,0.021,0.554,0.021
2001,7,0.576,0.041,0.601,0.029,0.562,0.022,0.586,0.021,0.555,0.021
2001,8,0.488,0.046,0.62,0.029,0.562,0.022,0.588,0.021,0.557,0.021
2001,9,0.555,0.038,0.648,0.03,0.567,0.022,0.591,0.021,0.558,0.021
2001,10,0.511,0.042,0.654,0.03,0.572,0.022,0.595,0.021,0.559,0.021
2001,11,0.711,0.043,0.661,0.03,0.573,0.022,0.597,0.021,0.56,0.021
2001,12,0.678,0.057,0.662,0.03,0.573,0.022,0.6,0.021,0.561,0.021
2002,1,0.779,0.049,0.664,0.03,0.571,0.022,0.606,0.021,0.561,0.021
2002,2,0.734,0.041,0.671,0.029,0.572,0.022,0.608,0.021,0.561,0.021
2002,3,0.946,0.038,0.682,0.029,0.574,0.022,0.61,0.021,0.562,0.021
2002,4,0.695,0.038,0.691,0.029,0.578,0.022,0.613,0.021,0.563,0.021
2002,5,0.7,0.039,0.681,0.029,0.583,0.022,0.615,0.021,0.565,0.021
2002,6,0.574,0.034,0.673,0.029,0.584,0.022,0.615,0.021,0.567,0.021
2002,7,0.602,0.038,0.675,0.029,0.592,0.022,0.617,0.021,0.569,0.021
2002,8,0.57,0.045,0.666,0.029,0.593,0.022,0.618,0.021,0.572,0.021
2002,9,0.689,0.037,0.637,0.028,0.597,0.022,0.619,0.021,0.575,0.021
2002,10,0.616,0.045,0.633,0.028,0.599,0.022,0.618,0.021,0.578,0.021
2002,11,0.584,0.044,0.63,0.028,0.604,0.022,0.617,0.021,0.582,0.021
2002,12,0.581,0.045,0.624,0.029,0.608,0.022,0.616,0.021,0.583,0.021
2003,1,0.812,0.04,0.621,0.029,0.611,0.022,0.613,0.021,0.585,0.021
2003,2,0.619,0.036,0.629,0.028,0.614,0.022,0.609,0.021,0.585,0.021
2003,3,0.599,0.034,0.63,0.028,0.619,0.022,0.609,0.021,0.587,0.021
2003,4,0.646,0.042,0.641,0.028,0.628,0.022,0.607,0.021,0.588,0.021
2003,5,0.67,0.042,0.637,0.027,0.634,0.022,0.606,0.021,0.589,0.021
2003,6,0.501,0.045,0.655,0.027,0.641,0.022,0.604,0.021,0.591,0.021
2003,7,0.567,0.039,0.642,0.027,0.643,0.022,0.602,0.021,0.592,0.021
2003,8,0.667,0.038,0.652,0.028,0.649,0.022,0.6,0.021,0.594,0.021
2003,9,0.695,0.049,0.656,0.028,0.65,0.022,0.602,0.021,0.597,0.021
2003,10,0.747,0.044,0.661,0.028,0.651,0.022,0.603,0.021,0.598,0.021
2003,11,0.54,0.038,0.642,0.028,0.65,0.022,0.605,0.021,0.601,0.021
2003,12,0.794,0.048,0.637,0.027,0.652,0.022,0.605,0.021,0.603,0.021
2004,1,0.658,0.037,0.611,0.027,0.65,0.022,0.606,0.021,0.606,0.021
2004,2,0.74,0.035,0.595,0.027,0.654,0.022,0.605,0.021,0.608,0.021
2004,3,0.644,0.039,0.583,0.027,0.656,0.022,0.607,0.021,0.609,0.021
2004,4,0.712,0.043,0.574,0.027,0.659,0.022,0.609,0.021,0.611,0.021
2004,5,0.438,0.037,0.587,0.027,0.659,0.022,0.611,0.021,0.613,0.021
2004,6,0.444,0.038,0.568,0.027,0.662,0.022,0.613,0.021,0.614,0.021
2004,7,0.254,0.043,0.58,0.027,0.666,0.022,0.617,0.021,0.615,0.021
2004,8,0.475,0.04,0.576,0.027,0.666,0.022,0.62,0.021,0.618,0.021
2004,9,0.552,0.042,0.588,0.026,0.662,0.022,0.622,0.021,0.621,0.021
2004,10,0.632,0.035,0.592,0.026,0.665,0.022,0.625,0.021,0.622,0.021
2004,11,0.705,0.038,0.615,0.026,0.666,0.022,0.628,0.021,0.623,0.021
2004,12,0.559,0.039,0.636,0.026,0.666,0.022,0.631,0.022,0.625,0.021
2005,1,0.8,0.041,0.666,0.026,0.667,0.022,0.635,0.022,0.626,0.021
2005,2,0.694,0.043,0.68,0.026,0.668,0.022,0.638,0.022,0.627,0.021
2005,3,0.789,0.039,0.696,0.026,0.667,0.022,0.641,0.022,0.629,0.021
2005,4,0.768,0.043,0.712,0.027,0.668,0.022,0.643,0.022,0.63,0.021
2005,5,0.707,0.034,0.714,0.027,0.668,0.022,0.647,0.022,0.632,0.021
2005,6,0.697,0.048,0.732,0.027,0.667,0.022,0.649,0.022,0.633,0.021
2005,7,0.611,0.041,0.72,0.027,0.659,0.022,0.651,0.022,0.634,0.021
2005,8,0.642,0.043,0.732,0.027,0.655,0.022,0.653,0.022,0.635,0.021
2005,9,0.749,0.04,0.724,0.027,0.656,0.022,0.654,0.022,0.637,0.021
2005,10,0.825,0.041,0.712,0.027,0.655,0.022,0.658,0.022,0.64,0.021
2005,11,0.73,0.048,0.701,0.027,0.654,0.022,0.662,0.022,0.642,0.021
2005,12,0.777,0.049,0.699,0.028,0.654,0.022,0.664,0.022,0.646,0.021
2006,1,0.649,0.039,0.687,0.027,0.654,0.022,0.665,0.022,0.649,0.021
2006,2,0.836,0.034,0.696,0.027,0.651,0.022,0.665,0.022,0.653,0.021
2006,3,0.704,0.031,0.688,0.026,0.651,0.022,0.666,0.023,0.656,0.021
2006,4,0.623,0.033,0.678,0.026,0.651,0.022,0.667,0.023,0.659,0.021
2006,5,0.567,0.036,0.676,0.026,0.653,0.022,0.667,0.023,0.662,0.021
2006,6,0.674,0.041,0.682,0.026,0.65,0.022,0.668,0.023,0.664,0.021
2006,7,0.473,0.037,0.711,0.026,0.651,0.022,0.67,0.023,0.666,0.021
2006,8,0.748,0.034,0.706,0.026,0.649,0.023,0.672,0.023,0.669,0.021
2006,9,0.646,0.032,0.706,0.025,0.647,0.023,0.673,0.023,0.671,0.021
2006,10,0.707,0.043,0.728,0.026,0.646,0.023,0.674,0.023,0.674,0.021
2006,11,0.709,0.04,0.741,0.026,0.65,0.023,0.673,0.023,0.677,0.021
2006,12,0.852,0.052,0.736,0.026,0.654,0.023,0.673,0.023,0.679,0.021
2007,1,0.997,0.039,0.75,0.026,0.663,0.023,0.67,0.023,0.682,0.021
2007,2,0.774,0.032,0.742,0.026,0.667,0.024,0.669,0.023,0.685,0.021
2007,3,0.702,0.035,0.739,0.026,0.671,0.024,0.665,0.023,0.688,0.021
2007,4,0.884,0.037,0.733,0.027,0.672,0.024,0.666,0.023,0.69,0.021
2007,5,0.722,0.033,0.724,0.027,0.674,0.024,0.667,0.023,0.692,0.021
2007,6,0.62,0.037,0.697,0.027,0.677,0.024,0.668,0.023,0.693,0.021
2007,7,0.643,0.042,0.641,0.027,0.678,0.024,0.668,0.023,0.694,0.021
2007,8,0.644,0.032,0.607,0.028,0.682,0.024,0.669,0.023,0.696,0.021
2007,9,0.615,0.037,0.606,0.028,0.684,0.024,0.67,0.023,0.697,0.021
2007,10,0.639,0.044,0.583,0.028,0.688,0.025,0.672,0.023,0.698,0.021
2007,11,0.599,0.043,0.571,0.029,0.69,0.025,0.674,0.023,0.699,0.021
2007,12,0.527,0.042,0.562,0.028,0.69,0.025,0.674,0.023,0.7,0.021
2008,1,0.318,0.038,0.557,0.029,0.69,0.025,0.674,0.023,0.701,0.021
2008,2,0.373,0.034,0.544,0.029,0.691,0.025,0.674,0.023,0.701,0.021
2008,3,0.69,0.046,0.55,0.029,0.69,0.026,0.674,0.023,0.702,0.021
2008,4,0.608,0.041,0.556,0.03,0.689,0.026,0.674,0.023,0.703,0.022
2008,5,0.576,0.034,0.563,0.031,0.69,0.026,0.675,0.023,0.703,0.021
2008,6,0.514,0.045,0.569,0.032,0.686,0.026,0.676,0.023,0.703,0.021
2008,7,0.579,0.043,0.603,0.033,0.686,0.026,0.676,0.023,0.704,0.021
2008,8,0.492,0.039,0.622,0.033,0.682,0.026,0.677,0.023,0.704,0.021
2008,9,0.684,0.038,0.608,0.033,0.682,0.026,0.678,0.023,0.705,0.021
2008,10,0.713,0.053,0.613,0.033,0.683,0.026,0.677,0.023,0.707,0.021
2008,11,0.679,0.049,0.621,0.034,0.684,0.026,0.68,0.023,0.709,0.021
2008,12,0.606,0.05,0.637,0.035,0.684,0.026,0.679,0.023,0.71,0.022
2009,1,0.722,0.05,0.654,0.036,0.689,0.026,0.68,0.024,0.712,0.022
2009,2,0.599,0.038,0.675,0.036,0.691,0.027,0.679,0.024,0.713,0.022
2009,3,0.524,0.044,0.681,0.036,0.69,0.027,0.68,0.024,0.717,0.022
2009,4,0.664,0.05,0.682,0.035,0.689,0.027,0.682,0.024,0.719,0.022
2009,5,0.675,0.053,0.691,0.036,0.687,0.027,0.686,0.024,0.722,0.022
2009,6,0.703,0.048,0.706,0.035,0.683,0.028,0.688,0.024,0.724,0.022
2009,7,0.788,0.046,0.716,0.034,0.675,0.028,0.69,0.024,0.726,0.022
2009,8,0.748,0.047,0.742,0.034,0.671,0.028,0.694,0.024,0.729,0.022
2009,9,0.748,0.037,0.777,0.035,0.668,0.028,0.697,0.024,0.731,0.022
2009,10,0.724,0.056,0.804,0.034,0.666,0.028,0.699,0.024,0.734,0.022
2009,11,0.787,0.056,0.816,0.034,0.668,0.028,0.698,0.024,0.736,0.022
2009,12,0.792,0.048,0.816,0.033,0.67,0.028,0.7,0.024,0.739,0.022
2010,1,0.837,0.044,0.801,0.033,0.668,0.028,0.701,0.024,0.743,0.022
2010,2,0.919,0.04,0.798,0.032,0.67,0.028,0.703,0.024,0.745,0.022
2010,3,0.934,0.049,0.793,0.032,0.673,0.027,0.704,0.024,0.748,0.022
2010,4,0.989,0.045,0.795,0.032,0.677,0.028,0.705,0.024,0.75,0.022
2010,5,0.822,0.05,0.795,0.031,0.68,0.028,0.706,0.024,0.753,0.022
2010,6,0.701,0.044,0.777,0.031,0.682,0.028,0.707,0.024,0.755,0.022
2010,7,0.615,0.045,0.759,0.03,0.689,0.028,0.708,0.024,0.757,0.022
2010,8,0.705,0.036,0.73,0.03,0.693,0.028,0.71,0.024,0.759,0.022
2010,9,0.687,0.042,0.711,0.03,0.693,0.028,0.711,0.025,0.761,0.022
2010,10,0.751,0.047,0.689,0.03,0.693,0.028,0.714,0.025,0.764,0.022
2010,11,0.782,0.05,0.67,0.03,0.695,0.028,0.716,0.025,0.767,0.022
2010,12,0.578,0.055,0.669,0.03,0.698,0.028,0.719,0.025,0.769,0.022
2011,1,0.62,0.041,0.684,0.03,0.698,0.027,0.724,0.025,0.771,0.022
2011,2,0.581,0.036,0.693,0.031,0.702,0.027,0.729,0.025,0.771,0.022
2011,3,0.704,0.034,0.686,0.03,0.704,0.027,0.734,0.025,0.773,0.022
2011,4,0.725,0.034,0.679,0.029,0.704,0.027,0.739,0.025,0.774,0.022
2011,5,0.595,0.039,0.662,0.03,0.706,0.027,0.743,0.025,0.775,0.022
2011,6,0.688,0.051,0.668,0.03,0.709,0.027,0.744,0.024,0.776,0.022
2011,7,0.791,0.036,0.657,0.031,0.71,0.027,0.747,0.024,0.777,0.022
2011,8,0.82,0.051,0.654,0.032,0.71,0.027,0.75,0.025,0.779,0.022
2011,9,0.603,0.043,0.639,0.032,0.714,0.027,0.752,0.025,0.781,0.022
2011,10,0.668,0.043,0.643,0.032,0.718,0.026,0.754,0.025,0.783,0.022
2011,11,0.572,0.061,0.662,0.031,0.721,0.026,0.756,0.025,0.784,0.022
2011,12,0.65,0.067,0.664,0.03,0.721,0.026,0.757,0.025,0.785,0.022
2012,1,0.487,0.042,0.646,0.029,0.718,0.026,0.758,0.025,0.786,0.022
2012,2,0.539,0.036,0.64,0.029,0.72,0.026,0.761,0.025,0.786,0.022
2012,3,0.524,0.035,0.655,0.029,0.723,0.026,0.766,0.025,0.787,0.022
2012,4,0.783,0.035,0.671,0.03,0.725,0.026,0.767,0.025,0.788,0.022
2012,5,0.824,0.036,0.691,0.03,0.723,0.026,0.769,0.025,0.789,0.022
2012,6,0.703,0.043,0.688,0.03,0.723,0.026,0.77,0.025,0.79,0.022
2012,7,0.58,0.04,0.709,0.03,0.724,0.026,0.772,0.025,0.792,0.022
2012,8,0.749,0.043,0.716,0.029,0.724,0.026,0.774,0.025,0.793,0.022
2012,9,0.781,0.041,0.73,0.029,0.723,0.026,0.775,0.025,0.794,0.022
2012,10,0.854,0.062,0.718,0.029,0.721,0.025,0.777,0.025,0.796,0.022
2012,11,0.814,0.064,0.706,0.029,0.722,0.025,0.78,0.025,0.797,0.023
2012,12,0.614,0.072,0.705,0.029,0.724,0.025,0.784,0.025,0.798,0.023
2013,1,0.747,0.043,0.705,0.029,0.726,0.025,0.788,0.025,0.799,0.023
2013,2,0.616,0.036,0.704,0.029,0.729,0.025,0.793,0.025,0.8,0.023
2013,3,0.687,0.043,0.705,0.03,0.733,0.025,0.795,0.025,0.803,0.023
2013,4,0.644,0.041,0.692,0.028,0.738,0.025,0.798,0.025,0.805,0.022
2013,5,0.686,0.034,0.694,0.028,0.742,0.025,0.8,0.025,0.806,0.022
2013,6,0.684,0.045,0.705,0.028,0.753,0.025,0.803,0.025,0.809,0.022
2013,7,0.587,0.037,0.709,0.029,0.763,0.025,0.805,0.025,0.812,0.023
2013,8,0.733,0.036,0.707,0.029,0.776,0.025,0.808,0.025,0.814,0.023
2013,9,0.792,0.045,0.716,0.029,0.786,0.025,0.809,0.025,0.818,0.023
2013,10,0.705,0.041,0.734,0.029,0.794,0.025,0.811,0.024,0.821,0.023
2013,11,0.839,0.055,0.752,0.029,0.801,0.025,0.812,0.024,0.824,0.023
2013,12,0.744,0.061,0.752,0.03,0.804,0.025,0.815,0.024,0.827,0.023
2014,1,0.795,0.048,0.752,0.03,0.805,0.024,0.817,0.024,0.829,0.023
2014,2,0.591,0.036,0.765,0.03,0.808,0.024,0.821,0.024,0.832,0.023
2014,3,0.787,0.046,0.777,0.03,0.814,0.024,0.826,0.024,0.835,0.023
2014,4,0.863,0.037,0.79,0.031,0.819,0.025,0.83,0.024,0.838,0.023
2014,5,0.902,0.041,0.773,0.03,0.825,0.024,0.832,0.024,0.841,0.023
2014,6,0.685,0.053,0.779,0.03,0.831,0.024,0.834,0.024,0.844,0.023
2014,7,0.585,0.045,0.785,0.03,0.841,0.024,0.835,0.024,0.849,0.023
2014,8,0.893,0.045,0.811,0.03,0.851,0.024,0.837,0.024,0.852,0.023
2014,9,0.935,0.045,0.822,0.029,0.863,0.024,0.839,0.024,0.855,0.023
2014,10,0.857,0.044,0.822,0.03,0.868,0.024,0.842,0.024,0.858,0.023
2014,11,0.634,0.049,0.819,0.029,0.87,0.024,0.844,0.024,0.861,0.023
2014,12,0.816,0.05,0.832,0.028,0.871,0.024,0.847,0.024,0.864,0.023
2015,1,0.871,0.049,0.844,0.029,0.875,0.024,0.85,0.024,,
2015,2,0.902,0.034,0.843,0.029,0.877,0.024,0.853,0.024,,
2015,3,0.918,0.036,0.84,0.028,0.877,0.024,0.855,0.024,,
2015,4,0.868,0.037,0.86,0.028,0.878,0.024,0.857,0.024,,
2015,5,0.867,0.035,0.892,0.028,0.879,0.024,0.859,0.023,,
2015,6,0.833,0.034,0.923,0.027,0.885,0.024,0.861,0.023,,
2015,7,0.739,0.039,0.955,0.027,0.888,0.023,0.863,0.023,,
2015,8,0.875,0.035,0.991,0.027,0.893,0.023,0.865,0.023,,
2015,9,0.896,0.037,1.026,0.027,0.897,0.024,0.868,0.023,,
2015,10,1.096,0.042,1.052,0.027,0.903,0.024,0.869,0.023,,
2015,11,1.019,0.043,1.067,0.027,0.905,0.024,0.872,0.023,,
2015,12,1.192,0.063,1.068,0.027,0.908,0.024,0.874,0.024,,
2016,1,1.253,0.041,1.076,0.026,0.911,0.024,0.877,0.024,,
2016,2,1.338,0.037,1.09,0.026,0.913,0.024,0.878,0.024,,
2016,3,1.329,0.034,1.093,0.026,0.913,0.024,0.879,0.023,,
2016,4,1.179,0.039,1.082,0.027,0.918,0.024,0.88,0.023,,
2016,5,1.052,0.034,1.077,0.027,0.918,0.024,0.883,0.023,,
2016,6,0.842,0.037,1.059,0.027,0.922,0.024,0.884,0.023,,
2016,7,0.842,0.039,1.045,0.026,0.925,0.023,0.885,0.023,,
2016,8,1.043,0.039,1.032,0.027,0.931,0.023,0.886,0.023,,
2016,9,0.927,0.039,1.023,0.027,0.939,0.023,0.889,0.023,,
2016,10,0.962,0.047,1.012,0.027,0.943,0.024,0.892,0.023,,
2016,11,0.961,0.047,1.007,0.027,0.943,0.024,0.895,0.023,,
2016,12,0.974,0.051,0.998,0.027,0.947,0.023,0.897,0.023,,
2017,1,1.094,0.038,0.995,0.027,0.953,0.024,0.901,0.023,,
2017,2,1.181,0.032,0.983,0.027,0.955,0.024,0.904,0.023,,
2017,3,1.222,0.033,0.972,0.027,0.955,0.024,0.908,0.023,,
2017,4,1.045,0.034,0.969,0.026,0.959,0.024,0.91,0.023,,
2017,5,0.987,0.031,0.96,0.027,0.965,0.024,0.91,0.023,,
2017,6,0.733,0.037,0.962,0.026,0.971,0.024,0.912,0.023,,
2017,7,0.814,0.039,0.944,0.026,0.977,0.024,0.915,0.023,,
2017,8,0.901,0.038,0.923,0.026,0.982,0.024,0.917,0.023,,
2017,9,0.786,0.042,0.898,0.027,0.986,0.024,0.918,0.024,,
2017,10,0.926,0.045,0.894,0.027,0.992,0.024,0.92,0.024,,
2017,11,0.857,0.039,0.883,0.028,0.995,0.024,0.919,0.024,,
2017,12,0.996,0.039,0.889,0.028,0.997,0.024,0.922,0.024,,
2018,1,0.878,0.035,0.889,0.027,1.0,0.024,0.923,0.024,,
2018,2,0.927,0.036,0.883,0.028,1.001,0.024,0.926,0.024,,
2018,3,0.931,0.046,0.885,0.028,1.003,0.024,0.931,0.024,,
2018,4,0.991,0.038,0.892,0.028,1.001,0.024,0.935,0.024,,
2018,5,0.852,0.038,0.889,0.028,1.002,0.024,0.938,0.024,,
2018,6,0.808,0.042,0.888,0.028,0.996,0.024,0.941,0.023,,
2018,7,0.81,0.036,0.894,0.028,0.99,0.024,0.947,0.024,,
2018,8,0.833,0.043,0.9,0.028,0.98,0.024,0.952,0.024,,
2018,9,0.812,0.056,0.924,0.028,0.972,0.024,0.958,0.024,,
2018,10,1.013,0.041,0.934,0.028,0.967,0.024,0.964,0.024,,
2018,11,0.821,0.043,0.94,0.027,0.964,0.024,0.969,0.024,,
2018,12,0.978,0.051,0.947,0.027,0.964,0.024,0.974,0.024,,
2019,1,0.956,0.033,0.959,0.028,0.965,0.024,0.978,0.024,,
2019,2,0.993,0.032,0.973,0.029,0.963,0.024,0.985,0.024,,
2019,3,1.219,0.033,0.985,0.029,0.964,0.024,0.99,0.024,,
2019,4,1.113,0.035,0.993,0.03,0.965,0.025,0.994,0.024,,
2019,5,0.929,0.036,1.009,0.03,0.965,0.025,0.997,0.024,,
2019,6,0.888,0.042,1.024,0.031,0.964,0.025,1.001,0.024,,
2019,7,0.957,0.052,1.044,0.032,0.961,0.025,1.007,0.024,,
2019,8,1.002,0.048,1.064,0.033,0.956,0.025,1.011,0.024,,
2019,9,0.949,0.051,1.061,0.032,0.954,0.025,1.014,0.024,,
2019,10,1.109,0.052,1.071,0.032,0.952,0.025,1.018,0.024,,
2019,11,1.012,0.051,1.08,0.032,0.95,0.025,1.024,0.024,,
2019,12,1.161,0.045,1.083,0.031,0.954,0.025,1.027,0.024,,
2020,1,1.201,0.039,1.081,0.031,0.956,0.025,,,,
2020,2,1.231,0.04,1.077,0.031,0.957,0.025,,,,
2020,3,1.178,0.035,1.082,0.03,0.96,0.025,,,,
2020,4,1.231,0.04,1.067,0.031,0.961,0.026,,,,
2020,5,1.046,0.032,1.074,0.031,0.959,0.026,,,,
2020,6,0.923,0.039,1.049,0.032,0.958,0.026,,,,
2020,7,0.931,0.041,1.023,0.032,0.959,0.026,,,,
2020,8,0.954,0.038,0.979,0.031,0.96,0.026,,,,
2020,9,1.009,0.047,0.953,0.031,0.966,0.026,,,,
2020,10,0.931,0.056,0.924,0.029,0.967,0.026,,,,
2020,11,1.088,0.056,0.91,0.03,0.97,0.026,,,,
2020,12,0.866,0.052,0.903,0.03,0.975,0.026,,,,
2021,1,0.894,0.039,0.901,0.031,0.983,0.026,,,,
2021,2,0.698,0.037,0.897,0.031,0.991,0.026,,,,
2021,3,0.868,0.037,0.895,0.031,1.003,0.026,,,,
2021,4,0.885,0.038,0.906,0.031,1.009,0.026,,,,
2021,5,0.868,0.036,0.893,0.031,1.019,0.026,,,,
2021,6,0.845,0.046,0.895,0.03,1.027,0.027,,,,
2021,7,0.906,0.043,0.899,0.031,1.032,0.027,,,,
2021,8,0.904,0.042,0.915,0.031,1.039,0.027,,,,
2021,9,0.989,0.044,0.932,0.03,1.042,0.027,,,,
2021,10,1.06,0.046,0.936,0.031,1.046,0.026,,,,
2021,11,0.931,0.053,0.938,0.031,1.05,0.026,,,,
2021,12,0.889,0.042,0.949,0.031,1.056,0.026,,,,
2022,1,0.946,0.04,0.951,0.031,1.061,0.026,,,,
2022,2,0.889,0.035,0.956,0.031,1.067,0.026,,,,
2022,3,1.078,0.037,0.951,0.031,1.072,0.026,,,,
2022,4,0.927,0.033,0.949,0.031,1.077,0.026,,,,
2022,5,0.896,0.04,0.932,0.031,1.082,0.027,,,,
2022,6,0.972,0.049,0.936,0.031,1.084,0.027,,,,
2022,7,0.925,0.044,0.934,0.031,,,,,,
2022,8,0.976,0.042,0.942,0.031,,,,,,
2022,9,0.919,0.049,0.958,0.031,,,,,,
2022,10,1.041,0.058,0.972,0.03,,,,,,
2022,11,0.73,0.055,0.98,0.03,,,,,,
2022,12,0.936,0.053,0.994,0.03,,,,,,
2023,1,0.925,0.039,1.022,0.029,,,,,,
2023,2,0.985,0.034,1.05,0.03,,,,,,
2023,3,1.268,0.034,1.103,0.03,,,,,,
2023,4,1.086,0.041,1.132,0.03,,,,,,
2023,5,1.002,0.04,1.188,0.031,,,,,,
2023,6,1.13,0.045,1.229,0.031,,,,,,
2023,7,1.266,0.046,1.26,0.032,,,,,,
2023,8,1.315,0.046,1.297,0.032,,,,,,
2023,9,1.548,0.049,1.303,0.031,,,,,,
2023,10,1.393,0.06,1.325,0.031,,,,,,
2023,11,1.4,0.066,1.344,0.031,,,,,,
2023,12,1.427,0.059,1.352,0.031,,,,,,
2024,1,1.3,0.046,1.349,0.032,,,,,,
2024,2,1.426,0.033,1.354,0.032,,,,,,
2024,3,1.343,0.043,1.331,0.031,,,,,,
2024,4,1.352,0.045,1.329,0.031,,,,,,
2024,5,1.223,0.035,1.322,0.032,,,,,,
2024,6,1.23,0.046,1.311,0.032,,,,,,
2024,7,1.229,0.047,,,,,,,,
2024,8,1.383,0.049,,,,,,,,
2024,9,1.271,0.035,,,,,,,,
2024,10,1.368,0.065,,,,,,,,
2024,11,1.313,0.08,,,,,,,,
2024,12,1.289,0.064,,,,,,,,
1850,1,-0.717,0.326,,,,,,,,
1850,2,-0.2,0.389,,,,,,,,
1850,3,-0.399,0.346,,,,,,,,
1850,4,-0.552,0.28,,,,,,,,
1850,5,-0.577,0.231,,,,,,,,
1850,6,-0.336,0.258,-0.419,0.156,,,,,,
1850,7,-0.182,0.201,-0.376,0.16,,,,,,
1850,8,-0.173,0.278,-0.391,0.152,,,,,,
1850,9,-0.391,0.189,-0.404,0.157,,,,,,
1850,10,-0.552,0.191,-0.407,0.169,,,,,,
1850,11,-0.493,0.268,-0.388,0.178,,,,,,
1850,12,-0.454,0.269,-0.381,0.175,,,,,,
1851,1,-0.203,0.345,-0.385,0.174,,,,,,
1851,2,-0.377,0.318,-0.395,0.172,,,,,,
1851,3,-0.557,0.309,-0.392,0.176,,,,,,
1851,4,-0.59,0.373,-0.36,0.188,,,,,,
1851,5,-0.342,0.369,-0.345,0.206,,,,,,
1851,6,-0.258,0.185,-0.319,0.225,,,,,,
1851,7,-0.229,0.178,-0.323,0.237,,,,,,
1851,8,-0.291,0.227,-0.332,0.249,,,,,,
1851,9,-0.363,0.236,-0.345,0.256,,,,,,
1851,10,-0.163,0.29,-0.338,0.246,,,,,,
1851,11,-0.314,0.36,-0.324,0.244,,,,,,
1851,12,-0.147,0.344,-0.31,0.251,,,,,,
1852,1,-0.247,0.443,-0.293,0.253,,,,,,
1852,2,-0.486,0.407,-0.293,0.246,,,,,,
1852,3,-0.716,0.392,-0.285,0.245,,,,,,
1852,4,-0.497,0.306,-0.285,0.233,,,,,,
1852,5,-0.175,0.357,-0.297,0.23,,,,,,
1852,6,-0.09,0.25,-0.28,0.217,-0.316,0.153,,,,
1852,7,-0.026,0.198,-0.282,0.211,-0.306,0.156,,,,
1852,8,-0.29,0.189,-0.268,0.21,-0.304,0.151,,,,
1852,9,-0.272,0.205,-0.24,0.195,-0.302,0.15,,,,
1852,10,-0.165,0.185,-0.219,0.203,-0.294,0.145,,,,
1852,11,-0.457,0.302,-0.227,0.198,-0.288,0.145,,,,
1852,12,0.056,0.289,-0.234,0.197,-0.288,0.143,,,,
1853,1,-0.263,0.382,-0.23,0.189,-0.29,0.142,,,,
1853,2,-0.329,0.476,-0.21,0.188,-0.291,0.138,,,,
1853,3,-0.372,0.234,-0.219,0.181,-0.291,0.137,,,,
1853,4,-0.249,0.378,-0.242,0.19,-0.287,0.138,,,,
1853,5,-0.266,0.27,-0.252,0.174,-0.284,0.138,,,,
1853,6,-0.17,0.241,-0.285,0.173,-0.285,0.138,,,,
1853,7,0.018,0.141,-0.307,0.155,-0.282,0.138,,,,
1853,8,-0.057,0.165,-0.322,0.147,-0.282,0.143,,,,
1853,9,-0.369,0.164,-0.315,0.147,-0.28,0.141,,,,
1853,10,-0.448,0.257,-0.321,0.128,-0.277,0.137,,,,
1853,11,-0.577,0.267,-0.322,0.123,-0.277,0.133,,,,
1853,12,-0.337,0.235,-0.345,0.12,-0.275,0.133,,,,
1854,1,-0.523,0.299,-0.363,0.121,-0.275,0.132,,,,
1854,2,-0.519,0.335,-0.374,0.122,-0.278,0.133,,,,
1854,3,-0.288,0.252,-0.361,0.123,-0.283,0.133,,,,
1854,4,-0.319,0.196,-0.319,0.119,-0.291,0.131,,,,
1854,5,-0.28,0.188,-0.289,0.125,-0.295,0.127,,,,
1854,6,-0.446,0.163,-0.279,0.121,-0.299,0.123,,,,
1854,7,-0.188,0.164,-0.242,0.134,-0.304,0.122,,,,
1854,8,-0.194,0.185,-0.207,0.125,-0.304,0.119,,,,
1854,9,-0.215,0.168,-0.204,0.123,-0.303,0.114,,,,
1854,10,0.063,0.212,-0.184,0.118,-0.307,0.113,,,,
1854,11,-0.225,0.271,-0.179,0.119,-0.315,0.111,,,,
1854,12,-0.213,0.313,-0.168,0.115,-0.323,0.111,-0.329,0.117,,
1855,1,-0.082,0.392,-0.18,0.116,-0.33,0.111,-0.326,0.117,,
1855,2,-0.093,0.404,-0.183,0.114,-0.332,0.112,-0.326,0.117,,
1855,3,-0.256,0.243,-0.199,0.112,-0.335,0.112,-0.329,0.118,,
1855,4,-0.077,0.283,-0.229,0.116,-0.34,0.112,-0.326,0.116,,
1855,5,-0.226,0.245,-0.239,0.114,-0.341,0.111,-0.323,0.115,,
1855,6,-0.31,0.162,-0.263,0.112,-0.346,0.111,-0.322,0.114,,
1855,7,-0.334,0.18,-0.258,0.112,-0.345,0.109,-0.323,0.112,,
1855,8,-0.225,0.177,-0.282,0.119,-0.347,0.105,-0.324,0.11,,
1855,9,-0.412,0.155,-0.296,0.122,-0.347,0.104,-0.323,0.11,,
1855,10,-0.291,0.228,-0.322,0.13,-0.347,0.101,-0.321,0.11,,
1855,11,-0.344,0.204,-0.33,0.126,-0.349,0.099,-0.321,0.111,,
1855,12,-0.51,0.297,-0.317,0.128,-0.351,0.099,-0.324,0.113,,
1856,1,-0.018,0.317,-0.31,0.126,-0.356,0.1,-0.33,0.114,,
1856,2,-0.375,0.501,-0.331,0.139,-0.36,0.1,-0.332,0.114,,
1856,3,-0.429,0.226,-0.35,0.152,-0.361,0.1,-0.332,0.113,,
1856,4,-0.39,0.188,-0.378,0.149,-0.358,0.099,-0.331,0.11,,
1856,5,-0.325,0.231,-0.395,0.146,-0.351,0.099,-0.331,0.108,,
1856,6,-0.155,0.26,-0.39,0.147,-0.354,0.1,-0.332,0.108,,
1856,7,-0.247,0.143,-0.43,0.149,-0.35,0.1,-0.333,0.108,,
1856,8,-0.472,0.272,-0.441,0.129,-0.346,0.098,-0.332,0.107,,
1856,9,-0.638,0.256,-0.458,0.126,-0.345,0.096,-0.332,0.106,,
1856,10,-0.635,0.162,-0.488,0.129,-0.34,0.096,-0.335,0.104,,
1856,11,-0.55,0.23,-0.518,0.131,-0.336,0.096,-0.334,0.102,,
1856,12,-0.441,0.278,-0.548,0.136,-0.33,0.095,-0.335,0.101,,
1857,1,-0.504,0.351,-0.566,0.141,-0.332,0.094,-0.34,0.1,,
1857,2,-0.501,0.282,-0.562,0.139,-0.334,0.093,-0.342,0.098,,
1857,3,-0.635,0.213,-0.545,0.134,-0.338,0.093,-0.341,0.097,,
1857,4,-0.748,0.216,-0.534,0.137,-0.344,0.091,-0.341,0.096,,
1857,5,-0.69,0.219,-0.527,0.144,-0.343,0.089,-0.342,0.095,,
1857,6,-0.519,0.217,-0.511,0.149,-0.342,0.092,-0.343,0.094,,
1857,7,-0.46,0.218,-0.488,0.142,-0.345,0.09,-0.346,0.093,,
1857,8,-0.422,0.239,-0.484,0.143,-0.349,0.093,-0.347,0.093,,
1857,9,-0.434,0.227,-0.46,0.144,-0.356,0.095,-0.349,0.093,,
1857,10,-0.502,0.213,-0.421,0.141,-0.359,0.096,-0.351,0.092,,
1857,11,-0.475,0.245,-0.397,0.135,-0.359,0.095,-0.352,0.091,,
1857,12,-0.249,0.213,-0.376,0.135,-0.357,0.094,-0.359,0.091,,
1858,1,-0.22,0.303,-0.362,0.131,-0.356,0.092,-0.357,0.09,,
1858,2,-0.458,0.235,-0.351,0.123,-0.356,0.092,-0.356,0.087,,
1858,3,-0.347,0.219,-0.349,0.121,-0.354,0.092,-0.355,0.087,,
1858,4,-0.277,0.203,-0.33,0.119,-0.355,0.092,-0.355,0.085,,
1858,5,-0.401,0.181,-0.306,0.114,-0.357,0.093,-0.355,0.084,,
1858,6,-0.266,0.191,-0.325,0.117,-0.363,0.096,-0.357,0.084,,
1858,7,-0.299,0.172,-0.334,0.116,-0.378,0.098,-0.359,0.084,,
1858,8,-0.285,0.148,-0.317,0.116,-0.382,0.095,-0.362,0.084,,
1858,9,-0.411,0.178,-0.308,0.111,-0.385,0.095,-0.362,0.084,,
1858,10,-0.268,0.185,-0.284,0.104,-0.384,0.094,-0.362,0.084,,
1858,11,-0.186,0.205,-0.253,0.104,-0.386,0.093,-0.36,0.085,,
1858,12,-0.48,0.233,-0.241,0.101,-0.39,0.094,-0.36,0.085,,
1859,1,-0.325,0.265,-0.24,0.1,-0.391,0.094,-0.359,0.085,,
1859,2,-0.254,0.242,-0.244,0.101,-0.387,0.092,-0.358,0.086,,
1859,3,-0.241,0.252,-0.249,0.1,-0.382,0.091,-0.36,0.086,,
1859,4,0.003,0.183,-0.248,0.102,-0.379,0.091,-0.36,0.087,,
1859,5,-0.024,0.178,-0.248,0.103,-0.373,0.09,-0.359,0.087,,
1859,6,-0.119,0.151,-0.219,0.099,-0.371,0.091,-0.356,0.087,,
1859,7,-0.285,0.166,-0.217,0.099,-0.377,0.09,-0.356,0.087,,
1859,8,-0.335,0.162,-0.221,0.103,-0.381,0.091,-0.357,0.087,,
1859,9,-0.478,0.154,-0.257,0.112,-0.379,0.092,-0.359,0.087,,
1859,10,-0.249,0.191,-0.278,0.113,-0.375,0.092,-0.362,0.087,,
1859,11,-0.187,0.221,-0.295,0.114,-0.368,0.091,-0.363,0.087,,
1859,12,-0.128,0.454,-0.303,0.115,-0.364,0.09,-0.365,0.087,-0.313,0.095
1860,1,-0.312,0.265,-0.302,0.117,-0.362,0.09,-0.364,0.087,-0.311,0.095
1860,2,-0.299,0.321,-0.294,0.121,-0.363,0.089,-0.365,0.087,-0.312,0.095
1860,3,-0.665,0.235,-0.278,0.125,-0.364,0.09,-0.367,0.088,-0.312,0.094
1860,4,-0.255,0.182,-0.285,0.13,-0.362,0.089,-0.369,0.089,-0.31,0.094
1860,5,-0.227,0.199,-0.311,0.133,-0.362,0.089,-0.369,0.089,-0.309,0.094
1860,6,-0.217,0.145,-0.368,0.123,-0.371,0.089,-0.368,0.09,-0.308,0.093
1860,7,-0.274,0.202,-0.421,0.131,-0.37,0.09,-0.367,0.09,-0.308,0.093
1860,8,-0.232,0.166,-0.449,0.127,-0.364,0.09,-0.367,0.091,-0.308,0.092
1860,9,-0.286,0.164,-0.441,0.122,-0.364,0.09,-0.365,0.092,-0.307,0.092
1860,10,-0.339,0.16,-0.451,0.12,-0.364,0.09,-0.365,0.092,-0.306,0.092
1860,11,-0.496,0.236,-0.467,0.121,-0.361,0.089,-0.363,0.092,-0.305,0.092
1860,12,-0.817,0.32,-0.48,0.128,-0.362,0.089,-0.363,0.093,-0.306,0.092
1861,1,-0.949,0.4,-0.484,0.136,-0.363,0.09,-0.363,0.093,-0.307,0.092
1861,2,-0.63,0.273,-0.483,0.139,-0.364,0.091,-0.362,0.092,-0.308,0.092
1861,3,-0.571,0.225,-0.49,0.141,-0.364,0.092,-0.362,0.093,-0.306,0.091
1861,4,-0.372,0.259,-0.499,0.139,-0.367,0.093,-0.363,0.094,-0.304,0.09
1861,5,-0.424,0.185,-0.473,0.131,-0.369,0.094,-0.363,0.094,-0.304,0.09
1861,6,-0.37,0.19,-0.434,0.125,-0.366,0.095,-0.364,0.095,-0.304,0.089
1861,7,-0.319,0.192,-0.425,0.123,-0.369,0.097,-0.361,0.095,-0.303,0.089
1861,8,-0.219,0.171,-0.433,0.125,-0.371,0.099,-0.359,0.095,-0.303,0.089
1861,9,-0.375,0.179,-0.429,0.124,-0.374,0.101,-0.356,0.096,-0.303,0.089
1861,10,-0.442,0.17,-0.439,0.124,-0.38,0.102,-0.353,0.096,-0.303,0.089
1861,11,-0.191,0.213,-0.427,0.125,-0.382,0.102,-0.348,0.097,-0.304,0.088
1861,12,-0.349,0.226,-0.421,0.123,-0.382,0.103,-0.344,0.097,-0.305,0.087
1862,1,-0.84,0.291,-0.422,0.123,-0.38,0.104,-0.341,0.097,-0.306,0.087
1862,2,-0.721,0.298,-0.442,0.125,-0.38,0.105,-0.339,0.098,-0.306,0.086
1862,3,-0.53,0.234,-0.452,0.126,-0.38,0.105,-0.336,0.098,-0.304,0.086
1862,4,-0.486,0.221,-0.449,0.127,-0.381,0.106,-0.331,0.098,-0.304,0.085
1862,5,-0.28,0.186,-0.475,0.131,-0.384,0.107,-0.328,0.099,-0.304,0.085
1862,6,-0.301,0.183,-0.511,0.132,-0.389,0.107,-0.326,0.099,-0.304,0.085
1862,7,-0.328,0.165,-0.452,0.13,-0.382,0.108,-0.324,0.099,-0.305,0.084
1862,8,-0.459,0.166,-0.403,0.129,-0.382,0.108,-0.322,0.099,-0.304,0.084
1862,9,-0.49,0.178,-0.386,0.132,-0.378,0.108,-0.32,0.1,-0.303,0.084
1862,10,-0.417,0.202,-0.366,0.139,-0.379,0.11,-0.316,0.1,-0.303,0.084
1862,11,-0.495,0.236,-0.362,0.134,-0.379,0.11,-0.31,0.1,-0.303,0.083
1862,12,-0.785,0.265,-0.366,0.136,-0.38,0.112,-0.31,0.1,-0.305,0.083
1863,1,-0.129,0.329,-0.366,0.14,-0.378,0.113,-0.312,0.1,-0.305,0.083
1863,2,-0.13,0.394,-0.356,0.142,-0.378,0.114,-0.313,0.101,-0.304,0.083
1863,3,-0.33,0.224,-0.352,0.149,-0.377,0.115,-0.312,0.101,-0.303,0.083
1863,4,-0.246,0.252,-0.352,0.15,-0.375,0.115,-0.311,0.101,-0.304,0.083
1863,5,-0.236,0.179,-0.338,0.157,-0.37,0.116,-0.308,0.102,-0.304,0.083
1863,6,-0.342,0.192,-0.297,0.156,-0.364,0.116,-0.307,0.102,-0.304,0.083
1863,7,-0.334,0.191,-0.327,0.159,-0.348,0.116,-0.304,0.102,-0.305,0.083
1863,8,-0.342,0.206,-0.349,0.155,-0.342,0.116,-0.302,0.103,-0.305,0.083
1863,9,-0.441,0.215,-0.358,0.158,-0.34,0.116,-0.301,0.103,-0.305,0.083
1863,10,-0.413,0.214,-0.367,0.158,-0.342,0.117,-0.299,0.104,-0.304,0.082
1863,11,-0.333,0.24,-0.359,0.159,-0.341,0.117,-0.299,0.104,-0.303,0.082
1863,12,-0.289,0.253,-0.34,0.16,-0.338,0.117,-0.296,0.104,-0.303,0.082
1864,1,-0.492,0.36,-0.327,0.155,-0.331,0.117,-0.295,0.105,-0.301,0.082
1864,2,-0.392,0.308,-0.326,0.154,-0.331,0.118,-0.293,0.105,-0.3,0.082
1864,3,-0.433,0.264,-0.327,0.151,-0.33,0.119,-0.295,0.105,-0.302,0.082
1864,4,-0.353,0.235,-0.321,0.146,-0.327,0.119,-0.297,0.105,-0.302,0.082
1864,5,-0.145,0.19,-0.321,0.144,-0.324,0.12,-0.298,0.105,-0.302,0.082
1864,6,-0.108,0.175,-0.333,0.14,-0.317,0.121,-0.299,0.106,-0.302,0.082
1864,7,-0.187,0.177,-0.287,0.137,-0.305,0.121,-0.299,0.106,-0.302,0.082
1864,8,-0.326,0.195,-0.276,0.135,-0.298,0.122,-0.298,0.106,-0.302,0.082
1864,9,-0.456,0.19,-0.274,0.13,-0.294,0.122,-0.295,0.106,-0.302,0.082
1864,10,-0.341,0.192,-0.272,0.131,-0.288,0.123,-0.295,0.106,-0.303,0.082
1864,11,-0.326,0.258,-0.281,0.132,-0.289,0.124,-0.294,0.106,-0.304,0.081
1864,12,-0.435,0.212,-0.293,0.135,-0.287,0.125,-0.297,0.106,-0.305,0.081
1865,1,0.062,0.274,-0.293,0.137,-0.285,0.125,-0.296,0.106,-0.306,0.081
1865,2,-0.266,0.272,-0.282,0.141,-0.282,0.126,-0.297,0.106,-0.307,0.081
1865,3,-0.412,0.265,-0.262,0.145,-0.276,0.128,-0.295,0.106,-0.308,0.081
1865,4,-0.321,0.236,-0.253,0.149,-0.27,0.129,-0.294,0.106,-0.309,0.081
1865,5,-0.26,0.195,-0.241,0.154,-0.258,0.129,-0.294,0.106,-0.309,0.081
1865,6,-0.248,0.181,-0.244,0.162,-0.248,0.129,-0.293,0.106,-0.309,0.081
1865,7,-0.191,0.204,-0.247,0.166,-0.254,0.129,-0.292,0.107,-0.308,0.081
1865,8,-0.192,0.194,-0.249,0.171,-0.261,0.13,-0.292,0.106,-0.308,0.081
1865,9,-0.213,0.216,-0.252,0.173,-0.26,0.13,-0.292,0.106,-0.308,0.081
1865,10,-0.232,0.229,-0.266,0.178,-0.258,0.13,-0.292,0.106,-0.307,0.08
1865,11,-0.184,0.267,-0.274,0.177,-0.256,0.13,-0.29,0.106,-0.308,0.08
1865,12,-0.473,0.275,-0.272,0.177,-0.252,0.13,-0.288,0.106,-0.308,0.08
1866,1,0.026,0.314,-0.248,0.181,-0.246,0.13,-0.284,0.107,-0.309,0.08
1866,2,-0.285,0.358,-0.25,0.179,-0.241,0.129,-0.283,0.107,-0.309,0.08
1866,3,-0.452,0.31,-0.257,0.18,-0.238,0.128,-0.28,0.106,-0.308,0.08
1866,4,-0.495,0.234,-0.257,0.179,-0.231,0.127,-0.278,0.106,-0.307,0.08
1866,5,-0.35,0.201,-0.244,0.171,-0.23,0.126,-0.276,0.105,-0.308,0.08
1866,6,-0.221,0.17,-0.198,0.168,-0.227,0.125,-0.275,0.105,-0.309,0.08
1866,7,0.093,0.219,-0.214,0.166,-0.222,0.125,-0.274,0.104,-0.308,0.08
1866,8,-0.22,0.222,-0.213,0.16,-0.215,0.124,-0.274,0.104,-0.308,0.08
1866,9,-0.296,0.205,-0.199,0.157,-0.216,0.123,-0.274,0.103,-0.306,0.08
1866,10,-0.233,0.222,-0.167,0.156,-0.214,0.123,-0.272,0.103,-0.305,0.08
1866,11,-0.027,0.212,-0.168,0.158,-0.215,0.122,-0.275,0.103,-0.304,0.08
1866,12,0.081,0.218,-0.167,0.157,-0.217,0.123,-0.275,0.102,-0.305,0.08
1867,1,-0.159,0.288,-0.192,0.153,-0.218,0.123,-0.272,0.102,-0.304,0.08
1867,2,-0.279,0.304,-0.196,0.155,-0.216,0.123,-0.269,0.102,-0.302,0.08
1867,3,-0.286,0.248,-0.183,0.153,-0.21,0.123,-0.268,0.101,-0.299,0.08
1867,4,-0.107,0.238,-0.164,0.152,-0.208,0.122,-0.266,0.101,-0.296,0.08
1867,5,-0.361,0.183,-0.145,0.151,-0.205,0.121,-0.266,0.101,-0.294,0.08
1867,6,-0.207,0.166,-0.168,0.15,-0.205,0.121,-0.265,0.1,-0.292,0.08
1867,7,-0.203,0.199,-0.195,0.149,-0.21,0.12,-0.263,0.1,-0.289,0.08
1867,8,-0.273,0.205,-0.216,0.152,-0.213,0.119,-0.26,0.1,-0.287,0.08
1867,9,-0.145,0.191,-0.217,0.15,-0.212,0.118,-0.257,0.099,-0.284,0.08
1867,10,-0.006,0.221,-0.217,0.148,-0.21,0.117,-0.255,0.099,-0.282,0.08
1867,11,0.2,0.332,-0.195,0.151,-0.209,0.116,-0.254,0.099,-0.279,0.08
1867,12,-0.184,0.41,-0.188,0.151,-0.207,0.115,-0.251,0.099,-0.278,0.08
1868,1,-0.486,0.295,-0.168,0.148,-0.206,0.114,-0.252,0.098,-0.277,0.08
1868,2,-0.537,0.28,-0.152,0.147,-0.207,0.113,-0.252,0.098,-0.273,0.08
1868,3,-0.296,0.221,-0.159,0.149,-0.207,0.111,-0.251,0.098,-0.27,0.08
1868,4,-0.108,0.225,-0.159,0.153,-0.208,0.11,-0.253,0.098,-0.268,0.08
1868,5,-0.1,0.201,-0.197,0.139,-0.21,0.109,-0.253,0.098,-0.266,0.08
1868,6,-0.125,0.163,-0.193,0.133,-0.212,0.109,-0.252,0.097,-0.265,0.08
1868,7,0.038,0.174,-0.168,0.13,-0.22,0.108,-0.25,0.097,-0.263,0.08
1868,8,-0.071,0.164,-0.119,0.134,-0.224,0.108,-0.249,0.096,-0.262,0.08
1868,9,-0.231,0.173,-0.137,0.133,-0.221,0.107,-0.248,0.095,-0.26,0.08
1868,10,-0.01,0.164,-0.148,0.132,-0.213,0.106,-0.246,0.094,-0.259,0.08
1868,11,-0.259,0.199,-0.156,0.128,-0.212,0.106,-0.246,0.093,-0.259,0.08
1868,12,-0.129,0.207,-0.164,0.128,-0.212,0.105,-0.246,0.093,-0.257,0.08
1869,1,-0.195,0.253,-0.188,0.126,-0.216,0.104,-0.243,0.092,-0.257,0.08
1869,2,0.061,0.434,-0.198,0.124,-0.216,0.102,-0.243,0.092,-0.256,0.08
1869,3,-0.518,0.272,-0.188,0.121,-0.217,0.101,-0.244,0.091,-0.256,0.08
1869,4,-0.238,0.206,-0.206,0.118,-0.218,0.101,-0.244,0.091,-0.257,0.079
1869,5,-0.194,0.166,-0.199,0.115,-0.225,0.1,-0.245,0.091,-0.258,0.079
1869,6,-0.219,0.241,-0.221,0.11,-0.233,0.099,-0.247,0.091,-0.258,0.079
1869,7,-0.253,0.168,-0.228,0.111,-0.238,0.097,-0.248,0.09,-0.258,0.079
1869,8,-0.196,0.177,-0.269,0.12,-0.24,0.096,-0.247,0.09,-0.257,0.079
1869,9,-0.105,0.168,-0.253,0.118,-0.241,0.095,-0.244,0.09,-0.257,0.079
1869,10,-0.227,0.162,-0.252,0.121,-0.245,0.094,-0.244,0.09,-0.256,0.079
1869,11,-0.172,0.154,-0.252,0.122,-0.242,0.093,-0.245,0.089,-0.256,0.079
1869,12,-0.393,0.182,-0.244,0.113,-0.243,0.092,-0.244,0.089,-0.258,0.079
1870,1,-0.286,0.218,-0.232,0.107,-0.241,0.09,-0.249,0.089,-0.258,0.079
1870,2,-0.423,0.249,-0.238,0.105,-0.238,0.089,-0.249,0.088,-0.258,0.079
1870,3,-0.327,0.223,-0.247,0.102,-0.238,0.088,-0.249,0.088,-0.256,0.079
1870,4,-0.229,0.18,-0.255,0.105,-0.241,0.088,-0.249,0.087,-0.257,0.079
1870,5,-0.19,0.173,-0.265,0.111,-0.251,0.087,-0.249,0.086,-0.257,0.079
1870,6,-0.126,0.146,-0.279,0.111,-0.255,0.087,-0.249,0.086,-0.257,0.079
1870,7,-0.109,0.145,-0.297,0.114,-0.251,0.085,-0.25,0.085,-0.257,0.079
1870,8,-0.272,0.136,-0.305,0.115,-0.243,0.085,-0.25,0.085,-0.257,0.079
1870,9,-0.206,0.151,-0.297,0.115,-0.243,0.084,-0.25,0.084,-0.257,0.079
1870,10,-0.324,0.137,-0.283,0.111,-0.247,0.083,-0.25,0.083,-0.257,0.079
1870,11,-0.298,0.241,-0.29,0.109,-0.25,0.082,-0.252,0.083,-0.256,0.079
1870,12,-0.557,0.182,-0.298,0.112,-0.251,0.082,-0.252,0.083,-0.253,0.079
1871,1,-0.498,0.237,-0.302,0.113,-0.255,0.081,-0.255,0.082,-0.25,0.079
1871,2,-0.527,0.29,-0.296,0.113,-0.256,0.08,-0.255,0.082,-0.248,0.079
1871,3,-0.233,0.192,-0.31,0.114,-0.258,0.08,-0.254,0.081,-0.246,0.079
1871,4,-0.057,0.161,-0.305,0.115,-0.262,0.079,-0.252,0.081,-0.244,0.078
1871,5,-0.278,0.154,-0.32,0.111,-0.263,0.079,-0.253,0.08,-0.243,0.078
1871,6,-0.219,0.159,-0.305,0.11,-0.265,0.078,-0.254,0.08,-0.243,0.078
1871,7,-0.16,0.156,-0.301,0.107,-0.265,0.078,-0.256,0.08,-0.242,0.078
1871,8,-0.196,0.137,-0.291,0.105,-0.27,0.077,-0.256,0.079,-0.242,0.078
1871,9,-0.378,0.144,-0.302,0.108,-0.273,0.076,-0.257,0.078,-0.242,0.077
1871,10,-0.257,0.144,-0.325,0.108,-0.275,0.076,-0.257,0.078,-0.241,0.077
1871,11,-0.48,0.231,-0.317,0.108,-0.276,0.076,-0.26,0.078,-0.241,0.077
1871,12,-0.379,0.188,-0.32,0.108,-0.278,0.075,-0.266,0.077,-0.241,0.077
1872,1,-0.451,0.276,-0.316,0.104,-0.278,0.075,-0.266,0.077,-0.237,0.077
1872,2,-0.406,0.263,-0.304,0.104,-0.278,0.075,-0.264,0.076,-0.234,0.077
1872,3,-0.37,0.194,-0.286,0.103,-0.279,0.075,-0.262,0.076,-0.232,0.077
1872,4,-0.332,0.187,-0.282,0.103,-0.281,0.075,-0.261,0.075,-0.231,0.076
1872,5,-0.182,0.148,-0.272,0.099,-0.285,0.075,-0.259,0.074,-0.231,0.076
1872,6,-0.25,0.135,-0.277,0.097,-0.284,0.074,-0.258,0.074,-0.231,0.076
1872,7,-0.118,0.139,-0.261,0.092,-0.287,0.074,-0.255,0.073,-0.231,0.076
1872,8,-0.041,0.139,-0.233,0.091,-0.285,0.073,-0.251,0.073,-0.23,0.076
1872,9,-0.172,0.146,-0.224,0.089,-0.287,0.073,-0.249,0.073,-0.229,0.076
1872,10,-0.204,0.139,-0.228,0.09,-0.289,0.073,-0.247,0.073,-0.228,0.076
1872,11,-0.361,0.223,-0.235,0.091,-0.29,0.072,-0.247,0.072,-0.228,0.076
1872,12,-0.432,0.228,-0.231,0.092,-0.292,0.072,-0.246,0.071,-0.227,0.076
1873,1,-0.261,0.224,-0.235,0.093,-0.294,0.072,-0.242,0.071,-0.228,0.075
1873,2,-0.072,0.244,-0.244,0.094,-0.293,0.072,-0.234,0.07,-0.229,0.075
1873,3,-0.262,0.173,-0.258,0.099,-0.293,0.072,-0.228,0.07,-0.228,0.075
1873,4,-0.382,0.178,-0.262,0.098,-0.291,0.072,-0.224,0.069,-0.229,0.075
1873,5,-0.267,0.153,-0.259,0.094,-0.294,0.071,-0.224,0.069,-0.229,0.074
1873,6,-0.203,0.14,-0.242,0.092,-0.292,0.071,-0.222,0.069,-0.228,0.074
1873,7,-0.168,0.138,-0.237,0.091,-0.29,0.07,-0.222,0.068,-0.228,0.074
1873,8,-0.142,0.133,-0.255,0.088,-0.286,0.069,-0.221,0.068,-0.228,0.074
1873,9,-0.344,0.172,-0.287,0.09,-0.287,0.069,-0.219,0.067,-0.227,0.073
1873,10,-0.253,0.133,-0.285,0.089,-0.29,0.069,-0.22,0.067,-0.227,0.073
1873,11,-0.321,0.159,-0.285,0.091,-0.294,0.068,-0.218,0.067,-0.227,0.072
1873,12,-0.225,0.194,-0.295,0.092,-0.295,0.067,-0.218,0.067,-0.227,0.072
1874,1,-0.201,0.212,-0.304,0.094,-0.295,0.067,-0.218,0.066,-0.226,0.072
1874,2,-0.289,0.169,-0.307,0.096,-0.297,0.067,-0.22,0.066,-0.225,0.072
1874,3,-0.652,0.146,-0.294,0.096,-0.296,0.067,-0.216,0.066,-0.225,0.071
1874,4,-0.361,0.151,-0.3,0.097,-0.296,0.067,-0.217,0.065,-0.226,0.071
1874,5,-0.263,0.198,-0.306,0.096,-0.296,0.067,-0.217,0.065,-0.227,0.071
1874,6,-0.32,0.14,-0.316,0.09,-0.298,0.067,-0.217,0.065,-0.229,0.071
1874,7,-0.272,0.155,-0.338,0.09,-0.295,0.067,-0.217,0.064,-0.23,0.071
1874,8,-0.186,0.145,-0.343,0.09,-0.289,0.067,-0.217,0.064,-0.231,0.07
1874,9,-0.181,0.136,-0.325,0.092,-0.282,0.067,-0.218,0.064,-0.231,0.07
1874,10,-0.325,0.137,-0.322,0.091,-0.278,0.067,-0.217,0.064,-0.231,0.07
1874,11,-0.403,0.13,-0.321,0.087,-0.276,0.067,-0.218,0.064,-0.232,0.07
1874,12,-0.339,0.185,-0.316,0.086,-0.273,0.067,-0.218,0.064,-0.232,0.07
1875,1,-0.462,0.183,-0.311,0.084,-0.269,0.067,-0.219,0.064,-0.235,0.069
1875,2,-0.354,0.17,-0.314,0.082,-0.265,0.067,-0.219,0.064,-0.236,0.069
1875,3,-0.43,0.158,-0.319,0.082,-0.259,0.068,-0.218,0.064,-0.236,0.069
1875,4,-0.331,0.161,-0.307,0.083,-0.253,0.068,-0.219,0.063,-0.236,0.069
1875,5,-0.25,0.135,-0.315,0.085,-0.244,0.068,-0.219,0.063,-0.237,0.068
1875,6,-0.258,0.145,-0.323,0.091,-0.238,0.068,-0.221,0.063,-0.239,0.068
1875,7,-0.21,0.137,-0.315,0.092,-0.233,0.068,-0.222,0.063,-0.239,0.068
1875,8,-0.231,0.145,-0.306,0.095,-0.225,0.069,-0.222,0.064,-0.24,0.067
1875,9,-0.234,0.136,-0.295,0.094,-0.213,0.069,-0.223,0.064,-0.241,0.067
1875,10,-0.176,0.137,-0.289,0.092,-0.201,0.069,-0.223,0.064,-0.241,0.067
1875,11,-0.504,0.153,-0.309,0.093,-0.198,0.069,-0.222,0.063,-0.242,0.067
1875,12,-0.434,0.195,-0.314,0.091,-0.193,0.069,-0.219,0.063,-0.241,0.066
1876,1,-0.368,0.19,-0.311,0.09,-0.189,0.069,-0.216,0.062,-0.243,0.066
1876,2,-0.248,0.176,-0.315,0.09,-0.186,0.069,-0.213,0.062,-0.244,0.066
1876,3,-0.295,0.144,-0.324,0.093,-0.181,0.07,-0.211,0.062,-0.245,0.065
1876,4,-0.254,0.136,-0.332,0.093,-0.178,0.07,-0.211,0.062,-0.244,0.065
1876,5,-0.494,0.15,-0.325,0.094,-0.172,0.07,-0.209,0.062,-0.244,0.065
1876,6,-0.319,0.122,-0.334,0.089,-0.172,0.069,-0.21,0.062,-0.245,0.065
1876,7,-0.17,0.145,-0.322,0.088,-0.171,0.069,-0.21,0.062,-0.247,0.065
1876,8,-0.284,0.151,-0.306,0.09,-0.169,0.069,-0.21,0.062,-0.247,0.064
1876,9,-0.341,0.145,-0.278,0.089,-0.16,0.069,-0.209,0.062,-0.248,0.064
1876,10,-0.27,0.139,-0.265,0.089,-0.158,0.069,-0.209,0.061,-0.249,0.064
1876,11,-0.428,0.158,-0.23,0.09,-0.158,0.068,-0.208,0.061,-0.251,0.064
1876,12,-0.534,0.144,-0.209,0.091,-0.156,0.068,-0.207,0.061,-0.253,0.063
1877,1,-0.234,0.186,-0.185,0.091,-0.155,0.068,-0.202,0.061,-0.256,0.063
1877,2,-0.046,0.208,-0.144,0.089,-0.156,0.068,-0.199,0.061,-0.257,0.063
1877,3,0.037,0.137,-0.103,0.089,-0.158,0.068,-0.196,0.061,-0.258,0.063
1877,4,-0.097,0.152,-0.067,0.089,-0.154,0.068,-0.196,0.061,-0.259,0.062
1877,5,-0.08,0.181,-0.013,0.089,-0.152,0.068,-0.196,0.061,-0.259,0.062
1877,6,-0.063,0.129,0.026,0.089,-0.153,0.068,-0.197,0.061,-0.261,0.062
1877,7,0.118,0.144,0.045,0.088,-0.152,0.068,-0.199,0.061,-0.261,0.062
1877,8,0.209,0.153,0.083,0.087,-0.153,0.068,-0.2,0.062,-0.262,0.061
1877,9,0.155,0.144,0.122,0.088,-0.15,0.067,-0.201,0.062,-0.263,0.061
1877,10,0.159,0.14,0.154,0.087,-0.149,0.067,-0.202,0.062,-0.265,0.061
1877,11,0.216,0.145,0.156,0.087,-0.149,0.067,-0.202,0.061,-0.267,0.061
1877,12,-0.065,0.162,0.167,0.087,-0.15,0.067,-0.202,0.061,-0.268,0.061
1878,1,-0.0,0.176,0.164,0.087,-0.151,0.068,-0.203,0.061,-0.267,0.06
1878,2,0.41,0.197,0.151,0.09,-0.15,0.068,-0.206,0.061,-0.267,0.06
1878,3,0.5,0.138,0.135,0.089,-0.152,0.068,-0.205,0.061,-0.268,0.06
1878,4,0.284,0.142,0.116,0.089,-0.154,0.068,-0.205,0.061,-0.268,0.06
1878,5,-0.055,0.139,0.098,0.09,-0.149,0.068,-0.205,0.061,-0.269,0.059
1878,6,0.073,0.134,0.088,0.09,-0.145,0.067,-0.204,0.061,-0.27,0.059
1878,7,0.087,0.133,0.074,0.088,-0.141,0.067,-0.205,0.061,-0.271,0.059
1878,8,0.051,0.152,0.026,0.086,-0.139,0.066,-0.207,0.061,-0.272,0.059
1878,9,-0.037,0.125,-0.024,0.084,-0.136,0.066,-0.207,0.061,-0.273,0.059
1878,10,-0.07,0.13,-0.069,0.084,-0.132,0.066,-0.207,0.061,-0.273,0.059
1878,11,-0.004,0.141,-0.086,0.083,-0.125,0.066,-0.208,0.061,-0.273,0.059
1878,12,-0.18,0.153,-0.109,0.082,-0.125,0.066,-0.208,0.061,-0.272,0.058
1879,1,-0.17,0.16,-0.134,0.083,-0.125,0.067,-0.208,0.061,-0.272,0.058
1879,2,-0.164,0.158,-0.158,0.084,-0.123,0.067,-0.207,0.061,-0.271,0.058
1879,3,-0.104,0.161,-0.178,0.084,-0.122,0.066,-0.206,0.061,-0.269,0.058
1879,4,-0.255,0.142,-0.182,0.084,-0.122,0.066,-0.207,0.061,-0.268,0.058
1879,5,-0.261,0.129,-0.203,0.081,-0.121,0.066,-0.209,0.06,-0.268,0.058
1879,6,-0.201,0.138,-0.224,0.08,-0.116,0.065,-0.21,0.06,-0.268,0.058
1879,7,-0.214,0.132,-0.24,0.081,-0.11,0.066,-0.212,0.06,-0.268,0.057
1879,8,-0.235,0.143,-0.26,0.079,-0.109,0.066,-0.214,0.06,-0.268,0.057
1879,9,-0.28,0.131,-0.272,0.08,-0.111,0.065,-0.217,0.06,-0.269,0.057
1879,10,-0.121,0.137,-0.276,0.081,-0.114,0.065,-0.218,0.06,-0.269,0.057
1879,11,-0.247,0.135,-0.275,0.083,-0.117,0.065,-0.219,0.06,-0.27,0.057
1879,12,-0.431,0.157,-0.285,0.087,-0.121,0.064,-0.22,0.06,-0.27,0.057
1880,1,-0.364,0.177,-0.289,0.087,-0.129,0.064,-0.221,0.06,-0.271,0.057
1880,2,-0.409,0.15,-0.285,0.089,-0.136,0.064,-0.222,0.06,-0.27,0.057
1880,3,-0.251,0.153,-0.291,0.09,-0.142,0.065,-0.222,0.06,-0.271,0.057
1880,4,-0.303,0.159,-0.307,0.093,-0.15,0.064,-0.223,0.059,-0.272,0.057
1880,5,-0.241,0.156,-0.301,0.093,-0.159,0.064,-0.225,0.059,-0.273,0.057
1880,6,-0.323,0.142,-0.284,0.092,-0.167,0.064,-0.228,0.059,-0.275,0.057
1880,7,-0.268,0.145,-0.262,0.095,-0.173,0.064,-0.229,0.059,-0.276,0.057
1880,8,-0.186,0.156,-0.241,0.096,-0.187,0.064,-0.231,0.059,-0.277,0.057
1880,9,-0.347,0.127,-0.225,0.095,-0.198,0.063,-0.232,0.059,-0.277,0.057
1880,10,-0.313,0.145,-0.201,0.093,-0.208,0.064,-0.233,0.059,-0.277,0.057
1880,11,-0.173,0.135,-0.189,0.091,-0.211,0.063,-0.232,0.059,-0.279,0.056
1880,12,-0.231,0.143,-0.19,0.089,-0.215,0.063,-0.229,0.059,-0.278,0.056
1881,1,-0.101,0.211,-0.182,0.089,-0.221,0.063,-0.231,0.059,-0.278,0.056
1881,2,-0.154,0.155,-0.179,0.086,-0.227,0.064,-0.234,0.058,-0.278,0.056
1881,3,-0.064,0.14,-0.176,0.085,-0.232,0.063,-0.235,0.058,-0.278,0.056
1881,4,-0.01,0.138,-0.172,0.083,-0.236,0.064,-0.236,0.058,-0.279,0.056
1881,5,-0.095,0.136,-0.186,0.082,-0.243,0.063,-0.235,0.058,-0.279,0.056
1881,6,-0.339,0.133,-0.184,0.082,-0.244,0.064,-0.236,0.058,-0.279,0.056
1881,7,-0.17,0.14,-0.167,0.08,-0.245,0.064,-0.237,0.058,-0.28,0.056
1881,8,-0.156,0.134,-0.152,0.08,-0.245,0.063,-0.238,0.058,-0.28,0.056
1881,9,-0.303,0.124,-0.155,0.081,-0.251,0.063,-0.239,0.058,-0.28,0.056
1881,10,-0.269,0.115,-0.176,0.081,-0.255,0.063,-0.241,0.058,-0.28,0.056
1881,11,-0.338,0.163,-0.19,0.082,-0.26,0.063,-0.242,0.058,-0.28,0.056
1881,12,-0.209,0.143,-0.19,0.083,-0.264,0.064,-0.24,0.058,-0.279,0.056
1882,1,0.106,0.159,-0.204,0.083,-0.27,0.064,-0.246,0.057,-0.278,0.056
1882,2,0.028,0.173,-0.208,0.084,-0.273,0.064,-0.251,0.057,-0.277,0.056
1882,3,-0.111,0.13,-0.198,0.084,-0.276,0.064,-0.255,0.057,-0.277,0.056
1882,4,-0.252,0.118,-0.203,0.084,-0.282,0.063,-0.257,0.057,-0.278,0.056
1882,5,-0.262,0.137,-0.206,0.084,-0.287,0.063,-0.26,0.057,-0.279,0.056
1882,6,-0.342,0.129,-0.231,0.084,-0.287,0.063,-0.263,0.057,-0.279,0.056
1882,7,-0.344,0.119,-0.272,0.085,-0.291,0.064,-0.267,0.057,-0.28,0.056
1882,8,-0.198,0.13,-0.308,0.083,-0.292,0.064,-0.273,0.057,-0.282,0.056
1882,9,-0.187,0.123,-0.313,0.082,-0.294,0.063,-0.278,0.057,-0.283,0.056
1882,10,-0.325,0.108,-0.318,0.08,-0.297,0.063,-0.282,0.057,-0.283,0.056
1882,11,-0.372,0.145,-0.318,0.079,-0.302,0.063,-0.287,0.057,-0.284,0.056
1882,12,-0.518,0.132,-0.301,0.079,-0.306,0.062,-0.289,0.057,-0.285,0.056
1883,1,-0.386,0.157,-0.295,0.078,-0.307,0.062,-0.292,0.057,-0.287,0.056
1883,2,-0.403,0.175,-0.306,0.078,-0.311,0.062,-0.3,0.057,-0.289,0.056
1883,3,-0.169,0.12,-0.319,0.078,-0.312,0.062,-0.307,0.057,-0.289,0.056
1883,4,-0.314,0.127,-0.316,0.079,-0.312,0.062,-0.312,0.057,-0.289,0.056
1883,5,-0.253,0.129,-0.321,0.078,-0.315,0.062,-0.315,0.057,-0.29,0.056
1883,6,-0.148,0.126,-0.299,0.08,-0.314,0.061,-0.318,0.057,-0.29,0.056
1883,7,-0.27,0.141,-0.284,0.079,-0.321,0.061,-0.321,0.057,-0.29,0.056
1883,8,-0.329,0.126,-0.264,0.078,-0.328,0.061,-0.324,0.057,-0.291,0.056
1883,9,-0.338,0.112,-0.29,0.078,-0.335,0.061,-0.326,0.057,-0.291,0.056
1883,10,-0.287,0.121,-0.304,0.078,-0.341,0.062,-0.326,0.057,-0.291,0.056
1883,11,-0.44,0.121,-0.327,0.078,-0.345,0.062,-0.327,0.057,-0.291,0.056
1883,12,-0.25,0.146,-0.356,0.077,-0.347,0.061,-0.327,0.057,-0.291,0.056
1884,1,-0.208,0.137,-0.377,0.076,-0.349,0.062,-0.326,0.057,-0.293,0.057
1884,2,-0.166,0.142,-0.386,0.076,-0.354,0.062,-0.323,0.057,-0.293,0.057
1884,3,-0.481,0.128,-0.398,0.075,-0.357,0.062,-0.322,0.057,-0.292,0.057
1884,4,-0.482,0.112,-0.411,0.074,-0.359,0.062,-0.32,0.057,-0.292,0.057
1884,5,-0.524,0.118,-0.421,0.073,-0.362,0.062,-0.319,0.057,-0.293,0.057
1884,6,-0.492,0.111,-0.436,0.073,-0.365,0.061,-0.319,0.057,-0.293,0.057
1884,7,-0.522,0.118,-0.471,0.074,-0.382,0.061,-0.319,0.057,-0.294,0.057
1884,8,-0.441,0.128,-0.493,0.076,-0.393,0.06,-0.319,0.057,-0.294,0.057
1884,9,-0.478,0.127,-0.486,0.076,-0.398,0.06,-0.32,0.058,-0.294,0.057
1884,10,-0.447,0.108,-0.487,0.076,-0.4,0.06,-0.321,0.058,-0.294,0.057
1884,11,-0.562,0.126,-0.487,0.078,-0.403,0.06,-0.323,0.057,-0.294,0.057
1884,12,-0.431,0.162,-0.491,0.08,-0.405,0.06,-0.322,0.058,-0.294,0.057
1885,1,-0.622,0.153,-0.477,0.081,-0.405,0.06,-0.322,0.058,-0.294,0.057
1885,2,-0.433,0.141,-0.475,0.081,-0.41,0.06,-0.322,0.058,-0.294,0.057
1885,3,-0.394,0.126,-0.469,0.082,-0.414,0.06,-0.324,0.058,-0.294,0.057
1885,4,-0.496,0.126,-0.458,0.083,-0.415,0.06,-0.325,0.058,-0.294,0.057
1885,5,-0.522,0.153,-0.44,0.083,-0.415,0.059,-0.327,0.057,-0.294,0.057
1885,6,-0.547,0.147,-0.417,0.083,-0.412,0.06,-0.328,0.057,-0.294,0.057
1885,7,-0.354,0.14,-0.409,0.082,-0.411,0.06,-0.329,0.057,-0.295,0.057
1885,8,-0.42,0.126,-0.421,0.081,-0.412,0.06,-0.331,0.057,-0.295,0.057
1885,9,-0.398,0.124,-0.431,0.08,-0.417,0.06,-0.332,0.057,-0.295,0.057
1885,10,-0.321,0.143,-0.421,0.08,-0.417,0.06,-0.332,0.057,-0.295,0.058
1885,11,-0.348,0.129,-0.403,0.077,-0.418,0.06,-0.336,0.057,-0.294,0.058
1885,12,-0.151,0.124,-0.396,0.074,-0.421,0.06,-0.337,0.057,-0.293,0.058
1886,1,-0.525,0.143,-0.393,0.074,-0.421,0.06,-0.34,0.057,-0.292,0.058
1886,2,-0.578,0.136,-0.393,0.075,-0.42,0.06,-0.343,0.057,-0.292,0.058
1886,3,-0.513,0.108,-0.399,0.075,-0.419,0.06,-0.344,0.057,-0.293,0.058
1886,4,-0.37,0.119,-0.409,0.075,-0.416,0.059,-0.347,0.057,-0.293,0.058
1886,5,-0.314,0.127,-0.424,0.076,-0.412,0.06,-0.348,0.058,-0.292,0.058
1886,6,-0.461,0.101,-0.443,0.076,-0.409,0.059,-0.348,0.058,-0.291,0.058
1886,7,-0.315,0.123,-0.471,0.076,-0.407,0.06,-0.35,0.058,-0.291,0.058
1886,8,-0.426,0.139,-0.477,0.074,-0.401,0.06,-0.351,0.058,-0.291,0.058
1886,9,-0.468,0.133,-0.472,0.075,-0.393,0.06,-0.35,0.058,-0.29,0.058
1886,10,-0.442,0.105,-0.469,0.074,-0.384,0.06,-0.351,0.058,-0.289,0.058
1886,11,-0.522,0.122,-0.48,0.076,-0.378,0.06,-0.352,0.058,-0.289,0.058
1886,12,-0.378,0.121,-0.481,0.078,-0.374,0.06,-0.351,0.058,-0.287,0.058
1887,1,-0.869,0.136,-0.484,0.078,-0.368,0.06,-0.354,0.058,-0.287,0.058
1887,2,-0.644,0.122,-0.49,0.077,-0.365,0.06,-0.355,0.057,-0.287,0.058
1887,3,-0.456,0.124,-0.484,0.076,-0.363,0.06,-0.358,0.057,-0.289,0.058
1887,4,-0.336,0.113,-0.482,0.075,-0.361,0.06,-0.36,0.057,-0.289,0.058
1887,5,-0.437,0.136,-0.467,0.074,-0.358,0.06,-0.361,0.057,-0.289,0.058
1887,6,-0.482,0.122,-0.465,0.074,-0.356,0.06,-0.36,0.057,-0.289,0.058
1887,7,-0.344,0.131,-0.422,0.076,-0.353,0.06,-0.361,0.058,-0.29,0.059
1887,8,-0.504,0.134,-0.406,0.076,-0.352,0.059,-0.363,0.058,-0.292,0.059
1887,9,-0.393,0.109,-0.405,0.076,-0.355,0.059,-0.365,0.058,-0.294,0.059
1887,10,-0.414,0.105,-0.403,0.076,-0.353,0.059,-0.365,0.058,-0.296,0.059
1887,11,-0.35,0.13,-0.394,0.074,-0.352,0.059,-0.367,0.058,-0.298,0.059
1887,12,-0.353,0.119,-0.381,0.073,-0.351,0.059,-0.367,0.058,-0.299,0.059
1888,1,-0.352,0.159,-0.375,0.073,-0.352,0.059,-0.371,0.058,-0.3,0.059
1888,2,-0.457,0.122,-0.356,0.073,-0.352,0.059,-0.372,0.058,-0.303,0.059
1888,3,-0.437,0.105,-0.347,0.073,-0.353,0.059,-0.374,0.058,-0.308,0.059
1888,4,-0.31,0.13,-0.322,0.074,-0.353,0.059,-0.374,0.058,-0.311,0.059
1888,5,-0.336,0.138,-0.305,0.074,-0.357,0.059,-0.375,0.058,-0.312,0.059
1888,6,-0.321,0.128,-0.284,0.075,-0.36,0.059,-0.377,0.058,-0.314,0.059
1888,7,-0.271,0.119,-0.264,0.075,-0.359,0.06,-0.376,0.059,-0.316,0.059
1888,8,-0.281,0.123,-0.209,0.075,-0.358,0.06,-0.375,0.059,-0.317,0.059
1888,9,-0.286,0.115,-0.171,0.074,-0.354,0.06,-0.375,0.059,-0.319,0.059
1888,10,-0.113,0.107,-0.142,0.074,-0.353,0.06,-0.375,0.059,-0.321,0.059
1888,11,-0.143,0.118,-0.129,0.073,-0.352,0.061,-0.374,0.059,-0.323,0.06
1888,12,-0.099,0.133,-0.12,0.073,-0.35,0.061,-0.375,0.059,-0.324,0.06
1889,1,-0.11,0.146,-0.112,0.074,-0.35,0.061,-0.377,0.059,-0.324,0.06
1889,2,0.198,0.126,-0.112,0.074,-0.348,0.061,-0.379,0.059,-0.325,0.06
1889,3,0.02,0.116,-0.117,0.075,-0.344,0.061,-0.378,0.059,-0.326,0.06
1889,4,0.035,0.11,-0.133,0.075,-0.342,0.061,-0.378,0.059,-0.326,0.06
1889,5,-0.175,0.118,-0.155,0.076,-0.341,0.061,-0.377,0.06,-0.326,0.06
1889,6,-0.221,0.108,-0.172,0.076,-0.336,0.062,-0.377,0.06,-0.327,0.06
1889,7,-0.171,0.127,-0.198,0.075,-0.326,0.062,-0.375,0.06,-0.327,0.06
1889,8,-0.277,0.129,-0.248,0.075,-0.318,0.062,-0.373,0.06,-0.327,0.06
1889,9,-0.346,0.117,-0.294,0.074,-0.318,0.062,-0.372,0.06,-0.326,0.06
1889,10,-0.308,0.104,-0.329,0.074,-0.32,0.062,-0.37,0.06,-0.326,0.061
1889,11,-0.404,0.11,-0.354,0.074,-0.319,0.063,-0.369,0.06,-0.325,0.061
1889,12,-0.302,0.111,-0.374,0.074,-0.316,0.063,-0.368,0.06,-0.325,0.061
1890,1,-0.424,0.122,-0.395,0.074,-0.317,0.063,-0.366,0.06,-0.325,0.061
1890,2,-0.398,0.13,-0.408,0.075,-0.316,0.063,-0.367,0.061,-0.323,0.061
1890,3,-0.536,0.124,-0.415,0.075,-0.316,0.063,-0.367,0.061,-0.322,0.061
1890,4,-0.382,0.117,-0.417,0.076,-0.314,0.063,-0.365,0.061,-0.322,0.061
1890,5,-0.48,0.122,-0.432,0.076,-0.319,0.064,-0.363,0.061,-0.321,0.061
1890,6,-0.459,0.11,-0.439,0.078,-0.322,0.064,-0.361,0.061,-0.32,0.061
1890,7,-0.418,0.125,-0.442,0.077,-0.33,0.064,-0.36,0.062,-0.32,0.061
1890,8,-0.438,0.126,-0.45,0.078,-0.332,0.065,-0.359,0.062,-0.32,0.062
1890,9,-0.435,0.112,-0.426,0.079,-0.33,0.065,-0.358,0.062,-0.319,0.062
1890,10,-0.325,0.106,-0.421,0.079,-0.331,0.065,-0.358,0.062,-0.318,0.062
1890,11,-0.59,0.117,-0.402,0.08,-0.332,0.065,-0.356,0.062,-0.318,0.062
1890,12,-0.379,0.141,-0.393,0.08,-0.332,0.066,-0.357,0.062,-0.318,0.062
1891,1,-0.468,0.145,-0.384,0.081,-0.331,0.066,-0.354,0.062,-0.319,0.062
1891,2,-0.495,0.152,-0.372,0.083,-0.33,0.066,-0.351,0.062,-0.318,0.062
1891,3,-0.245,0.127,-0.357,0.082,-0.331,0.066,-0.35,0.063,-0.318,0.062
1891,4,-0.32,0.116,-0.357,0.082,-0.333,0.066,-0.35,0.063,-0.319,0.062
1891,5,-0.256,0.124,-0.345,0.082,-0.336,0.066,-0.349,0.063,-0.319,0.062
1891,6,-0.349,0.118,-0.323,0.082,-0.341,0.066,-0.347,0.063,-0.319,0.063
1891,7,-0.31,0.127,-0.305,0.082,-0.347,0.066,-0.345,0.063,-0.319,0.063
1891,8,-0.295,0.127,-0.276,0.082,-0.356,0.067,-0.343,0.063,-0.32,0.063
1891,9,-0.253,0.11,-0.293,0.082,-0.362,0.067,-0.341,0.064,-0.32,0.063
1891,10,-0.329,0.115,-0.303,0.081,-0.371,0.067,-0.338,0.064,-0.32,0.063
1891,11,-0.448,0.117,-0.314,0.082,-0.375,0.067,-0.335,0.064,-0.32,0.063
1891,12,-0.106,0.107,-0.311,0.081,-0.379,0.068,-0.333,0.064,-0.32,0.063
1892,1,-0.252,0.129,-0.322,0.082,-0.381,0.068,-0.328,0.065,-0.322,0.063
1892,2,-0.154,0.12,-0.332,0.082,-0.381,0.068,-0.324,0.065,-0.322,0.063
1892,3,-0.444,0.123,-0.343,0.081,-0.381,0.068,-0.323,0.065,-0.323,0.063
1892,4,-0.439,0.114,-0.34,0.08,-0.379,0.068,-0.32,0.065,-0.323,0.063
1892,5,-0.387,0.131,-0.359,0.08,-0.379,0.068,-0.317,0.065,-0.324,0.063
1892,6,-0.31,0.125,-0.395,0.081,-0.379,0.068,-0.315,0.066,-0.324,0.063
1892,7,-0.443,0.126,-0.442,0.081,-0.38,0.068,-0.314,0.066,-0.324,0.063
1892,8,-0.42,0.128,-0.478,0.081,-0.381,0.068,-0.312,0.066,-0.325,0.063
1892,9,-0.378,0.111,-0.467,0.081,-0.379,0.069,-0.31,0.066,-0.326,0.063
1892,10,-0.3,0.109,-0.461,0.08,-0.377,0.069,-0.309,0.066,-0.326,0.063
1892,11,-0.673,0.128,-0.463,0.08,-0.374,0.07,-0.309,0.066,-0.327,0.063
1892,12,-0.536,0.162,-0.462,0.081,-0.372,0.07,-0.309,0.066,-0.327,0.064
1893,1,-0.823,0.126,-0.441,0.08,-0.369,0.07,-0.307,0.067,-0.326,0.064
1893,2,-0.578,0.114,-0.428,0.08,-0.366,0.07,-0.307,0.067,-0.325,0.064
1893,3,-0.321,0.102,-0.425,0.08,-0.364,0.07,-0.309,0.067,-0.326,0.064
1893,4,-0.365,0.112,-0.419,0.08,-0.363,0.07,-0.31,0.067,-0.327,0.064
1893,5,-0.404,0.12,-0.39,0.081,-0.356,0.071,-0.31,0.067,-0.328,0.064
1893,6,-0.304,0.128,-0.376,0.078,-0.353,0.07,-0.309,0.068,-0.329,0.064
1893,7,-0.186,0.123,-0.349,0.078,-0.348,0.071,-0.31,0.068,-0.33,0.064
1893,8,-0.264,0.123,-0.329,0.08,-0.343,0.071,-0.311,0.068,-0.331,0.064
1893,9,-0.34,0.113,-0.331,0.081,-0.346,0.071,-0.312,0.068,-0.332,0.064
1893,10,-0.239,0.107,-0.342,0.082,-0.347,0.071,-0.315,0.068,-0.334,0.065
1893,11,-0.316,0.104,-0.344,0.082,-0.347,0.071,-0.318,0.068,-0.334,0.065
1893,12,-0.376,0.11,-0.356,0.081,-0.344,0.071,-0.321,0.068,-0.335,0.065
1894,1,-0.493,0.124,-0.365,0.081,-0.341,0.071,-0.321,0.068,-0.337,0.065
1894,2,-0.344,0.129,-0.366,0.082,-0.338,0.071,-0.326,0.068,-0.339,0.065
1894,3,-0.346,0.119,-0.364,0.082,-0.337,0.071,-0.33,0.069,-0.34,0.065
1894,4,-0.494,0.121,-0.364,0.082,-0.333,0.071,-0.332,0.069,-0.34,0.065
1894,5,-0.42,0.12,-0.367,0.082,-0.33,0.071,-0.333,0.069,-0.34,0.065
1894,6,-0.456,0.127,-0.364,0.082,-0.33,0.071,-0.334,0.069,-0.34,0.065
1894,7,-0.293,0.129,-0.362,0.082,-0.329,0.072,-0.335,0.069,-0.34,0.065
1894,8,-0.276,0.126,-0.37,0.083,-0.33,0.072,-0.334,0.069,-0.341,0.066
1894,9,-0.318,0.109,-0.377,0.084,-0.327,0.072,-0.333,0.069,-0.341,0.066
1894,10,-0.232,0.102,-0.357,0.084,-0.321,0.072,-0.331,0.069,-0.341,0.066
1894,11,-0.36,0.127,-0.35,0.085,-0.316,0.072,-0.328,0.069,-0.34,0.066
1894,12,-0.34,0.114,-0.336,0.085,-0.314,0.073,-0.328,0.069,-0.34,0.066
1895,1,-0.468,0.13,-0.331,0.086,-0.31,0.073,-0.327,0.07,-0.339,0.066
1895,2,-0.441,0.128,-0.333,0.087,-0.307,0.073,-0.325,0.07,-0.339,0.066
1895,3,-0.424,0.119,-0.333,0.087,-0.305,0.072,-0.32,0.07,-0.339,0.066
1895,4,-0.26,0.128,-0.333,0.088,-0.304,0.073,-0.318,0.07,-0.339,0.066
1895,5,-0.334,0.131,-0.318,0.088,-0.298,0.073,-0.315,0.07,-0.338,0.066
1895,6,-0.285,0.118,-0.306,0.087,-0.295,0.073,-0.313,0.07,-0.337,0.067
1895,7,-0.235,0.138,-0.282,0.086,-0.284,0.073,-0.311,0.071,-0.337,0.067
1895,8,-0.296,0.127,-0.261,0.085,-0.281,0.073,-0.309,0.071,-0.337,0.067
1895,9,-0.323,0.111,-0.26,0.084,-0.287,0.074,-0.307,0.071,-0.336,0.067
1895,10,-0.229,0.103,-0.271,0.083,-0.288,0.074,-0.304,0.071,-0.336,0.067
1895,11,-0.182,0.111,-0.265,0.082,-0.288,0.074,-0.301,0.071,-0.336,0.067
1895,12,-0.196,0.109,-0.254,0.082,-0.287,0.074,-0.299,0.071,-0.336,0.067
1896,1,-0.176,0.12,-0.245,0.081,-0.29,0.074,-0.297,0.072,-0.335,0.067
1896,2,-0.192,0.126,-0.23,0.082,-0.292,0.074,-0.294,0.072,-0.334,0.067
1896,3,-0.409,0.11,-0.22,0.083,-0.293,0.075,-0.293,0.072,-0.333,0.067
1896,4,-0.398,0.121,-0.209,0.083,-0.297,0.075,-0.29,0.072,-0.331,0.068
1896,5,-0.257,0.126,-0.215,0.083,-0.3,0.075,-0.29,0.072,-0.331,0.068
1896,6,-0.153,0.118,-0.208,0.084,-0.3,0.075,-0.289,0.072,-0.33,0.068
1896,7,-0.125,0.124,-0.209,0.086,-0.296,0.075,-0.289,0.072,-0.331,0.068
1896,8,-0.122,0.128,-0.211,0.086,-0.297,0.075,-0.288,0.072,-0.33,0.068
1896,9,-0.205,0.117,-0.202,0.087,-0.298,0.075,-0.289,0.072,-0.33,0.068
1896,10,-0.09,0.101,-0.174,0.086,-0.294,0.075,-0.289,0.072,-0.329,0.068
1896,11,-0.259,0.117,-0.158,0.086,-0.29,0.075,-0.287,0.072,-0.328,0.068
1896,12,-0.108,0.122,-0.162,0.086,-0.289,0.075,-0.289,0.072,-0.327,0.069
1897,1,-0.196,0.144,-0.17,0.087,-0.289,0.075,-0.289,0.072,-0.325,0.069
1897,2,-0.215,0.112,-0.178,0.086,-0.288,0.075,-0.289,0.072,-0.325,0.069
1897,3,-0.293,0.115,-0.183,0.086,-0.285,0.075,-0.288,0.072,-0.324,0.069
1897,4,-0.065,0.117,-0.194,0.087,-0.283,0.075,-0.287,0.073,-0.324,0.069
1897,5,-0.068,0.121,-0.2,0.089,-0.277,0.075,-0.287,0.073,-0.324,0.069
1897,6,-0.2,0.122,-0.22,0.088,-0.276,0.076,-0.288,0.073,-0.324,0.069
1897,7,-0.215,0.136,-0.216,0.088,-0.275,0.076,-0.287,0.073,-0.325,0.069
1897,8,-0.224,0.13,-0.234,0.089,-0.268,0.076,-0.286,0.073,-0.324,0.069
1897,9,-0.264,0.12,-0.266,0.089,-0.262,0.076,-0.286,0.073,-0.324,0.069
1897,10,-0.22,0.124,-0.295,0.089,-0.26,0.076,-0.288,0.073,-0.324,0.07
1897,11,-0.332,0.124,-0.322,0.087,-0.256,0.076,-0.286,0.073,-0.324,0.07
1897,12,-0.345,0.114,-0.326,0.086,-0.254,0.076,-0.286,0.073,-0.325,0.07
1898,1,-0.152,0.15,-0.338,0.087,-0.254,0.076,-0.282,0.073,-0.325,0.07
1898,2,-0.435,0.111,-0.351,0.087,-0.252,0.076,-0.278,0.073,-0.325,0.07
1898,3,-0.672,0.113,-0.365,0.089,-0.249,0.076,-0.279,0.073,-0.325,0.07
1898,4,-0.409,0.122,-0.388,0.089,-0.246,0.077,-0.28,0.074,-0.326,0.07
1898,5,-0.394,0.127,-0.402,0.09,-0.246,0.077,-0.28,0.074,-0.326,0.07
1898,6,-0.255,0.126,-0.404,0.09,-0.245,0.077,-0.282,0.074,-0.326,0.07
1898,7,-0.356,0.131,-0.409,0.09,-0.246,0.078,-0.285,0.074,-0.327,0.07
1898,8,-0.381,0.126,-0.406,0.09,-0.245,0.078,-0.287,0.074,-0.328,0.07
1898,9,-0.427,0.122,-0.387,0.091,-0.24,0.078,-0.29,0.074,-0.328,0.07
1898,10,-0.496,0.112,-0.37,0.092,-0.234,0.078,-0.292,0.074,-0.33,0.07
1898,11,-0.499,0.128,-0.357,0.091,-0.233,0.078,-0.294,0.074,-0.332,0.07
1898,12,-0.366,0.113,-0.368,0.089,-0.234,0.078,-0.296,0.074,-0.334,0.07
1899,1,-0.216,0.125,-0.362,0.089,-0.237,0.078,-0.297,0.074,-0.336,0.07
1899,2,-0.407,0.121,-0.346,0.089,-0.239,0.078,-0.3,0.075,-0.339,0.07
1899,3,-0.442,0.121,-0.322,0.088,-0.241,0.078,-0.302,0.075,-0.341,0.07
1899,4,-0.207,0.126,-0.29,0.087,-0.244,0.078,-0.303,0.075,-0.344,0.07
1899,5,-0.237,0.119,-0.248,0.086,-0.245,0.078,-0.304,0.075,-0.345,0.07
1899,6,-0.381,0.117,-0.244,0.088,-0.249,0.078,-0.304,0.075,-0.346,0.07
1899,7,-0.289,0.129,-0.258,0.088,-0.25,0.077,-0.306,0.075,-0.348,0.07
1899,8,-0.186,0.129,-0.228,0.09,-0.248,0.077,-0.308,0.075,-0.348,0.07
1899,9,-0.138,0.112,-0.195,0.09,-0.249,0.077,-0.31,0.075,-0.349,0.07
1899,10,-0.118,0.101,-0.188,0.089,-0.253,0.077,-0.312,0.075,-0.349,0.07
1899,11,0.012,0.121,-0.178,0.089,-0.259,0.077,-0.312,0.075,-0.349,0.07
1899,12,-0.317,0.133,-0.161,0.088,-0.261,0.077,-0.312,0.075,-0.35,0.07
1900,1,-0.391,0.123,-0.154,0.089,-0.264,0.077,-0.311,0.075,-0.35,0.07
1900,2,-0.046,0.148,-0.154,0.09,-0.266,0.077,-0.312,0.075,-0.35,0.07
1900,3,-0.039,0.111,-0.156,0.092,-0.268,0.078,-0.312,0.075,-0.35,0.07
1900,4,-0.125,0.116,-0.147,0.093,-0.271,0.078,-0.313,0.075,-0.35,0.07
1900,5,-0.115,0.12,-0.167,0.093,-0.275,0.078,-0.313,0.075,-0.35,0.07
1900,6,-0.176,0.12,-0.15,0.093,-0.277,0.078,-0.313,0.075,-0.35,0.07
1900,7,-0.211,0.129,-0.138,0.093,-0.28,0.078,-0.314,0.075,-0.35,0.07
1900,8,-0.184,0.129,-0.145,0.091,-0.275,0.078,-0.314,0.075,-0.35,0.07
1900,9,-0.161,0.118,-0.148,0.091,-0.27,0.078,-0.314,0.076,-0.35,0.07
1900,10,-0.014,0.111,-0.143,0.09,-0.271,0.078,-0.315,0.076,-0.35,0.07
1900,11,-0.223,0.126,-0.148,0.09,-0.273,0.078,-0.315,0.076,-0.35,0.07
1900,12,-0.115,0.124,-0.155,0.091,-0.277,0.078,-0.316,0.076,-0.351,0.07
1901,1,-0.246,0.122,-0.162,0.089,-0.28,0.078,-0.317,0.076,-0.352,0.07
1901,2,-0.133,0.125,-0.165,0.089,-0.283,0.078,-0.317,0.076,-0.353,0.07
1901,3,-0.073,0.108,-0.177,0.088,-0.286,0.078,-0.315,0.076,-0.354,0.07
1901,4,-0.061,0.113,-0.202,0.088,-0.287,0.078,-0.313,0.076,-0.355,0.069
1901,5,-0.179,0.119,-0.207,0.087,-0.288,0.078,-0.313,0.076,-0.356,0.069
1901,6,-0.265,0.117,-0.227,0.085,-0.292,0.078,-0.314,0.076,-0.357,0.069
1901,7,-0.288,0.123,-0.227,0.084,-0.298,0.078,-0.316,0.077,-0.358,0.069
1901,8,-0.217,0.125,-0.224,0.084,-0.303,0.078,-0.317,0.077,-0.359,0.069
1901,9,-0.311,0.109,-0.248,0.084,-0.306,0.078,-0.319,0.077,-0.36,0.069
1901,10,-0.31,0.111,-0.27,0.084,-0.312,0.078,-0.32,0.077,-0.36,0.069
1901,11,-0.29,0.11,-0.288,0.084,-0.317,0.078,-0.32,0.077,-0.359,0.069
1901,12,-0.346,0.122,-0.297,0.084,-0.319,0.078,-0.321,0.077,-0.36,0.069
1902,1,-0.25,0.109,-0.301,0.084,-0.323,0.078,-0.323,0.077,-0.36,0.069
1902,2,-0.095,0.107,-0.314,0.084,-0.329,0.078,-0.326,0.077,-0.36,0.069
1902,3,-0.358,0.107,-0.318,0.085,-0.336,0.078,-0.326,0.077,-0.36,0.069
1902,4,-0.333,0.12,-0.33,0.085,-0.342,0.079,-0.328,0.077,-0.359,0.069
1902,5,-0.392,0.118,-0.35,0.086,-0.347,0.078,-0.332,0.077,-0.358,0.069
1902,6,-0.372,0.11,-0.363,0.086,-0.347,0.078,-0.334,0.077,-0.358,0.068
1902,7,-0.343,0.127,-0.366,0.086,-0.346,0.078,-0.335,0.077,-0.358,0.068
1902,8,-0.366,0.124,-0.371,0.086,-0.355,0.078,-0.337,0.077,-0.359,0.068
1902,9,-0.365,0.115,-0.373,0.086,-0.361,0.078,-0.338,0.077,-0.36,0.068
1902,10,-0.452,0.102,-0.385,0.087,-0.366,0.078,-0.339,0.077,-0.361,0.068
1902,11,-0.526,0.108,-0.392,0.088,-0.369,0.078,-0.34,0.077,-0.36,0.068
1902,12,-0.509,0.128,-0.407,0.089,-0.372,0.079,-0.341,0.077,-0.36,0.068
1903,1,-0.276,0.127,-0.419,0.088,-0.374,0.079,-0.343,0.077,-0.358,0.068
1903,2,-0.158,0.111,-0.437,0.088,-0.376,0.079,-0.342,0.077,-0.358,0.068
1903,3,-0.38,0.11,-0.456,0.089,-0.38,0.079,-0.342,0.077,-0.358,0.068
1903,4,-0.48,0.12,-0.466,0.089,-0.385,0.079,-0.342,0.077,-0.358,0.068
1903,5,-0.478,0.123,-0.469,0.09,-0.384,0.079,-0.342,0.077,-0.358,0.068
1903,6,-0.549,0.11,-0.474,0.089,-0.386,0.079,-0.343,0.077,-0.359,0.068
1903,7,-0.495,0.121,-0.503,0.088,-0.387,0.079,-0.343,0.076,-0.36,0.068
1903,8,-0.579,0.122,-0.546,0.087,-0.39,0.079,-0.344,0.076,-0.36,0.067
1903,9,-0.593,0.12,-0.567,0.087,-0.391,0.079,-0.344,0.076,-0.361,0.067
1903,10,-0.573,0.105,-0.573,0.087,-0.391,0.079,-0.344,0.076,-0.361,0.067
1903,11,-0.559,0.111,-0.579,0.086,-0.393,0.079,-0.345,0.076,-0.361,0.067
1903,12,-0.566,0.113,-0.578,0.087,-0.394,0.079,-0.347,0.076,-0.359,0.067
1904,1,-0.628,0.12,-0.58,0.087,-0.394,0.079,-0.351,0.076,-0.357,0.067
1904,2,-0.674,0.111,-0.574,0.088,-0.396,0.08,-0.351,0.076,-0.357,0.067
1904,3,-0.625,0.105,-0.572,0.088,-0.397,0.08,-0.352,0.076,-0.356,0.067
1904,4,-0.56,0.114,-0.563,0.089,-0.395,0.08,-0.355,0.076,-0.356,0.067
1904,5,-0.548,0.121,-0.54,0.089,-0.396,0.08,-0.357,0.075,-0.355,0.067
1904,6,-0.53,0.114,-0.522,0.089,-0.394,0.081,-0.358,0.075,-0.354,0.067
1904,7,-0.53,0.128,-0.498,0.089,-0.397,0.081,-0.36,0.075,-0.354,0.067
1904,8,-0.504,0.135,-0.492,0.091,-0.404,0.081,-0.362,0.075,-0.354,0.066
1904,9,-0.571,0.114,-0.472,0.092,-0.403,0.081,-0.365,0.075,-0.353,0.066
1904,10,-0.458,0.113,-0.459,0.093,-0.403,0.081,-0.367,0.075,-0.353,0.066
1904,11,-0.286,0.114,-0.439,0.093,-0.405,0.081,-0.371,0.075,-0.352,0.066
1904,12,-0.346,0.112,-0.423,0.093,-0.406,0.081,-0.372,0.074,-0.351,0.066
1905,1,-0.348,0.12,-0.407,0.092,-0.407,0.081,-0.372,0.074,-0.35,0.066
1905,2,-0.594,0.135,-0.392,0.092,-0.408,0.081,-0.376,0.074,-0.348,0.066
1905,3,-0.391,0.112,-0.374,0.092,-0.409,0.081,-0.38,0.073,-0.347,0.066
1905,4,-0.401,0.122,-0.363,0.093,-0.406,0.081,-0.382,0.073,-0.345,0.066
1905,5,-0.314,0.119,-0.355,0.093,-0.406,0.081,-0.384,0.073,-0.344,0.066
1905,6,-0.332,0.11,-0.347,0.093,-0.405,0.081,-0.386,0.073,-0.343,0.066
1905,7,-0.34,0.13,-0.342,0.092,-0.407,0.081,-0.388,0.073,-0.343,0.066
1905,8,-0.32,0.128,-0.317,0.09,-0.41,0.08,-0.39,0.072,-0.343,0.066
1905,9,-0.362,0.113,-0.298,0.089,-0.414,0.08,-0.392,0.072,-0.342,0.065
1905,10,-0.325,0.118,-0.269,0.088,-0.413,0.08,-0.396,0.072,-0.342,0.065
1905,11,-0.186,0.108,-0.268,0.088,-0.411,0.08,-0.399,0.072,-0.342,0.065
1905,12,-0.248,0.108,-0.264,0.088,-0.408,0.079,-0.404,0.072,-0.342,0.065
1906,1,-0.289,0.114,-0.264,0.088,-0.407,0.079,-0.407,0.071,-0.342,0.065
1906,2,-0.293,0.111,-0.264,0.089,-0.406,0.079,-0.411,0.071,-0.342,0.065
1906,3,-0.169,0.107,-0.262,0.09,-0.403,0.079,-0.416,0.071,-0.342,0.065
1906,4,-0.045,0.117,-0.253,0.089,-0.401,0.079,-0.42,0.071,-0.341,0.065
1906,5,-0.313,0.122,-0.268,0.09,-0.402,0.078,-0.423,0.07,-0.342,0.065
1906,6,-0.276,0.121,-0.264,0.091,-0.402,0.078,-0.425,0.07,-0.343,0.065
1906,7,-0.345,0.127,-0.276,0.09,-0.404,0.078,-0.427,0.07,-0.344,0.065
1906,8,-0.314,0.135,-0.294,0.09,-0.4,0.078,-0.429,0.07,-0.345,0.065
1906,9,-0.345,0.116,-0.306,0.09,-0.399,0.078,-0.431,0.07,-0.345,0.065
1906,10,-0.208,0.111,-0.33,0.091,-0.398,0.077,-0.431,0.069,-0.347,0.065
1906,11,-0.367,0.114,-0.345,0.09,-0.397,0.077,-0.431,0.069,-0.348,0.065
1906,12,-0.199,0.119,-0.361,0.09,-0.397,0.076,-0.43,0.069,-0.35,0.065
1907,1,-0.442,0.106,-0.366,0.089,-0.397,0.076,-0.43,0.069,-0.352,0.065
1907,2,-0.505,0.105,-0.375,0.088,-0.395,0.076,-0.431,0.069,-0.354,0.065
1907,3,-0.312,0.109,-0.379,0.086,-0.393,0.075,-0.432,0.069,-0.356,0.065
1907,4,-0.331,0.119,-0.383,0.085,-0.393,0.075,-0.43,0.068,-0.357,0.065
1907,5,-0.495,0.115,-0.397,0.085,-0.395,0.074,-0.429,0.068,-0.359,0.065
1907,6,-0.468,0.112,-0.421,0.085,-0.398,0.074,-0.428,0.068,-0.361,0.065
1907,7,-0.406,0.121,-0.416,0.085,-0.398,0.074,-0.429,0.068,-0.361,0.065
1907,8,-0.419,0.126,-0.4,0.085,-0.396,0.073,-0.431,0.068,-0.361,0.065
1907,9,-0.393,0.108,-0.425,0.085,-0.398,0.072,-0.433,0.068,-0.362,0.065
1907,10,-0.263,0.106,-0.435,0.084,-0.398,0.072,-0.434,0.067,-0.363,0.065
1907,11,-0.532,0.127,-0.423,0.083,-0.399,0.071,-0.434,0.067,-0.363,0.065
1907,12,-0.483,0.108,-0.417,0.082,-0.401,0.071,-0.434,0.067,-0.364,0.065
1908,1,-0.381,0.105,-0.416,0.082,-0.402,0.07,-0.435,0.067,-0.366,0.065
1908,2,-0.315,0.106,-0.424,0.082,-0.404,0.07,-0.437,0.066,-0.366,0.065
1908,3,-0.617,0.106,-0.425,0.082,-0.405,0.07,-0.438,0.066,-0.365,0.065
1908,4,-0.447,0.111,-0.446,0.081,-0.406,0.069,-0.437,0.066,-0.365,0.065
1908,5,-0.352,0.112,-0.451,0.079,-0.414,0.069,-0.436,0.066,-0.365,0.065
1908,6,-0.397,0.101,-0.458,0.078,-0.421,0.069,-0.436,0.066,-0.366,0.065
1908,7,-0.396,0.124,-0.485,0.077,-0.427,0.068,-0.435,0.065,-0.366,0.065
1908,8,-0.508,0.119,-0.498,0.078,-0.433,0.068,-0.433,0.065,-0.366,0.065
1908,9,-0.411,0.103,-0.494,0.076,-0.441,0.067,-0.432,0.065,-0.365,0.064
1908,10,-0.507,0.101,-0.5,0.075,-0.448,0.067,-0.43,0.065,-0.363,0.064
1908,11,-0.592,0.098,-0.512,0.075,-0.453,0.066,-0.427,0.065,-0.362,0.064
1908,12,-0.57,0.099,-0.518,0.074,-0.457,0.066,-0.423,0.064,-0.361,0.065
1909,1,-0.712,0.102,-0.53,0.074,-0.46,0.066,-0.418,0.064,-0.361,0.064
1909,2,-0.462,0.105,-0.52,0.073,-0.463,0.065,-0.413,0.064,-0.36,0.064
1909,3,-0.569,0.092,-0.525,0.073,-0.465,0.065,-0.411,0.064,-0.36,0.064
1909,4,-0.524,0.11,-0.521,0.073,-0.467,0.064,-0.409,0.064,-0.359,0.064
1909,5,-0.49,0.111,-0.506,0.073,-0.466,0.064,-0.406,0.064,-0.359,0.064
1909,6,-0.479,0.104,-0.5,0.073,-0.467,0.064,-0.404,0.063,-0.359,0.064
1909,7,-0.537,0.114,-0.471,0.072,-0.464,0.064,-0.401,0.063,-0.359,0.064
1909,8,-0.39,0.117,-0.47,0.071,-0.458,0.063,-0.399,0.063,-0.36,0.064
1909,9,-0.472,0.1,-0.468,0.07,-0.46,0.063,-0.396,0.063,-0.361,0.064
1909,10,-0.46,0.093,-0.459,0.07,-0.458,0.063,-0.393,0.063,-0.362,0.064
1909,11,-0.402,0.093,-0.449,0.069,-0.454,0.063,-0.392,0.062,-0.364,0.064
1909,12,-0.498,0.1,-0.444,0.069,-0.45,0.062,-0.39,0.062,-0.365,0.064
1910,1,-0.369,0.096,-0.435,0.069,-0.451,0.062,-0.389,0.062,-0.364,0.064
1910,2,-0.452,0.097,-0.438,0.069,-0.453,0.062,-0.384,0.062,-0.366,0.064
1910,3,-0.546,0.088,-0.434,0.069,-0.457,0.062,-0.382,0.062,-0.366,0.064
1910,4,-0.407,0.102,-0.429,0.069,-0.463,0.062,-0.378,0.062,-0.366,0.064
1910,5,-0.376,0.108,-0.447,0.069,-0.461,0.061,-0.375,0.061,-0.367,0.064
1910,6,-0.417,0.102,-0.464,0.07,-0.462,0.061,-0.374,0.061,-0.367,0.064
1910,7,-0.433,0.115,-0.486,0.069,-0.463,0.061,-0.373,0.061,-0.368,0.064
1910,8,-0.418,0.119,-0.501,0.068,-0.465,0.061,-0.371,0.061,-0.368,0.064
1910,9,-0.433,0.099,-0.51,0.068,-0.463,0.061,-0.37,0.061,-0.368,0.064
1910,10,-0.396,0.089,-0.519,0.068,-0.461,0.06,-0.37,0.061,-0.369,0.064
1910,11,-0.618,0.103,-0.535,0.068,-0.462,0.06,-0.369,0.061,-0.369,0.064
1910,12,-0.704,0.109,-0.545,0.068,-0.463,0.06,-0.369,0.061,-0.37,0.064
1911,1,-0.628,0.092,-0.551,0.068,-0.463,0.06,-0.368,0.061,-0.369,0.064
1911,2,-0.632,0.092,-0.557,0.068,-0.461,0.06,-0.367,0.061,-0.37,0.064
1911,3,-0.654,0.091,-0.562,0.069,-0.461,0.06,-0.368,0.061,-0.371,0.064
1911,4,-0.515,0.102,-0.555,0.068,-0.458,0.06,-0.37,0.061,-0.371,0.064
1911,5,-0.567,0.116,-0.53,0.068,-0.453,0.06,-0.371,0.061,-0.372,0.064
1911,6,-0.541,0.102,-0.493,0.068,-0.444,0.06,-0.371,0.061,-0.372,0.064
1911,7,-0.508,0.114,-0.461,0.069,-0.432,0.06,-0.371,0.061,-0.371,0.064
1911,8,-0.488,0.116,-0.423,0.069,-0.427,0.059,-0.372,0.061,-0.371,0.064
1911,9,-0.497,0.103,-0.403,0.068,-0.423,0.059,-0.372,0.061,-0.371,0.064
1911,10,-0.304,0.091,-0.376,0.069,-0.419,0.059,-0.373,0.061,-0.37,0.064
1911,11,-0.316,0.088,-0.35,0.069,-0.414,0.059,-0.375,0.061,-0.369,0.064
1911,12,-0.269,0.092,-0.326,0.069,-0.41,0.059,-0.379,0.061,-0.368,0.065
1912,1,-0.239,0.105,-0.321,0.069,-0.406,0.059,-0.381,0.061,-0.369,0.064
1912,2,-0.184,0.097,-0.326,0.07,-0.403,0.059,-0.382,0.061,-0.37,0.064
1912,3,-0.412,0.087,-0.336,0.069,-0.399,0.059,-0.385,0.061,-0.369,0.064
1912,4,-0.188,0.106,-0.362,0.07,-0.392,0.059,-0.387,0.061,-0.368,0.064
1912,5,-0.251,0.112,-0.375,0.07,-0.388,0.06,-0.387,0.061,-0.368,0.064
1912,6,-0.251,0.097,-0.394,0.07,-0.382,0.06,-0.387,0.061,-0.367,0.064
1912,7,-0.457,0.117,-0.413,0.07,-0.379,0.06,-0.387,0.061,-0.367,0.064
1912,8,-0.538,0.118,-0.434,0.07,-0.373,0.06,-0.386,0.062,-0.367,0.064
1912,9,-0.622,0.099,-0.44,0.071,-0.365,0.06,-0.385,0.062,-0.367,0.064
1912,10,-0.617,0.087,-0.45,0.07,-0.357,0.06,-0.387,0.062,-0.366,0.064
1912,11,-0.471,0.088,-0.463,0.07,-0.351,0.06,-0.386,0.062,-0.365,0.064
1912,12,-0.501,0.095,-0.481,0.069,-0.347,0.06,-0.387,0.062,-0.364,0.064
1913,1,-0.465,0.093,-0.478,0.07,-0.343,0.06,-0.388,0.062,-0.364,0.064
1913,2,-0.44,0.116,-0.464,0.069,-0.338,0.06,-0.389,0.062,-0.365,0.064
1913,3,-0.479,0.089,-0.447,0.069,-0.334,0.06,-0.388,0.062,-0.365,0.064
1913,4,-0.306,0.1,-0.425,0.069,-0.333,0.061,-0.388,0.062,-0.364,0.064
1913,5,-0.407,0.105,-0.406,0.069,-0.324,0.061,-0.388,0.062,-0.363,0.064
1913,6,-0.476,0.099,-0.369,0.068,-0.316,0.061,-0.388,0.062,-0.362,0.064
1913,7,-0.42,0.118,-0.327,0.067,-0.31,0.061,-0.388,0.062,-0.361,0.064
1913,8,-0.359,0.115,-0.306,0.067,-0.302,0.061,-0.387,0.062,-0.36,0.064
1913,9,-0.42,0.101,-0.292,0.067,-0.296,0.062,-0.386,0.062,-0.359,0.064
1913,10,-0.351,0.086,-0.29,0.067,-0.293,0.062,-0.382,0.062,-0.357,0.064
1913,11,-0.253,0.09,-0.275,0.067,-0.288,0.062,-0.378,0.062,-0.355,0.064
1913,12,-0.053,0.083,-0.256,0.067,-0.286,0.062,-0.376,0.063,-0.353,0.064
1914,1,0.036,0.092,-0.243,0.067,-0.283,0.062,-0.372,0.063,-0.351,0.064
1914,2,-0.182,0.087,-0.231,0.067,-0.28,0.062,-0.369,0.063,-0.349,0.064
1914,3,-0.312,0.089,-0.217,0.068,-0.278,0.063,-0.367,0.063,-0.347,0.065
1914,4,-0.286,0.104,-0.192,0.069,-0.28,0.063,-0.363,0.063,-0.345,0.065
1914,5,-0.226,0.105,-0.183,0.069,-0.283,0.063,-0.361,0.063,-0.344,0.065
1914,6,-0.251,0.098,-0.188,0.07,-0.291,0.064,-0.36,0.063,-0.343,0.065
1914,7,-0.262,0.123,-0.209,0.071,-0.297,0.064,-0.359,0.063,-0.342,0.065
1914,8,-0.209,0.117,-0.201,0.073,-0.306,0.064,-0.358,0.063,-0.341,0.065
1914,9,-0.252,0.104,-0.18,0.073,-0.311,0.065,-0.358,0.063,-0.34,0.065
1914,10,-0.055,0.094,-0.15,0.073,-0.316,0.065,-0.357,0.064,-0.339,0.065
1914,11,-0.139,0.097,-0.131,0.074,-0.321,0.065,-0.358,0.064,-0.339,0.065
1914,12,-0.12,0.096,-0.124,0.074,-0.325,0.065,-0.358,0.064,-0.339,0.065
1915,1,-0.21,0.106,-0.119,0.075,-0.323,0.065,-0.356,0.064,-0.34,0.065
1915,2,-0.088,0.106,-0.112,0.076,-0.319,0.065,-0.356,0.064,-0.339,0.065
1915,3,-0.06,0.095,-0.11,0.076,-0.314,0.066,-0.353,0.064,-0.338,0.065
1915,4,0.071,0.108,-0.13,0.076,-0.311,0.066,-0.351,0.064,-0.338,0.065
1915,5,0.009,0.112,-0.128,0.077,-0.31,0.067,-0.35,0.064,-0.337,0.065
1915,6,-0.179,0.107,-0.137,0.078,-0.313,0.067,-0.348,0.065,-0.337,0.065
1915,7,-0.199,0.122,-0.138,0.078,-0.313,0.067,-0.347,0.065,-0.337,0.065
1915,8,-0.128,0.123,-0.145,0.079,-0.313,0.067,-0.346,0.065,-0.336,0.065
1915,9,-0.228,0.106,-0.165,0.079,-0.312,0.067,-0.344,0.065,-0.335,0.065
1915,10,-0.289,0.095,-0.196,0.079,-0.315,0.067,-0.341,0.065,-0.335,0.065
1915,11,-0.117,0.103,-0.224,0.079,-0.315,0.067,-0.338,0.065,-0.334,0.065
1915,12,-0.229,0.101,-0.24,0.079,-0.314,0.068,-0.336,0.065,-0.332,0.065
1916,1,-0.216,0.104,-0.251,0.079,-0.313,0.068,-0.332,0.066,-0.33,0.065
1916,2,-0.171,0.113,-0.27,0.081,-0.313,0.068,-0.328,0.066,-0.329,0.065
1916,3,-0.308,0.123,-0.282,0.081,-0.31,0.068,-0.325,0.066,-0.328,0.065
1916,4,-0.302,0.105,-0.292,0.081,-0.306,0.069,-0.323,0.066,-0.328,0.065
1916,5,-0.318,0.114,-0.324,0.082,-0.304,0.069,-0.321,0.066,-0.327,0.065
1916,6,-0.369,0.108,-0.366,0.083,-0.308,0.069,-0.318,0.066,-0.327,0.065
1916,7,-0.34,0.127,-0.4,0.084,-0.312,0.07,-0.315,0.066,-0.326,0.065
1916,8,-0.352,0.136,-0.443,0.085,-0.311,0.07,-0.313,0.066,-0.326,0.065
1916,9,-0.369,0.115,-0.476,0.085,-0.311,0.07,-0.31,0.067,-0.325,0.065
1916,10,-0.412,0.1,-0.492,0.086,-0.307,0.07,-0.309,0.067,-0.324,0.065
1916,11,-0.504,0.115,-0.513,0.085,-0.308,0.071,-0.307,0.067,-0.323,0.065
1916,12,-0.734,0.115,-0.522,0.086,-0.309,0.071,-0.306,0.067,-0.323,0.065
1917,1,-0.619,0.117,-0.521,0.087,-0.311,0.071,-0.307,0.067,-0.322,0.065
1917,2,-0.685,0.121,-0.517,0.087,-0.314,0.071,-0.309,0.067,-0.32,0.065
1917,3,-0.713,0.11,-0.512,0.088,-0.316,0.072,-0.307,0.067,-0.32,0.065
1917,4,-0.491,0.109,-0.516,0.089,-0.321,0.072,-0.306,0.067,-0.32,0.065
1917,5,-0.566,0.12,-0.508,0.089,-0.328,0.072,-0.306,0.067,-0.319,0.065
1917,6,-0.478,0.107,-0.503,0.088,-0.333,0.073,-0.307,0.067,-0.318,0.065
1917,7,-0.325,0.128,-0.489,0.087,-0.334,0.072,-0.305,0.067,-0.317,0.065
1917,8,-0.315,0.142,-0.471,0.086,-0.338,0.073,-0.303,0.067,-0.316,0.065
1917,9,-0.302,0.127,-0.448,0.085,-0.34,0.073,-0.301,0.067,-0.315,0.065
1917,10,-0.467,0.104,-0.444,0.085,-0.344,0.073,-0.299,0.067,-0.314,0.065
1917,11,-0.404,0.106,-0.434,0.086,-0.349,0.073,-0.297,0.068,-0.312,0.065
1917,12,-0.667,0.11,-0.426,0.086,-0.35,0.073,-0.295,0.068,-0.311,0.065
1918,1,-0.458,0.123,-0.431,0.086,-0.351,0.074,-0.293,0.068,-0.309,0.065
1918,2,-0.472,0.108,-0.435,0.085,-0.354,0.074,-0.293,0.068,-0.308,0.065
1918,3,-0.43,0.106,-0.431,0.085,-0.353,0.074,-0.292,0.068,-0.307,0.065
1918,4,-0.446,0.111,-0.399,0.085,-0.35,0.074,-0.291,0.068,-0.305,0.065
1918,5,-0.439,0.123,-0.377,0.086,-0.352,0.074,-0.29,0.068,-0.305,0.065
1918,6,-0.389,0.113,-0.345,0.087,-0.356,0.074,-0.288,0.068,-0.305,0.065
1918,7,-0.377,0.126,-0.323,0.087,-0.354,0.074,-0.288,0.068,-0.304,0.065
1918,8,-0.371,0.131,-0.295,0.087,-0.354,0.075,-0.288,0.069,-0.303,0.065
1918,9,-0.249,0.116,-0.283,0.088,-0.354,0.075,-0.287,0.069,-0.302,0.065
1918,10,-0.086,0.106,-0.253,0.088,-0.354,0.075,-0.285,0.069,-0.301,0.065
1918,11,-0.14,0.11,-0.238,0.088,-0.353,0.075,-0.283,0.069,-0.299,0.065
1918,12,-0.281,0.116,-0.235,0.089,-0.35,0.075,-0.282,0.069,-0.297,0.066
1919,1,-0.197,0.125,-0.235,0.089,-0.348,0.075,-0.284,0.069,-0.296,0.066
1919,2,-0.141,0.111,-0.234,0.089,-0.346,0.075,-0.285,0.07,-0.297,0.066
1919,3,-0.286,0.112,-0.246,0.089,-0.343,0.075,-0.283,0.07,-0.296,0.066
1919,4,-0.079,0.122,-0.269,0.089,-0.337,0.075,-0.282,0.07,-0.295,0.066
1919,5,-0.265,0.122,-0.301,0.088,-0.332,0.075,-0.282,0.07,-0.295,0.066
1919,6,-0.348,0.114,-0.316,0.088,-0.322,0.075,-0.282,0.07,-0.294,0.066
1919,7,-0.374,0.125,-0.319,0.087,-0.317,0.075,-0.282,0.07,-0.294,0.066
1919,8,-0.361,0.135,-0.338,0.086,-0.312,0.074,-0.283,0.07,-0.293,0.066
1919,9,-0.399,0.118,-0.328,0.086,-0.302,0.074,-0.284,0.07,-0.292,0.066
1919,10,-0.354,0.103,-0.337,0.087,-0.296,0.074,-0.286,0.07,-0.291,0.066
1919,11,-0.533,0.118,-0.335,0.087,-0.292,0.074,-0.287,0.07,-0.29,0.066
1919,12,-0.453,0.111,-0.328,0.087,-0.288,0.074,-0.289,0.071,-0.29,0.066
1920,1,-0.237,0.107,-0.32,0.088,-0.287,0.074,-0.291,0.071,-0.29,0.066
1920,2,-0.362,0.106,-0.312,0.087,-0.288,0.074,-0.293,0.071,-0.289,0.066
1920,3,-0.17,0.101,-0.295,0.087,-0.289,0.073,-0.295,0.071,-0.287,0.066
1920,4,-0.185,0.123,-0.275,0.086,-0.286,0.073,-0.298,0.071,-0.286,0.066
1920,5,-0.25,0.123,-0.25,0.086,-0.284,0.073,-0.299,0.071,-0.285,0.066
1920,6,-0.262,0.111,-0.25,0.085,-0.276,0.073,-0.3,0.071,-0.284,0.067
1920,7,-0.276,0.131,-0.241,0.086,-0.273,0.073,-0.301,0.071,-0.283,0.067
1920,8,-0.259,0.128,-0.225,0.087,-0.272,0.073,-0.301,0.071,-0.282,0.067
1920,9,-0.197,0.111,-0.235,0.087,-0.271,0.073,-0.301,0.071,-0.281,0.067
1920,10,-0.121,0.1,-0.243,0.086,-0.268,0.073,-0.3,0.071,-0.279,0.067
1920,11,-0.233,0.107,-0.246,0.086,-0.265,0.073,-0.299,0.071,-0.276,0.067
1920,12,-0.448,0.106,-0.241,0.086,-0.263,0.073,-0.296,0.071,-0.274,0.067
1921,1,-0.127,0.104,-0.234,0.085,-0.263,0.073,-0.292,0.071,-0.271,0.067
1921,2,-0.17,0.112,-0.233,0.085,-0.262,0.073,-0.291,0.071,-0.269,0.067
1921,3,-0.292,0.108,-0.229,0.085,-0.264,0.073,-0.287,0.071,-0.267,0.067
1921,4,-0.276,0.112,-0.226,0.085,-0.264,0.073,-0.285,0.071,-0.266,0.067
1921,5,-0.295,0.116,-0.222,0.085,-0.261,0.073,-0.284,0.071,-0.264,0.067
1921,6,-0.199,0.108,-0.196,0.085,-0.256,0.073,-0.282,0.072,-0.262,0.067
1921,7,-0.184,0.122,-0.214,0.084,-0.257,0.073,-0.282,0.072,-0.26,0.067
1921,8,-0.247,0.131,-0.229,0.082,-0.258,0.073,-0.28,0.072,-0.258,0.068
1921,9,-0.154,0.108,-0.218,0.081,-0.256,0.073,-0.278,0.071,-0.256,0.068
1921,10,-0.087,0.105,-0.203,0.081,-0.258,0.073,-0.274,0.071,-0.255,0.068
1921,11,-0.183,0.1,-0.205,0.081,-0.256,0.073,-0.271,0.071,-0.254,0.068
1921,12,-0.14,0.106,-0.211,0.08,-0.255,0.073,-0.266,0.071,-0.253,0.068
1922,1,-0.345,0.107,-0.216,0.08,-0.253,0.073,-0.263,0.071,-0.252,0.068
1922,2,-0.341,0.106,-0.226,0.079,-0.252,0.073,-0.259,0.071,-0.252,0.068
1922,3,-0.163,0.096,-0.242,0.079,-0.251,0.073,-0.256,0.071,-0.251,0.068
1922,4,-0.104,0.108,-0.263,0.079,-0.251,0.073,-0.253,0.071,-0.25,0.068
1922,5,-0.318,0.113,-0.268,0.079,-0.246,0.073,-0.25,0.071,-0.249,0.068
1922,6,-0.272,0.101,-0.275,0.079,-0.245,0.073,-0.248,0.071,-0.249,0.068
1922,7,-0.245,0.119,-0.268,0.079,-0.247,0.073,-0.247,0.071,-0.248,0.068
1922,8,-0.358,0.126,-0.274,0.08,-0.248,0.073,-0.246,0.071,-0.246,0.068
1922,9,-0.35,0.105,-0.29,0.08,-0.25,0.073,-0.245,0.071,-0.244,0.068
1922,10,-0.334,0.098,-0.303,0.081,-0.251,0.073,-0.241,0.071,-0.242,0.068
1922,11,-0.25,0.102,-0.302,0.081,-0.25,0.073,-0.238,0.071,-0.241,0.068
1922,12,-0.221,0.106,-0.3,0.081,-0.25,0.073,-0.235,0.071,-0.24,0.068
1923,1,-0.262,0.103,-0.31,0.082,-0.25,0.073,-0.23,0.071,-0.239,0.068
1923,2,-0.413,0.101,-0.308,0.081,-0.248,0.073,-0.227,0.071,-0.238,0.068
1923,3,-0.35,0.1,-0.305,0.082,-0.248,0.073,-0.225,0.071,-0.238,0.068
1923,4,-0.268,0.117,-0.285,0.082,-0.249,0.073,-0.223,0.071,-0.238,0.068
1923,5,-0.299,0.113,-0.264,0.082,-0.245,0.073,-0.222,0.071,-0.237,0.068
1923,6,-0.249,0.105,-0.244,0.082,-0.236,0.073,-0.221,0.071,-0.237,0.069
1923,7,-0.362,0.121,-0.243,0.082,-0.23,0.073,-0.22,0.071,-0.236,0.069
1923,8,-0.333,0.124,-0.226,0.083,-0.227,0.073,-0.219,0.071,-0.235,0.069
1923,9,-0.325,0.106,-0.207,0.083,-0.221,0.073,-0.219,0.071,-0.235,0.069
1923,10,-0.09,0.093,-0.203,0.083,-0.217,0.073,-0.22,0.071,-0.235,0.069
1923,11,0.005,0.107,-0.193,0.083,-0.215,0.073,-0.22,0.071,-0.235,0.069
1923,12,0.015,0.104,-0.193,0.083,-0.215,0.073,-0.219,0.071,-0.236,0.069
1924,1,-0.245,0.107,-0.185,0.083,-0.215,0.073,-0.221,0.071,-0.237,0.069
1924,2,-0.211,0.105,-0.184,0.083,-0.213,0.073,-0.225,0.071,-0.237,0.069
1924,3,-0.128,0.102,-0.184,0.084,-0.213,0.073,-0.225,0.071,-0.237,0.069
1924,4,-0.209,0.108,-0.204,0.084,-0.212,0.073,-0.227,0.071,-0.237,0.069
1924,5,-0.183,0.116,-0.225,0.084,-0.21,0.073,-0.228,0.071,-0.237,0.069
1924,6,-0.255,0.107,-0.259,0.084,-0.211,0.073,-0.229,0.071,-0.236,0.069
1924,7,-0.258,0.12,-0.271,0.083,-0.209,0.073,-0.229,0.071,-0.236,0.069
1924,8,-0.322,0.125,-0.288,0.083,-0.206,0.073,-0.228,0.071,-0.236,0.069
1924,9,-0.328,0.114,-0.302,0.082,-0.209,0.073,-0.227,0.071,-0.236,0.069
1924,10,-0.329,0.098,-0.304,0.082,-0.21,0.073,-0.225,0.071,-0.236,0.069
1924,11,-0.243,0.106,-0.303,0.082,-0.208,0.073,-0.222,0.071,-0.235,0.069
1924,12,-0.394,0.103,-0.303,0.082,-0.208,0.073,-0.222,0.071,-0.235,0.069
1925,1,-0.388,0.101,-0.305,0.082,-0.208,0.073,-0.223,0.071,-0.235,0.069
1925,2,-0.414,0.105,-0.292,0.082,-0.205,0.073,-0.222,0.071,-0.235,0.069
1925,3,-0.297,0.097,-0.282,0.082,-0.201,0.073,-0.221,0.071,-0.235,0.069
1925,4,-0.241,0.106,-0.268,0.082,-0.195,0.073,-0.221,0.071,-0.237,0.069
1925,5,-0.162,0.117,-0.248,0.082,-0.193,0.073,-0.221,0.071,-0.238,0.069
1925,6,-0.253,0.106,-0.205,0.082,-0.193,0.073,-0.22,0.071,-0.238,0.069
1925,7,-0.284,0.119,-0.156,0.081,-0.188,0.073,-0.219,0.071,-0.238,0.069
1925,8,-0.169,0.126,-0.118,0.081,-0.182,0.073,-0.218,0.071,-0.238,0.069
1925,9,-0.204,0.108,-0.087,0.082,-0.18,0.073,-0.218,0.072,-0.238,0.069
1925,10,-0.166,0.096,-0.072,0.082,-0.178,0.073,-0.217,0.072,-0.238,0.069
1925,11,-0.003,0.1,-0.073,0.081,-0.178,0.073,-0.215,0.072,-0.239,0.069
1925,12,0.126,0.101,-0.065,0.08,-0.18,0.073,-0.211,0.072,-0.238,0.069
1926,1,0.198,0.102,-0.061,0.081,-0.177,0.073,-0.211,0.072,-0.239,0.069
1926,2,0.045,0.103,-0.057,0.081,-0.175,0.073,-0.211,0.072,-0.239,0.069
1926,3,0.073,0.101,-0.051,0.081,-0.174,0.073,-0.209,0.072,-0.239,0.069
1926,4,-0.059,0.107,-0.039,0.081,-0.176,0.073,-0.208,0.072,-0.239,0.069
1926,5,-0.177,0.113,-0.044,0.081,-0.178,0.073,-0.207,0.072,-0.238,0.069
1926,6,-0.165,0.109,-0.071,0.081,-0.182,0.073,-0.206,0.072,-0.237,0.069
1926,7,-0.23,0.123,-0.107,0.08,-0.185,0.073,-0.205,0.072,-0.236,0.069
1926,8,-0.126,0.129,-0.124,0.08,-0.191,0.073,-0.203,0.072,-0.235,0.069
1926,9,-0.127,0.105,-0.159,0.08,-0.195,0.073,-0.202,0.072,-0.234,0.069
1926,10,-0.021,0.095,-0.171,0.08,-0.197,0.073,-0.201,0.072,-0.232,0.069
1926,11,-0.061,0.098,-0.172,0.08,-0.2,0.073,-0.2,0.072,-0.23,0.069
1926,12,-0.202,0.1,-0.181,0.08,-0.203,0.073,-0.2,0.072,-0.227,0.069
1927,1,-0.23,0.098,-0.18,0.08,-0.205,0.073,-0.196,0.072,-0.225,0.069
1927,2,-0.158,0.097,-0.184,0.08,-0.204,0.073,-0.194,0.072,-0.222,0.069
1927,3,-0.349,0.112,-0.184,0.08,-0.202,0.073,-0.195,0.072,-0.22,0.069
1927,4,-0.2,0.108,-0.181,0.08,-0.2,0.073,-0.193,0.072,-0.218,0.069
1927,5,-0.194,0.114,-0.183,0.08,-0.197,0.073,-0.192,0.072,-0.216,0.069
1927,6,-0.276,0.11,-0.187,0.08,-0.199,0.073,-0.191,0.072,-0.214,0.069
1927,7,-0.213,0.121,-0.162,0.08,-0.198,0.073,-0.19,0.072,-0.213,0.069
1927,8,-0.175,0.123,-0.155,0.081,-0.195,0.073,-0.189,0.072,-0.211,0.069
1927,9,-0.131,0.107,-0.146,0.081,-0.192,0.073,-0.187,0.072,-0.21,0.069
1927,10,0.015,0.096,-0.143,0.081,-0.191,0.073,-0.185,0.072,-0.207,0.069
1927,11,-0.082,0.093,-0.148,0.081,-0.192,0.073,-0.185,0.072,-0.205,0.069
1927,12,-0.25,0.097,-0.156,0.081,-0.191,0.073,-0.185,0.072,-0.203,0.069
1928,1,0.063,0.101,-0.156,0.081,-0.189,0.073,-0.185,0.072,-0.201,0.069
1928,2,-0.062,0.105,-0.16,0.081,-0.188,0.073,-0.184,0.072,-0.199,0.069
1928,3,-0.248,0.099,-0.171,0.081,-0.187,0.073,-0.184,0.072,-0.197,0.069
1928,4,-0.164,0.11,-0.186,0.081,-0.185,0.073,-0.184,0.072,-0.195,0.069
1928,5,-0.257,0.112,-0.193,0.081,-0.184,0.073,-0.184,0.072,-0.194,0.069
1928,6,-0.363,0.109,-0.188,0.082,-0.187,0.073,-0.185,0.072,-0.193,0.069
1928,7,-0.216,0.122,-0.229,0.082,-0.191,0.073,-0.184,0.072,-0.191,0.069
1928,8,-0.225,0.121,-0.272,0.081,-0.195,0.073,-0.183,0.072,-0.19,0.069
1928,9,-0.265,0.107,-0.282,0.081,-0.197,0.073,-0.183,0.072,-0.189,0.069
1928,10,-0.16,0.094,-0.296,0.081,-0.199,0.073,-0.184,0.071,-0.188,0.069
1928,11,-0.165,0.107,-0.307,0.081,-0.199,0.074,-0.187,0.071,-0.188,0.069
1928,12,-0.193,0.098,-0.308,0.08,-0.198,0.074,-0.19,0.071,-0.187,0.069
1929,1,-0.434,0.103,-0.324,0.08,-0.195,0.074,-0.19,0.071,-0.186,0.069
1929,2,-0.574,0.103,-0.325,0.081,-0.193,0.074,-0.189,0.071,-0.186,0.069
1929,3,-0.373,0.096,-0.324,0.081,-0.192,0.074,-0.191,0.071,-0.185,0.069
1929,4,-0.324,0.109,-0.324,0.081,-0.191,0.074,-0.192,0.071,-0.185,0.068
1929,5,-0.386,0.114,-0.319,0.081,-0.191,0.074,-0.192,0.071,-0.184,0.068
1929,6,-0.383,0.104,-0.347,0.08,-0.189,0.074,-0.191,0.071,-0.182,0.068
1929,7,-0.404,0.121,-0.336,0.08,-0.183,0.074,-0.19,0.071,-0.181,0.068
1929,8,-0.243,0.124,-0.309,0.08,-0.183,0.074,-0.189,0.071,-0.179,0.068
1929,9,-0.252,0.111,-0.288,0.081,-0.181,0.074,-0.188,0.071,-0.178,0.068
1929,10,-0.157,0.101,-0.275,0.081,-0.177,0.074,-0.186,0.071,-0.177,0.068
1929,11,-0.11,0.099,-0.26,0.081,-0.175,0.074,-0.184,0.071,-0.175,0.068
1929,12,-0.52,0.098,-0.246,0.082,-0.174,0.074,-0.181,0.071,-0.171,0.068
1930,1,-0.301,0.097,-0.225,0.082,-0.173,0.074,-0.18,0.071,-0.17,0.068
1930,2,-0.253,0.105,-0.214,0.083,-0.173,0.074,-0.176,0.071,-0.168,0.068
1930,3,-0.127,0.1,-0.204,0.083,-0.172,0.074,-0.175,0.071,-0.167,0.068
1930,4,-0.165,0.112,-0.195,0.083,-0.174,0.074,-0.176,0.07,-0.166,0.068
1930,5,-0.207,0.113,-0.18,0.084,-0.177,0.074,-0.177,0.07,-0.165,0.068
1930,6,-0.211,0.111,-0.14,0.085,-0.176,0.073,-0.177,0.07,-0.164,0.068
1930,7,-0.157,0.127,-0.12,0.085,-0.182,0.073,-0.176,0.071,-0.162,0.068
1930,8,-0.114,0.13,-0.114,0.084,-0.186,0.073,-0.176,0.07,-0.161,0.068
1930,9,-0.13,0.113,-0.111,0.084,-0.187,0.073,-0.176,0.07,-0.16,0.067
1930,10,-0.049,0.099,-0.11,0.084,-0.189,0.073,-0.175,0.07,-0.16,0.067
1930,11,0.076,0.106,-0.109,0.084,-0.19,0.073,-0.178,0.07,-0.159,0.067
1930,12,-0.047,0.097,-0.099,0.084,-0.19,0.073,-0.181,0.07,-0.156,0.067
1931,1,-0.056,0.098,-0.09,0.083,-0.191,0.073,-0.185,0.07,-0.156,0.067
1931,2,-0.185,0.1,-0.083,0.083,-0.191,0.073,-0.188,0.07,-0.155,0.067
1931,3,-0.092,0.102,-0.075,0.082,-0.192,0.073,-0.191,0.07,-0.154,0.067
1931,4,-0.146,0.111,-0.068,0.082,-0.193,0.073,-0.192,0.07,-0.152,0.067
1931,5,-0.201,0.112,-0.081,0.082,-0.195,0.073,-0.192,0.07,-0.151,0.067
1931,6,-0.085,0.108,-0.081,0.083,-0.199,0.072,-0.192,0.07,-0.15,0.066
1931,7,-0.049,0.121,-0.066,0.083,-0.195,0.072,-0.191,0.07,-0.149,0.066
1931,8,-0.027,0.125,-0.066,0.083,-0.187,0.072,-0.191,0.07,-0.148,0.066
1931,9,-0.041,0.107,-0.075,0.083,-0.188,0.072,-0.191,0.07,-0.148,0.066
1931,10,0.042,0.102,-0.059,0.082,-0.187,0.072,-0.19,0.07,-0.147,0.066
1931,11,-0.079,0.102,-0.049,0.082,-0.183,0.072,-0.19,0.07,-0.146,0.066
1931,12,-0.053,0.099,-0.059,0.082,-0.179,0.072,-0.188,0.07,-0.145,0.066
1932,1,0.121,0.104,-0.068,0.082,-0.175,0.072,-0.188,0.07,-0.142,0.066
1932,2,-0.179,0.103,-0.084,0.082,-0.174,0.072,-0.186,0.07,-0.14,0.066
1932,3,-0.199,0.098,-0.086,0.081,-0.173,0.072,-0.185,0.07,-0.139,0.066
1932,4,0.045,0.107,-0.098,0.08,-0.172,0.072,-0.184,0.07,-0.139,0.066
1932,5,-0.082,0.112,-0.113,0.079,-0.17,0.072,-0.182,0.07,-0.137,0.066
1932,6,-0.208,0.105,-0.124,0.078,-0.162,0.072,-0.18,0.07,-0.136,0.066
1932,7,-0.161,0.121,-0.158,0.078,-0.163,0.072,-0.178,0.07,-0.135,0.066
1932,8,-0.213,0.123,-0.168,0.077,-0.157,0.072,-0.176,0.07,-0.134,0.066
1932,9,-0.06,0.103,-0.18,0.077,-0.158,0.072,-0.174,0.07,-0.133,0.066
1932,10,-0.106,0.089,-0.207,0.077,-0.16,0.072,-0.173,0.07,-0.131,0.066
1932,11,-0.259,0.094,-0.226,0.077,-0.162,0.072,-0.173,0.07,-0.13,0.066
1932,12,-0.187,0.09,-0.238,0.077,-0.162,0.071,-0.171,0.07,-0.129,0.066
1933,1,-0.281,0.094,-0.25,0.077,-0.162,0.071,-0.172,0.07,-0.128,0.066
1933,2,-0.302,0.093,-0.248,0.077,-0.164,0.071,-0.171,0.069,-0.126,0.066
1933,3,-0.345,0.095,-0.272,0.078,-0.165,0.071,-0.169,0.069,-0.124,0.066
1933,4,-0.275,0.108,-0.281,0.078,-0.166,0.071,-0.167,0.069,-0.123,0.067
1933,5,-0.314,0.112,-0.284,0.078,-0.173,0.071,-0.166,0.069,-0.121,0.067
1933,6,-0.358,0.109,-0.302,0.078,-0.176,0.071,-0.164,0.069,-0.121,0.067
1933,7,-0.295,0.124,-0.297,0.077,-0.179,0.07,-0.163,0.069,-0.119,0.067
1933,8,-0.198,0.122,-0.279,0.077,-0.181,0.07,-0.161,0.069,-0.117,0.067
1933,9,-0.339,0.108,-0.283,0.077,-0.184,0.07,-0.159,0.069,-0.116,0.067
1933,10,-0.222,0.093,-0.284,0.077,-0.185,0.07,-0.157,0.069,-0.115,0.068
1933,11,-0.295,0.093,-0.271,0.077,-0.184,0.07,-0.155,0.069,-0.114,0.068
1933,12,-0.396,0.097,-0.253,0.077,-0.186,0.07,-0.155,0.069,-0.113,0.068
1934,1,-0.229,0.091,-0.242,0.077,-0.186,0.07,-0.152,0.069,-0.111,0.068
1934,2,-0.084,0.097,-0.239,0.077,-0.188,0.07,-0.147,0.069,-0.109,0.068
1934,3,-0.394,0.093,-0.227,0.077,-0.189,0.07,-0.146,0.069,-0.108,0.068
1934,4,-0.286,0.106,-0.217,0.077,-0.189,0.069,-0.143,0.069,-0.106,0.069
1934,5,-0.155,0.111,-0.191,0.078,-0.189,0.069,-0.139,0.069,-0.105,0.069
1934,6,-0.145,0.107,-0.165,0.078,-0.188,0.069,-0.135,0.069,-0.103,0.069
1934,7,-0.156,0.124,-0.171,0.078,-0.193,0.069,-0.132,0.068,-0.101,0.069
1934,8,-0.161,0.124,-0.159,0.079,-0.189,0.069,-0.13,0.068,-0.099,0.07
1934,9,-0.198,0.107,-0.143,0.079,-0.189,0.069,-0.129,0.068,-0.097,0.07
1934,10,-0.098,0.101,-0.141,0.079,-0.191,0.069,-0.128,0.068,-0.095,0.07
1934,11,0.008,0.092,-0.153,0.079,-0.19,0.069,-0.127,0.068,-0.093,0.071
1934,12,-0.084,0.095,-0.16,0.079,-0.187,0.069,-0.12,0.068,-0.091,0.071
1935,1,-0.302,0.097,-0.162,0.079,-0.183,0.069,-0.118,0.068,-0.09,0.071
1935,2,0.065,0.1,-0.165,0.079,-0.179,0.069,-0.115,0.068,-0.088,0.071
1935,3,-0.2,0.094,-0.165,0.078,-0.176,0.069,-0.113,0.068,-0.086,0.072
1935,4,-0.264,0.105,-0.165,0.078,-0.173,0.069,-0.111,0.068,-0.085,0.072
1935,5,-0.3,0.112,-0.195,0.078,-0.168,0.069,-0.109,0.068,-0.084,0.072
1935,6,-0.228,0.107,-0.206,0.078,-0.167,0.069,-0.107,0.067,-0.083,0.073
1935,7,-0.177,0.121,-0.204,0.077,-0.162,0.069,-0.105,0.067,-0.081,0.073
1935,8,-0.205,0.121,-0.234,0.077,-0.156,0.069,-0.104,0.067,-0.08,0.074
1935,9,-0.194,0.105,-0.241,0.077,-0.15,0.069,-0.103,0.067,-0.078,0.074
1935,10,-0.097,0.095,-0.234,0.076,-0.145,0.069,-0.102,0.067,-0.077,0.074
1935,11,-0.355,0.092,-0.222,0.076,-0.142,0.069,-0.103,0.067,-0.077,0.075
1935,12,-0.219,0.091,-0.218,0.076,-0.138,0.069,-0.102,0.067,-0.078,0.075
1936,1,-0.275,0.09,-0.211,0.075,-0.135,0.069,-0.101,0.067,-0.078,0.075
1936,2,-0.297,0.091,-0.203,0.075,-0.132,0.069,-0.098,0.066,-0.078,0.075
1936,3,-0.276,0.091,-0.197,0.075,-0.126,0.069,-0.098,0.066,-0.079,0.075
1936,4,-0.187,0.104,-0.186,0.074,-0.12,0.069,-0.097,0.066,-0.078,0.075
1936,5,-0.157,0.111,-0.162,0.074,-0.115,0.069,-0.095,0.066,-0.078,0.075
1936,6,-0.173,0.103,-0.142,0.074,-0.112,0.069,-0.094,0.066,-0.078,0.075
1936,7,-0.091,0.116,-0.133,0.074,-0.108,0.069,-0.093,0.066,-0.077,0.075
1936,8,-0.12,0.118,-0.103,0.075,-0.107,0.069,-0.093,0.066,-0.078,0.075
1936,9,-0.121,0.1,-0.097,0.075,-0.104,0.069,-0.094,0.066,-0.078,0.075
1936,10,0.041,0.088,-0.087,0.075,-0.099,0.069,-0.092,0.066,-0.078,0.075
1936,11,-0.072,0.092,-0.078,0.075,-0.095,0.069,-0.091,0.066,-0.078,0.075
1936,12,0.018,0.09,-0.064,0.076,-0.092,0.069,-0.089,0.066,-0.078,0.075
1937,1,-0.157,0.098,-0.054,0.076,-0.09,0.069,-0.088,0.066,-0.077,0.075
1937,2,0.058,0.095,-0.038,0.077,-0.087,0.069,-0.087,0.066,-0.077,0.075
1937,3,-0.204,0.095,-0.021,0.078,-0.084,0.069,-0.084,0.066,-0.075,0.075
1937,4,-0.068,0.106,-0.016,0.078,-0.084,0.069,-0.084,0.067,-0.074,0.075
1937,5,-0.049,0.113,-0.008,0.078,-0.085,0.069,-0.083,0.067,-0.074,0.075
1937,6,-0.001,0.107,-0.018,0.078,-0.078,0.069,-0.08,0.068,-0.073,0.075
1937,7,0.032,0.12,-0.003,0.078,-0.073,0.069,-0.08,0.068,-0.072,0.075
1937,8,0.065,0.12,-0.005,0.078,-0.072,0.068,-0.079,0.069,-0.072,0.075
1937,9,0.084,0.111,0.014,0.077,-0.068,0.068,-0.079,0.069,-0.072,0.075
1937,10,0.103,0.097,0.022,0.077,-0.062,0.068,-0.078,0.07,-0.072,0.075
1937,11,0.019,0.094,0.017,0.077,-0.057,0.068,-0.075,0.07,-0.072,0.075
1937,12,-0.096,0.092,0.005,0.077,-0.053,0.068,-0.073,0.071,-0.071,0.075
1938,1,0.025,0.095,-0.005,0.076,-0.048,0.068,-0.071,0.072,-0.071,0.075
1938,2,0.03,0.095,-0.013,0.076,-0.044,0.069,-0.067,0.073,-0.072,0.075
1938,3,0.025,0.091,-0.018,0.076,-0.04,0.069,-0.065,0.073,-0.071,0.075
1938,4,0.027,0.107,-0.018,0.076,-0.039,0.069,-0.062,0.074,-0.071,0.075
1938,5,-0.114,0.111,-0.019,0.076,-0.034,0.069,-0.059,0.075,-0.07,0.075
1938,6,-0.143,0.102,-0.026,0.076,-0.027,0.069,-0.057,0.076,-0.069,0.075
1938,7,-0.089,0.116,-0.028,0.076,-0.022,0.069,-0.054,0.076,-0.068,0.075
1938,8,-0.026,0.12,-0.033,0.076,-0.016,0.069,-0.052,0.077,-0.067,0.075
1938,9,0.024,0.107,-0.052,0.076,-0.012,0.068,-0.049,0.078,-0.067,0.075
1938,10,0.106,0.094,-0.055,0.076,-0.008,0.068,-0.045,0.079,-0.066,0.075
1938,11,0.005,0.092,-0.038,0.076,-0.006,0.069,-0.042,0.08,-0.066,0.075
1938,12,-0.188,0.092,-0.022,0.075,-0.002,0.069,-0.036,0.081,-0.066,0.075
1939,1,0.005,0.096,-0.017,0.075,0.001,0.069,-0.032,0.082,-0.064,0.075
1939,2,-0.031,0.095,-0.016,0.076,0.003,0.07,-0.029,0.083,-0.062,0.075
1939,3,-0.202,0.088,-0.021,0.077,0.002,0.071,-0.024,0.084,-0.062,0.076
1939,4,-0.008,0.101,-0.038,0.078,0.005,0.072,-0.02,0.085,-0.06,0.076
1939,5,0.087,0.11,-0.042,0.079,0.007,0.073,-0.017,0.086,-0.059,0.076
1939,6,0.057,0.104,0.004,0.081,0.009,0.074,-0.015,0.087,-0.058,0.076
1939,7,-0.035,0.118,0.001,0.082,0.016,0.076,-0.013,0.089,-0.057,0.076
1939,8,-0.012,0.125,0.014,0.083,0.016,0.077,-0.009,0.09,-0.057,0.076
1939,9,-0.04,0.119,0.036,0.085,0.021,0.079,-0.006,0.091,-0.056,0.076
1939,10,-0.099,0.119,0.046,0.086,0.023,0.08,-0.003,0.092,-0.056,0.076
1939,11,-0.037,0.112,0.038,0.088,0.025,0.082,-0.003,0.093,-0.056,0.076
1939,12,0.366,0.113,0.033,0.09,0.026,0.084,-0.002,0.094,-0.054,0.076
1940,1,-0.032,0.102,0.045,0.092,0.024,0.086,0.001,0.096,-0.054,0.076
1940,2,0.126,0.11,0.05,0.094,0.022,0.088,0.0,0.097,-0.054,0.076
1940,3,0.059,0.102,0.056,0.094,0.019,0.09,0.003,0.098,-0.054,0.076
1940,4,0.111,0.12,0.064,0.094,0.017,0.092,0.006,0.099,-0.054,0.076
1940,5,-0.007,0.123,0.061,0.094,0.017,0.095,0.009,0.101,-0.054,0.076
1940,6,0.0,0.115,0.045,0.094,0.02,0.097,0.011,0.102,-0.053,0.076
1940,7,0.101,0.131,0.05,0.092,0.019,0.099,0.013,0.103,-0.053,0.076
1940,8,0.053,0.134,0.049,0.093,0.021,0.102,0.016,0.104,-0.053,0.076
1940,9,0.032,0.122,0.039,0.097,0.02,0.104,0.019,0.106,-0.053,0.076
1940,10,-0.003,0.115,0.033,0.103,0.021,0.107,0.021,0.107,-0.054,0.076
1940,11,-0.073,0.114,0.034,0.111,0.024,0.109,0.025,0.108,-0.056,0.076
1940,12,0.18,0.113,0.037,0.121,0.025,0.112,0.026,0.109,-0.056,0.076
1941,1,0.027,0.206,0.036,0.133,0.027,0.115,0.029,0.11,-0.057,0.076
1941,2,0.104,0.209,0.031,0.145,0.028,0.117,0.031,0.11,-0.058,0.076
1941,3,-0.058,0.208,0.015,0.159,0.028,0.12,0.033,0.11,-0.058,0.076
1941,4,0.042,0.217,0.032,0.173,0.03,0.123,0.036,0.11,-0.058,0.076
1941,5,0.002,0.219,0.042,0.187,0.032,0.125,0.036,0.11,-0.057,0.076
1941,6,0.035,0.211,0.04,0.202,0.039,0.128,0.036,0.11,-0.056,0.076
1941,7,0.091,0.218,0.06,0.203,0.045,0.131,0.036,0.11,-0.056,0.076
1941,8,-0.001,0.223,0.053,0.203,0.049,0.134,0.035,0.11,-0.055,0.076
1941,9,-0.161,0.215,0.066,0.203,0.056,0.137,0.035,0.111,-0.055,0.076
1941,10,0.202,0.21,0.067,0.203,0.059,0.14,0.035,0.111,-0.054,0.076
1941,11,0.041,0.213,0.074,0.203,0.06,0.143,0.035,0.111,-0.054,0.076
1941,12,0.163,0.212,0.075,0.203,0.061,0.146,0.032,0.111,-0.053,0.076
1942,1,0.262,0.211,0.063,0.203,0.064,0.148,0.033,0.111,-0.052,0.076
1942,2,0.021,0.212,0.056,0.203,0.068,0.151,0.032,0.111,-0.051,0.076
1942,3,0.1,0.21,0.064,0.203,0.072,0.154,0.034,0.111,-0.051,0.076
1942,4,0.056,0.214,0.046,0.204,0.078,0.157,0.035,0.111,-0.05,0.076
1942,5,0.079,0.22,0.045,0.204,0.079,0.16,0.035,0.112,-0.05,0.076
1942,6,0.048,0.212,0.037,0.204,0.074,0.163,0.034,0.112,-0.049,0.076
1942,7,-0.052,0.221,0.013,0.204,0.076,0.166,0.033,0.112,-0.048,0.076
1942,8,-0.088,0.227,0.023,0.204,0.073,0.169,0.032,0.112,-0.047,0.076
1942,9,-0.062,0.22,0.011,0.204,0.073,0.172,0.03,0.112,-0.046,0.076
1942,10,-0.011,0.214,0.013,0.204,0.075,0.175,0.029,0.112,-0.046,0.076
1942,11,0.027,0.212,0.01,0.204,0.075,0.178,0.029,0.113,-0.045,0.076
1942,12,0.063,0.212,0.0,0.204,0.075,0.181,0.029,0.113,-0.044,0.076
1943,1,-0.025,0.214,0.008,0.204,0.074,0.184,0.029,0.113,-0.042,0.076
1943,2,0.149,0.211,0.02,0.204,0.077,0.187,0.028,0.113,-0.04,0.076
1943,3,-0.055,0.21,0.025,0.204,0.078,0.19,0.026,0.113,-0.038,0.076
1943,4,0.086,0.217,0.045,0.203,0.081,0.193,0.025,0.114,-0.036,0.076
1943,5,0.047,0.219,0.052,0.203,0.083,0.196,0.026,0.114,-0.034,0.076
1943,6,-0.075,0.213,0.067,0.203,0.079,0.198,0.027,0.114,-0.032,0.076
1943,7,0.042,0.22,0.098,0.203,0.079,0.195,0.027,0.114,-0.03,0.076
1943,8,0.055,0.222,0.107,0.203,0.078,0.192,0.027,0.114,-0.029,0.076
1943,9,-0.001,0.213,0.129,0.203,0.079,0.189,0.025,0.115,-0.027,0.076
1943,10,0.225,0.21,0.136,0.203,0.08,0.186,0.024,0.115,-0.026,0.076
1943,11,0.114,0.212,0.144,0.203,0.078,0.184,0.023,0.115,-0.025,0.076
1943,12,0.249,0.213,0.158,0.203,0.073,0.181,0.022,0.115,-0.023,0.076
1944,1,0.345,0.209,0.169,0.203,0.07,0.178,0.023,0.116,-0.023,0.076
1944,2,0.25,0.211,0.184,0.204,0.068,0.175,0.022,0.116,-0.022,0.076
1944,3,0.21,0.209,0.2,0.204,0.068,0.172,0.022,0.116,-0.021,0.076
1944,4,0.173,0.217,0.201,0.204,0.065,0.17,0.022,0.116,-0.02,0.076
1944,5,0.148,0.218,0.196,0.205,0.063,0.167,0.021,0.116,-0.02,0.076
1944,6,0.091,0.215,0.179,0.205,0.056,0.164,0.019,0.117,-0.02,0.076
1944,7,0.172,0.22,0.156,0.205,0.05,0.161,0.018,0.117,-0.02,0.076
1944,8,0.233,0.226,0.132,0.206,0.048,0.158,0.017,0.117,-0.019,0.076
1944,9,0.191,0.216,0.12,0.206,0.047,0.156,0.016,0.117,-0.019,0.076
1944,10,0.238,0.215,0.123,0.206,0.047,0.153,0.017,0.117,-0.018,0.076
1944,11,0.054,0.216,0.113,0.206,0.044,0.15,0.016,0.117,-0.018,0.076
1944,12,0.046,0.216,0.106,0.206,0.043,0.148,0.012,0.117,-0.018,0.076
1945,1,0.07,0.214,0.093,0.207,0.042,0.146,0.01,0.117,-0.016,0.076
1945,2,-0.045,0.214,0.092,0.207,0.041,0.143,0.007,0.117,-0.017,0.075
1945,3,0.074,0.212,0.087,0.206,0.04,0.141,0.005,0.117,-0.017,0.075
1945,4,0.21,0.216,0.082,0.205,0.041,0.138,0.002,0.117,-0.017,0.075
1945,5,0.017,0.22,0.082,0.204,0.04,0.136,0.001,0.117,-0.016,0.075
1945,6,0.017,0.219,0.07,0.203,0.037,0.134,0.001,0.117,-0.016,0.075
1945,7,0.007,0.225,0.07,0.188,0.039,0.132,-0.0,0.117,-0.016,0.075
1945,8,0.228,0.228,0.074,0.174,0.034,0.13,-0.002,0.117,-0.015,0.075
1945,9,0.122,0.214,0.067,0.161,0.031,0.128,-0.004,0.117,-0.015,0.075
1945,10,0.18,0.207,0.059,0.15,0.028,0.126,-0.006,0.117,-0.015,0.075
1945,11,0.057,0.204,0.048,0.14,0.028,0.124,-0.008,0.117,-0.014,0.075
1945,12,-0.092,0.207,0.028,0.131,0.029,0.122,-0.011,0.117,-0.014,0.075
1946,1,0.059,0.157,0.019,0.125,0.027,0.12,-0.013,0.115,-0.013,0.075
1946,2,0.007,0.152,-0.014,0.122,0.025,0.119,-0.017,0.114,-0.013,0.075
1946,3,-0.013,0.146,-0.034,0.122,0.023,0.117,-0.018,0.113,-0.013,0.075
1946,4,0.116,0.151,-0.05,0.125,0.018,0.116,-0.019,0.112,-0.013,0.075
1946,5,-0.112,0.158,-0.061,0.13,0.014,0.114,-0.019,0.111,-0.014,0.075
1946,6,-0.228,0.149,-0.076,0.135,0.006,0.113,-0.019,0.11,-0.014,0.075
1946,7,-0.096,0.161,-0.089,0.134,0.002,0.112,-0.019,0.108,-0.014,0.075
1946,8,-0.167,0.167,-0.095,0.132,-0.005,0.11,-0.018,0.107,-0.015,0.075
1946,9,-0.124,0.156,-0.091,0.131,-0.011,0.109,-0.016,0.106,-0.016,0.075
1946,10,-0.008,0.151,-0.096,0.131,-0.015,0.108,-0.016,0.105,-0.017,0.075
1946,11,-0.072,0.143,-0.094,0.13,-0.018,0.107,-0.016,0.104,-0.017,0.075
1946,12,-0.277,0.138,-0.08,0.13,-0.024,0.106,-0.016,0.103,-0.018,0.075
1947,1,-0.093,0.14,-0.078,0.13,-0.029,0.105,-0.017,0.102,-0.018,0.075
1947,2,-0.066,0.134,-0.075,0.13,-0.034,0.105,-0.016,0.101,-0.018,0.075
1947,3,0.036,0.136,-0.076,0.129,-0.04,0.104,-0.017,0.1,-0.018,0.075
1947,4,0.049,0.148,-0.073,0.129,-0.044,0.104,-0.017,0.099,-0.017,0.075
1947,5,-0.083,0.152,-0.069,0.129,-0.047,0.103,-0.017,0.098,-0.017,0.075
1947,6,-0.055,0.149,-0.055,0.129,-0.05,0.103,-0.017,0.097,-0.016,0.075
1947,7,-0.073,0.159,-0.039,0.129,-0.056,0.102,-0.016,0.096,-0.016,0.075
1947,8,-0.135,0.157,-0.046,0.129,-0.06,0.102,-0.015,0.095,-0.016,0.075
1947,9,-0.138,0.151,-0.068,0.129,-0.064,0.102,-0.014,0.094,-0.016,0.075
1947,10,0.032,0.145,-0.08,0.128,-0.071,0.102,-0.013,0.093,-0.017,0.075
1947,11,-0.028,0.143,-0.071,0.128,-0.072,0.102,-0.015,0.092,-0.016,0.075
1947,12,-0.105,0.14,-0.066,0.127,-0.074,0.102,-0.015,0.091,-0.015,0.075
1948,1,0.094,0.135,-0.067,0.127,-0.075,0.102,-0.014,0.09,-0.014,0.075
1948,2,-0.141,0.134,-0.061,0.126,-0.081,0.103,-0.013,0.089,-0.013,0.075
1948,3,-0.234,0.135,-0.061,0.125,-0.087,0.103,-0.012,0.088,-0.013,0.075
1948,4,-0.091,0.143,-0.069,0.124,-0.093,0.103,-0.01,0.087,-0.013,0.075
1948,5,0.018,0.146,-0.08,0.124,-0.1,0.104,-0.009,0.087,-0.012,0.075
1948,6,0.005,0.145,-0.09,0.123,-0.101,0.104,-0.007,0.086,-0.012,0.075
1948,7,-0.086,0.153,-0.087,0.122,-0.106,0.103,-0.006,0.085,-0.011,0.075
1948,8,-0.056,0.15,-0.089,0.12,-0.112,0.102,-0.006,0.085,-0.012,0.075
1948,9,-0.135,0.137,-0.085,0.118,-0.115,0.101,-0.005,0.084,-0.012,0.075
1948,10,-0.07,0.138,-0.08,0.116,-0.118,0.1,-0.007,0.083,-0.013,0.074
1948,11,-0.165,0.139,-0.087,0.115,-0.116,0.099,-0.008,0.083,-0.012,0.074
1948,12,-0.215,0.131,-0.106,0.113,-0.111,0.098,-0.009,0.082,-0.011,0.074
1949,1,0.125,0.119,-0.11,0.111,-0.109,0.097,-0.013,0.081,-0.011,0.074
1949,2,-0.169,0.116,-0.112,0.109,-0.103,0.096,-0.016,0.081,-0.011,0.074
1949,3,-0.181,0.113,-0.114,0.108,-0.1,0.095,-0.018,0.08,-0.009,0.074
1949,4,-0.03,0.122,-0.112,0.105,-0.097,0.094,-0.02,0.08,-0.008,0.074
1949,5,-0.07,0.129,-0.108,0.103,-0.096,0.093,-0.023,0.079,-0.009,0.074
1949,6,-0.216,0.124,-0.101,0.101,-0.088,0.091,-0.024,0.079,-0.009,0.074
1949,7,-0.138,0.133,-0.132,0.099,-0.083,0.09,-0.027,0.079,-0.008,0.074
1949,8,-0.085,0.134,-0.142,0.098,-0.079,0.089,-0.029,0.078,-0.008,0.074
1949,9,-0.149,0.121,-0.142,0.096,-0.081,0.088,-0.031,0.078,-0.008,0.074
1949,10,-0.045,0.109,-0.156,0.095,-0.081,0.087,-0.033,0.077,-0.008,0.074
1949,11,-0.117,0.105,-0.158,0.094,-0.079,0.087,-0.033,0.077,-0.009,0.074
1949,12,-0.135,0.103,-0.144,0.092,-0.077,0.086,-0.034,0.077,-0.01,0.074
1950,1,-0.252,0.102,-0.137,0.091,-0.075,0.085,-0.033,0.077,-0.01,0.074
1950,2,-0.284,0.1,-0.144,0.09,-0.072,0.084,-0.033,0.076,-0.011,0.074
1950,3,-0.179,0.095,-0.149,0.088,-0.068,0.083,-0.036,0.076,-0.012,0.074
1950,4,-0.206,0.106,-0.16,0.087,-0.068,0.082,-0.04,0.076,-0.013,0.074
1950,5,-0.087,0.11,-0.18,0.086,-0.069,0.08,-0.042,0.076,-0.014,0.074
1950,6,-0.053,0.108,-0.184,0.084,-0.067,0.079,-0.043,0.076,-0.014,0.073
1950,7,-0.055,0.117,-0.184,0.083,-0.066,0.079,-0.044,0.076,-0.014,0.073
1950,8,-0.17,0.107,-0.189,0.082,-0.06,0.078,-0.046,0.076,-0.014,0.073
1950,9,-0.206,0.101,-0.19,0.081,-0.054,0.077,-0.049,0.076,-0.014,0.073
1950,10,-0.175,0.096,-0.18,0.079,-0.049,0.076,-0.051,0.076,-0.014,0.073
1950,11,-0.361,0.09,-0.168,0.079,-0.046,0.075,-0.053,0.076,-0.015,0.073
1950,12,-0.183,0.087,-0.158,0.078,-0.042,0.075,-0.054,0.076,-0.015,0.073
1951,1,-0.247,0.085,-0.15,0.076,-0.04,0.074,-0.055,0.075,-0.015,0.072
1951,2,-0.345,0.084,-0.124,0.075,-0.037,0.073,-0.057,0.075,-0.014,0.072
1951,3,-0.195,0.082,-0.1,0.075,-0.034,0.072,-0.059,0.074,-0.014,0.071
1951,4,-0.079,0.091,-0.072,0.074,-0.031,0.072,-0.062,0.074,-0.013,0.071
1951,5,0.059,0.107,-0.041,0.073,-0.03,0.071,-0.064,0.073,-0.013,0.07
1951,6,0.057,0.1,-0.009,0.073,-0.024,0.07,-0.063,0.073,-0.013,0.07
1951,7,0.044,0.106,0.027,0.072,-0.029,0.07,-0.064,0.073,-0.013,0.069
1951,8,0.142,0.106,0.07,0.072,-0.027,0.069,-0.065,0.072,-0.013,0.069
1951,9,0.088,0.097,0.079,0.072,-0.025,0.069,-0.067,0.072,-0.012,0.068
1951,10,0.151,0.086,0.091,0.073,-0.026,0.068,-0.069,0.071,-0.013,0.068
1951,11,0.016,0.081,0.088,0.073,-0.027,0.068,-0.069,0.071,-0.013,0.067
1951,12,0.197,0.079,0.087,0.073,-0.024,0.068,-0.068,0.07,-0.015,0.067
1952,1,0.195,0.081,0.09,0.074,-0.024,0.068,-0.068,0.07,-0.015,0.067
1952,2,0.163,0.085,0.083,0.074,-0.024,0.067,-0.068,0.069,-0.015,0.066
1952,3,-0.089,0.084,0.081,0.075,-0.023,0.067,-0.069,0.069,-0.015,0.066
1952,4,0.069,0.104,0.075,0.075,-0.022,0.067,-0.07,0.068,-0.016,0.065
1952,5,0.025,0.115,0.064,0.075,-0.018,0.067,-0.068,0.068,-0.017,0.065
1952,6,0.044,0.104,0.051,0.076,-0.018,0.066,-0.067,0.068,-0.017,0.064
1952,7,0.08,0.12,0.043,0.076,-0.011,0.066,-0.066,0.067,-0.017,0.064
1952,8,0.057,0.119,0.048,0.077,-0.007,0.066,-0.064,0.067,-0.017,0.063
1952,9,0.071,0.104,0.067,0.077,-0.009,0.066,-0.062,0.066,-0.017,0.063
1952,10,0.07,0.089,0.081,0.077,-0.009,0.066,-0.062,0.066,-0.017,0.063
1952,11,-0.111,0.093,0.096,0.077,-0.011,0.066,-0.061,0.065,-0.017,0.062
1952,12,0.045,0.087,0.109,0.078,-0.012,0.066,-0.059,0.065,-0.018,0.062
1953,1,0.097,0.088,0.11,0.078,-0.014,0.066,-0.057,0.065,-0.018,0.061
1953,2,0.22,0.091,0.112,0.078,-0.011,0.066,-0.054,0.064,-0.018,0.061
1953,3,0.132,0.09,0.112,0.078,-0.011,0.066,-0.051,0.064,-0.018,0.061
1953,4,0.238,0.102,0.113,0.078,-0.009,0.066,-0.05,0.063,-0.019,0.06
1953,5,0.208,0.114,0.116,0.079,-0.006,0.065,-0.05,0.063,-0.02,0.06
1953,6,0.201,0.11,0.123,0.079,-0.007,0.065,-0.051,0.063,-0.02,0.06
1953,7,0.088,0.121,0.1,0.079,-0.004,0.065,-0.05,0.062,-0.02,0.059
1953,8,0.089,0.122,0.078,0.079,-0.002,0.065,-0.05,0.062,-0.019,0.059
1953,9,0.072,0.106,0.06,0.079,-0.003,0.065,-0.05,0.062,-0.018,0.059
1953,10,0.073,0.092,0.034,0.078,-0.006,0.065,-0.049,0.061,-0.018,0.058
1953,11,-0.076,0.09,0.007,0.078,-0.012,0.065,-0.047,0.061,-0.018,0.058
1953,12,0.13,0.089,-0.016,0.078,-0.016,0.065,-0.045,0.061,-0.019,0.058
1954,1,-0.176,0.084,-0.034,0.078,-0.02,0.066,-0.045,0.06,-0.021,0.057
1954,2,-0.047,0.091,-0.048,0.077,-0.027,0.066,-0.043,0.06,-0.022,0.057
1954,3,-0.084,0.088,-0.06,0.076,-0.033,0.066,-0.041,0.06,-0.024,0.057
1954,4,-0.073,0.097,-0.063,0.076,-0.04,0.065,-0.039,0.06,-0.026,0.057
1954,5,-0.109,0.105,-0.049,0.076,-0.043,0.065,-0.038,0.06,-0.028,0.056
1954,6,-0.073,0.102,-0.069,0.075,-0.048,0.065,-0.036,0.06,-0.029,0.056
1954,7,-0.132,0.105,-0.04,0.075,-0.053,0.065,-0.034,0.06,-0.03,0.056
1954,8,-0.081,0.104,-0.042,0.075,-0.057,0.065,-0.034,0.06,-0.032,0.056
1954,9,-0.072,0.1,-0.059,0.075,-0.057,0.065,-0.033,0.06,-0.034,0.056
1954,10,0.038,0.089,-0.069,0.075,-0.058,0.065,-0.033,0.059,-0.037,0.055
1954,11,0.096,0.086,-0.078,0.075,-0.057,0.065,-0.034,0.059,-0.038,0.055
1954,12,-0.114,0.084,-0.082,0.075,-0.056,0.065,-0.033,0.059,-0.039,0.055
1955,1,0.176,0.082,-0.085,0.074,-0.057,0.065,-0.031,0.059,-0.04,0.055
1955,2,-0.074,0.086,-0.077,0.074,-0.056,0.064,-0.028,0.059,-0.04,0.055
1955,3,-0.291,0.078,-0.087,0.074,-0.056,0.064,-0.029,0.059,-0.041,0.055
1955,4,-0.196,0.091,-0.096,0.074,-0.057,0.064,-0.028,0.059,-0.043,0.054
1955,5,-0.21,0.102,-0.119,0.073,-0.053,0.064,-0.029,0.059,-0.044,0.054
1955,6,-0.128,0.092,-0.13,0.073,-0.051,0.064,-0.029,0.059,-0.044,0.054
1955,7,-0.16,0.096,-0.154,0.073,-0.047,0.063,-0.028,0.058,-0.045,0.054
1955,8,0.009,0.096,-0.164,0.072,-0.047,0.063,-0.027,0.058,-0.046,0.054
1955,9,-0.195,0.088,-0.161,0.072,-0.048,0.063,-0.025,0.058,-0.047,0.054
1955,10,-0.06,0.079,-0.166,0.071,-0.052,0.063,-0.023,0.058,-0.048,0.054
1955,11,-0.191,0.077,-0.173,0.07,-0.055,0.063,-0.021,0.058,-0.049,0.054
1955,12,-0.237,0.074,-0.179,0.07,-0.059,0.062,-0.018,0.058,-0.048,0.054
1956,1,-0.111,0.069,-0.179,0.07,-0.06,0.062,-0.016,0.058,-0.049,0.054
1956,2,-0.199,0.076,-0.206,0.07,-0.063,0.062,-0.011,0.058,-0.049,0.053
1956,3,-0.254,0.071,-0.213,0.07,-0.066,0.062,-0.009,0.057,-0.049,0.053
1956,4,-0.262,0.08,-0.228,0.069,-0.067,0.062,-0.007,0.057,-0.05,0.053
1956,5,-0.287,0.088,-0.227,0.069,-0.064,0.061,-0.007,0.057,-0.05,0.052
1956,6,-0.198,0.083,-0.214,0.068,-0.065,0.061,-0.006,0.057,-0.049,0.052
1956,7,-0.164,0.082,-0.215,0.068,-0.061,0.061,-0.007,0.057,-0.048,0.052
1956,8,-0.32,0.083,-0.203,0.068,-0.06,0.061,-0.008,0.057,-0.047,0.052
1956,9,-0.276,0.073,-0.192,0.068,-0.056,0.061,-0.009,0.057,-0.047,0.051
1956,10,-0.24,0.071,-0.171,0.067,-0.052,0.06,-0.01,0.056,-0.047,0.051
1956,11,-0.18,0.072,-0.139,0.066,-0.049,0.06,-0.011,0.056,-0.047,0.051
1956,12,-0.078,0.071,-0.111,0.066,-0.047,0.06,-0.013,0.056,-0.046,0.051
1957,1,-0.125,0.063,-0.097,0.065,-0.044,0.06,-0.014,0.056,-0.046,0.05
1957,2,-0.053,0.067,-0.061,0.065,-0.043,0.06,-0.015,0.056,-0.046,0.05
1957,3,-0.12,0.068,-0.033,0.065,-0.043,0.06,-0.014,0.055,-0.047,0.05
1957,4,-0.011,0.073,-0.01,0.065,-0.045,0.06,-0.014,0.055,-0.047,0.05
1957,5,0.091,0.077,0.012,0.066,-0.049,0.059,-0.016,0.055,-0.046,0.049
1957,6,0.147,0.076,0.036,0.065,-0.048,0.059,-0.017,0.055,-0.046,0.049
1957,7,0.005,0.086,0.073,0.065,-0.051,0.059,-0.018,0.054,-0.046,0.049
1957,8,0.113,0.075,0.096,0.065,-0.048,0.059,-0.019,0.054,-0.045,0.049
1957,9,0.056,0.092,0.11,0.064,-0.049,0.059,-0.02,0.054,-0.045,0.048
1957,10,0.04,0.083,0.113,0.065,-0.048,0.058,-0.021,0.054,-0.045,0.048
1957,11,0.081,0.075,0.11,0.065,-0.047,0.058,-0.02,0.053,-0.045,0.048
1957,12,0.205,0.064,0.092,0.065,-0.045,0.058,-0.021,0.053,-0.045,0.047
1958,1,0.326,0.062,0.093,0.064,-0.043,0.057,-0.022,0.053,-0.046,0.047
1958,2,0.219,0.068,0.078,0.063,-0.042,0.057,-0.022,0.053,-0.046,0.047
1958,3,0.052,0.064,0.065,0.063,-0.038,0.057,-0.025,0.052,-0.045,0.047
1958,4,0.021,0.076,0.062,0.062,-0.037,0.057,-0.028,0.052,-0.045,0.046
1958,5,0.055,0.088,0.061,0.062,-0.037,0.056,-0.03,0.052,-0.045,0.046
1958,6,-0.066,0.07,0.05,0.062,-0.03,0.056,-0.033,0.051,-0.046,0.046
1958,7,0.016,0.08,0.03,0.062,-0.027,0.056,-0.033,0.051,-0.046,0.046
1958,8,-0.074,0.073,0.015,0.062,-0.02,0.055,-0.032,0.051,-0.047,0.045
1958,9,-0.096,0.072,0.022,0.062,-0.015,0.055,-0.031,0.051,-0.047,0.045
1958,10,0.003,0.068,0.033,0.063,-0.009,0.055,-0.03,0.051,-0.046,0.045
1958,11,0.07,0.07,0.033,0.063,-0.002,0.054,-0.029,0.05,-0.045,0.045
1958,12,0.075,0.079,0.043,0.063,0.003,0.054,-0.03,0.05,-0.044,0.044
1959,1,0.083,0.067,0.045,0.063,0.006,0.054,-0.028,0.05,-0.045,0.044
1959,2,0.041,0.073,0.05,0.063,0.012,0.053,-0.029,0.05,-0.045,0.044
1959,3,0.131,0.066,0.052,0.063,0.016,0.053,-0.03,0.049,-0.044,0.044
1959,4,0.157,0.08,0.048,0.063,0.019,0.053,-0.032,0.049,-0.043,0.044
1959,5,0.053,0.075,0.028,0.063,0.022,0.052,-0.034,0.049,-0.042,0.043
1959,6,0.057,0.076,0.02,0.063,0.021,0.052,-0.034,0.049,-0.041,0.043
1959,7,0.039,0.077,0.01,0.063,0.024,0.052,-0.034,0.048,-0.04,0.043
1959,8,-0.017,0.069,0.015,0.062,0.027,0.051,-0.036,0.048,-0.04,0.043
1959,9,-0.07,0.07,-0.026,0.061,0.03,0.051,-0.038,0.048,-0.039,0.043
1959,10,-0.038,0.067,-0.049,0.061,0.03,0.051,-0.04,0.048,-0.039,0.043
1959,11,-0.175,0.063,-0.065,0.06,0.026,0.05,-0.043,0.047,-0.038,0.042
1959,12,-0.018,0.06,-0.073,0.059,0.023,0.05,-0.044,0.047,-0.037,0.042
1960,1,-0.046,0.061,-0.078,0.058,0.021,0.049,-0.046,0.047,-0.035,0.042
1960,2,0.102,0.06,-0.073,0.058,0.018,0.049,-0.047,0.047,-0.033,0.042
1960,3,-0.358,0.06,-0.063,0.057,0.015,0.049,-0.046,0.046,-0.032,0.042
1960,4,-0.12,0.063,-0.058,0.057,0.015,0.048,-0.047,0.046,-0.031,0.041
1960,5,-0.131,0.071,-0.056,0.057,0.013,0.048,-0.046,0.046,-0.03,0.041
1960,6,-0.043,0.07,-0.043,0.056,0.009,0.048,-0.045,0.045,-0.03,0.041
1960,7,-0.022,0.072,-0.033,0.055,0.003,0.047,-0.045,0.045,-0.03,0.041
1960,8,0.046,0.088,-0.024,0.055,0.002,0.047,-0.046,0.045,-0.03,0.041
1960,9,0.047,0.063,0.012,0.054,-0.001,0.047,-0.046,0.045,-0.029,0.041
1960,10,0.016,0.064,0.032,0.054,-0.003,0.046,-0.045,0.044,-0.028,0.04
1960,11,-0.15,0.065,0.053,0.054,-0.006,0.046,-0.045,0.044,-0.027,0.04
1960,12,0.145,0.057,0.065,0.053,-0.006,0.046,-0.042,0.044,-0.026,0.04
1961,1,0.068,0.053,0.068,0.053,-0.006,0.045,-0.042,0.044,-0.025,0.04
1961,2,0.207,0.06,0.066,0.051,-0.001,0.045,-0.041,0.044,-0.024,0.04
1961,3,0.079,0.066,0.06,0.051,0.003,0.045,-0.039,0.043,-0.024,0.04
1961,4,0.118,0.054,0.054,0.049,0.006,0.045,-0.037,0.043,-0.025,0.039
1961,5,0.125,0.071,0.065,0.048,0.007,0.045,-0.035,0.043,-0.025,0.039
1961,6,0.104,0.063,0.043,0.048,0.006,0.045,-0.034,0.043,-0.026,0.039
1961,7,0.015,0.064,0.043,0.048,0.004,0.044,-0.032,0.042,-0.027,0.039
1961,8,0.021,0.062,0.036,0.047,0.002,0.044,-0.03,0.042,-0.028,0.039
1961,9,-0.027,0.054,0.03,0.047,-0.005,0.044,-0.027,0.042,-0.029,0.038
1961,10,-0.054,0.06,0.02,0.047,-0.012,0.043,-0.026,0.042,-0.03,0.038
1961,11,-0.017,0.047,-0.002,0.047,-0.018,0.043,-0.025,0.042,-0.03,0.038
1961,12,-0.118,0.048,-0.015,0.047,-0.021,0.043,-0.025,0.041,-0.031,0.038
1962,1,0.061,0.046,-0.021,0.046,-0.024,0.042,-0.024,0.041,-0.033,0.038
1962,2,0.124,0.045,-0.031,0.046,-0.028,0.042,-0.025,0.041,-0.035,0.038
1962,3,0.013,0.056,-0.037,0.045,-0.032,0.042,-0.024,0.041,-0.034,0.037
1962,4,-0.01,0.073,-0.033,0.044,-0.036,0.041,-0.024,0.041,-0.034,0.037
1962,5,-0.13,0.055,-0.035,0.044,-0.037,0.041,-0.024,0.04,-0.034,0.037
1962,6,-0.056,0.064,-0.026,0.044,-0.041,0.041,-0.025,0.04,-0.034,0.037
1962,7,-0.061,0.059,-0.032,0.044,-0.041,0.041,-0.025,0.04,-0.035,0.037
1962,8,-0.099,0.057,-0.029,0.044,-0.045,0.04,-0.027,0.04,-0.035,0.036
1962,9,-0.098,0.059,-0.044,0.043,-0.043,0.04,-0.028,0.04,-0.035,0.036
1962,10,-0.005,0.074,-0.051,0.044,-0.045,0.04,-0.028,0.039,-0.035,0.036
1962,11,-0.038,0.048,-0.051,0.044,-0.044,0.04,-0.029,0.039,-0.035,0.036
1962,12,-0.015,0.049,-0.053,0.044,-0.045,0.04,-0.031,0.039,-0.034,0.035
1963,1,-0.011,0.043,-0.043,0.044,-0.047,0.039,-0.036,0.039,-0.033,0.035
1963,2,0.158,0.046,-0.018,0.045,-0.05,0.039,-0.039,0.039,-0.033,0.035
1963,3,-0.159,0.047,0.003,0.046,-0.053,0.039,-0.038,0.038,-0.032,0.035
1963,4,-0.104,0.059,0.021,0.047,-0.053,0.039,-0.039,0.038,-0.032,0.035
1963,5,-0.119,0.057,0.033,0.048,-0.053,0.039,-0.041,0.038,-0.032,0.034
1963,6,-0.079,0.057,0.035,0.049,-0.055,0.039,-0.041,0.038,-0.032,0.034
1963,7,0.058,0.082,0.035,0.049,-0.058,0.039,-0.043,0.037,-0.033,0.034
1963,8,0.19,0.065,0.012,0.05,-0.062,0.039,-0.043,0.037,-0.033,0.034
1963,9,0.164,0.071,0.004,0.049,-0.063,0.039,-0.044,0.037,-0.033,0.033
1963,10,0.207,0.06,-0.013,0.048,-0.066,0.039,-0.044,0.037,-0.033,0.033
1963,11,0.101,0.054,-0.026,0.048,-0.069,0.038,-0.044,0.037,-0.033,0.033
1963,12,0.013,0.049,-0.028,0.049,-0.072,0.038,-0.044,0.036,-0.033,0.033
1964,1,-0.007,0.051,-0.046,0.048,-0.071,0.038,-0.046,0.036,-0.033,0.033
1964,2,-0.118,0.046,-0.083,0.048,-0.071,0.038,-0.047,0.036,-0.034,0.032
1964,3,-0.261,0.054,-0.122,0.046,-0.071,0.038,-0.047,0.036,-0.034,0.032
1964,4,-0.305,0.056,-0.162,0.045,-0.071,0.038,-0.047,0.035,-0.034,0.032
1964,5,-0.275,0.051,-0.192,0.045,-0.071,0.038,-0.046,0.035,-0.034,0.032
1964,6,-0.102,0.07,-0.215,0.044,-0.071,0.038,-0.045,0.035,-0.034,0.031
1964,7,-0.156,0.054,-0.217,0.044,-0.073,0.038,-0.046,0.034,-0.034,0.031
1964,8,-0.256,0.093,-0.221,0.044,-0.077,0.038,-0.046,0.034,-0.033,0.031
1964,9,-0.311,0.049,-0.217,0.044,-0.078,0.038,-0.045,0.034,-0.034,0.031
1964,10,-0.271,0.049,-0.212,0.045,-0.078,0.038,-0.045,0.034,-0.034,0.03
1964,11,-0.255,0.049,-0.197,0.045,-0.073,0.038,-0.042,0.033,-0.035,0.03
1964,12,-0.264,0.043,-0.195,0.046,-0.073,0.038,-0.041,0.033,-0.034,0.03
1965,1,-0.035,0.047,-0.195,0.045,-0.072,0.038,-0.039,0.033,-0.035,0.03
1965,2,-0.161,0.052,-0.182,0.044,-0.072,0.038,-0.038,0.033,-0.034,0.03
1965,3,-0.215,0.049,-0.169,0.044,-0.072,0.038,-0.035,0.032,-0.032,0.029
1965,4,-0.248,0.052,-0.146,0.044,-0.071,0.037,-0.033,0.032,-0.031,0.029
1965,5,-0.096,0.077,-0.135,0.045,-0.071,0.037,-0.032,0.032,-0.03,0.029
1965,6,-0.077,0.075,-0.111,0.045,-0.072,0.037,-0.032,0.032,-0.029,0.029
1965,7,-0.155,0.078,-0.117,0.045,-0.075,0.037,-0.032,0.031,-0.029,0.028
1965,8,-0.092,0.052,-0.105,0.045,-0.08,0.037,-0.033,0.031,-0.03,0.028
1965,9,-0.157,0.06,-0.09,0.045,-0.075,0.037,-0.033,0.031,-0.029,0.028
1965,10,0.005,0.052,-0.071,0.045,-0.075,0.037,-0.033,0.031,-0.029,0.028
1965,11,-0.126,0.067,-0.071,0.046,-0.075,0.037,-0.032,0.03,-0.029,0.028
1965,12,0.024,0.051,-0.068,0.048,-0.075,0.036,-0.034,0.03,-0.029,0.027
1966,1,-0.103,0.046,-0.048,0.046,-0.08,0.036,-0.034,0.03,-0.028,0.027
1966,2,-0.023,0.051,-0.042,0.047,-0.085,0.035,-0.037,0.03,-0.028,0.027
1966,3,-0.034,0.057,-0.03,0.047,-0.092,0.035,-0.04,0.03,-0.028,0.027
1966,4,-0.016,0.057,-0.035,0.046,-0.094,0.035,-0.042,0.029,-0.027,0.027
1966,5,-0.096,0.05,-0.028,0.045,-0.095,0.035,-0.044,0.029,-0.027,0.026
1966,6,-0.036,0.059,-0.038,0.044,-0.095,0.034,-0.046,0.029,-0.027,0.026
1966,7,0.081,0.06,-0.034,0.044,-0.096,0.034,-0.047,0.029,-0.027,0.026
1966,8,-0.021,0.06,-0.043,0.044,-0.095,0.034,-0.048,0.029,-0.026,0.026
1966,9,-0.008,0.052,-0.04,0.044,-0.09,0.033,-0.049,0.028,-0.025,0.025
1966,10,-0.055,0.059,-0.042,0.043,-0.082,0.033,-0.05,0.028,-0.025,0.025
1966,11,-0.044,0.047,-0.022,0.043,-0.074,0.033,-0.05,0.028,-0.024,0.025
1966,12,-0.097,0.044,-0.022,0.043,-0.07,0.033,-0.05,0.028,-0.023,0.025
1967,1,-0.056,0.042,-0.03,0.043,-0.068,0.032,-0.052,0.028,-0.022,0.025
1967,2,-0.135,0.054,-0.035,0.042,-0.064,0.032,-0.055,0.028,-0.02,0.025
1967,3,-0.001,0.047,-0.042,0.041,-0.059,0.032,-0.055,0.027,-0.019,0.024
1967,4,-0.033,0.049,-0.034,0.04,-0.054,0.032,-0.054,0.027,-0.017,0.024
1967,5,0.145,0.053,-0.035,0.039,-0.048,0.031,-0.053,0.027,-0.017,0.024
1967,6,-0.039,0.051,-0.03,0.039,-0.04,0.031,-0.052,0.027,-0.016,0.024
1967,7,-0.011,0.053,-0.042,0.038,-0.037,0.031,-0.052,0.026,-0.016,0.024
1967,8,-0.086,0.057,-0.04,0.038,-0.031,0.03,-0.05,0.026,-0.015,0.023
1967,9,-0.093,0.057,-0.033,0.038,-0.027,0.03,-0.05,0.026,-0.015,0.023
1967,10,0.046,0.044,-0.036,0.037,-0.021,0.03,-0.05,0.026,-0.015,0.023
1967,11,-0.061,0.04,-0.061,0.037,-0.019,0.029,-0.049,0.026,-0.014,0.023
1967,12,-0.04,0.037,-0.065,0.036,-0.018,0.029,-0.047,0.026,-0.015,0.023
1968,1,-0.195,0.038,-0.079,0.036,-0.017,0.029,-0.045,0.025,-0.015,0.023
1968,2,-0.118,0.049,-0.085,0.036,-0.017,0.029,-0.044,0.025,-0.016,0.022
1968,3,0.089,0.048,-0.097,0.036,-0.014,0.028,-0.04,0.025,-0.015,0.022
1968,4,-0.072,0.053,-0.093,0.037,-0.013,0.028,-0.037,0.025,-0.014,0.022
1968,5,-0.157,0.059,-0.083,0.037,-0.012,0.028,-0.034,0.025,-0.014,0.022
1968,6,-0.077,0.06,-0.078,0.037,-0.013,0.027,-0.032,0.024,-0.014,0.022
1968,7,-0.188,0.051,-0.068,0.037,-0.011,0.027,-0.032,0.024,-0.014,0.022
1968,8,-0.158,0.046,-0.067,0.037,-0.013,0.027,-0.034,0.024,-0.014,0.021
1968,9,-0.228,0.051,-0.069,0.037,-0.017,0.027,-0.035,0.023,-0.013,0.021
1968,10,0.087,0.066,-0.047,0.036,-0.018,0.026,-0.036,0.023,-0.013,0.021
1968,11,0.056,0.041,-0.018,0.035,-0.018,0.026,-0.036,0.023,-0.013,0.021
1968,12,0.021,0.037,-0.002,0.036,-0.02,0.026,-0.036,0.023,-0.013,0.021
1969,1,-0.076,0.034,0.01,0.036,-0.023,0.026,-0.038,0.022,-0.012,0.021
1969,2,-0.097,0.035,0.026,0.035,-0.025,0.025,-0.04,0.022,-0.012,0.02
1969,3,0.062,0.063,0.043,0.034,-0.028,0.025,-0.039,0.022,-0.012,0.02
1969,4,0.19,0.048,0.04,0.034,-0.029,0.025,-0.037,0.022,-0.012,0.02
1969,5,0.195,0.043,0.043,0.033,-0.029,0.024,-0.035,0.022,-0.012,0.02
1969,6,0.118,0.059,0.057,0.033,-0.028,0.024,-0.035,0.021,-0.011,0.02
1969,7,-0.051,0.049,0.075,0.032,-0.032,0.024,-0.034,0.021,-0.011,0.019
1969,8,0.032,0.055,0.102,0.032,-0.032,0.024,-0.031,0.021,-0.011,0.019
1969,9,-0.025,0.043,0.099,0.032,-0.032,0.024,-0.029,0.021,-0.009,0.019
1969,10,0.05,0.052,0.092,0.031,-0.031,0.023,-0.028,0.021,-0.008,0.019
1969,11,0.097,0.036,0.078,0.03,-0.033,0.023,-0.026,0.021,-0.006,0.019
1969,12,0.184,0.034,0.064,0.03,-0.032,0.023,-0.024,0.021,-0.004,0.018
1970,1,0.142,0.034,0.063,0.029,-0.032,0.023,-0.023,0.02,-0.003,0.018
1970,2,0.231,0.031,0.051,0.03,-0.029,0.023,-0.021,0.02,-0.001,0.018
1970,3,0.029,0.045,0.056,0.029,-0.028,0.023,-0.018,0.02,0.001,0.018
1970,4,0.106,0.046,0.056,0.029,-0.028,0.022,-0.016,0.02,0.004,0.018
1970,5,0.026,0.043,0.045,0.029,-0.027,0.022,-0.014,0.02,0.005,0.018
1970,6,-0.052,0.036,0.024,0.028,-0.022,0.022,-0.013,0.02,0.006,0.018
1970,7,-0.067,0.04,0.016,0.028,-0.015,0.022,-0.013,0.02,0.008,0.017
1970,8,-0.106,0.049,-0.018,0.028,-0.008,0.022,-0.013,0.02,0.008,0.017
1970,9,0.036,0.047,-0.04,0.027,-0.005,0.022,-0.013,0.019,0.009,0.017
1970,10,0.043,0.039,-0.057,0.027,0.001,0.021,-0.013,0.019,0.009,0.017
1970,11,-0.027,0.031,-0.067,0.028,0.008,0.021,-0.014,0.019,0.011,0.017
1970,12,-0.067,0.026,-0.075,0.027,0.011,0.021,-0.015,0.019,0.012,0.017
1971,1,0.044,0.028,-0.08,0.027,0.015,0.021,-0.014,0.019,0.014,0.017
1971,2,-0.186,0.036,-0.084,0.027,0.018,0.021,-0.015,0.019,0.014,0.016
1971,3,-0.235,0.034,-0.098,0.027,0.022,0.021,-0.017,0.019,0.015,0.016
1971,4,-0.098,0.036,-0.111,0.027,0.022,0.02,-0.018,0.019,0.016,0.016
1971,5,-0.092,0.039,-0.113,0.027,0.022,0.02,-0.019,0.019,0.016,0.016
1971,6,-0.149,0.046,-0.115,0.027,0.022,0.02,-0.02,0.019,0.017,0.016
1971,7,-0.122,0.039,-0.139,0.027,0.019,0.02,-0.022,0.019,0.019,0.016
1971,8,-0.15,0.049,-0.136,0.027,0.016,0.02,-0.023,0.019,0.02,0.016
1971,9,-0.143,0.044,-0.117,0.027,0.013,0.02,-0.023,0.019,0.021,0.016
1971,10,-0.113,0.046,-0.106,0.027,0.009,0.02,-0.024,0.019,0.022,0.016
1971,11,-0.046,0.031,-0.096,0.027,0.004,0.02,-0.024,0.019,0.023,0.016
1971,12,-0.089,0.032,-0.081,0.026,0.001,0.02,-0.021,0.018,0.025,0.016
1972,1,-0.243,0.037,-0.074,0.027,0.001,0.02,-0.019,0.018,0.025,0.016
1972,2,-0.152,0.031,-0.053,0.027,0.001,0.02,-0.016,0.018,0.025,0.015
1972,3,-0.002,0.041,-0.045,0.028,-0.0,0.02,-0.014,0.018,0.025,0.015
1972,4,0.032,0.034,-0.032,0.028,-0.002,0.02,-0.011,0.018,0.026,0.015
1972,5,0.031,0.044,-0.026,0.028,-0.005,0.02,-0.01,0.018,0.027,0.015
1972,6,0.028,0.042,0.001,0.028,-0.009,0.02,-0.007,0.018,0.028,0.015
1972,7,-0.039,0.051,0.042,0.028,-0.009,0.02,-0.006,0.018,0.029,0.015
1972,8,0.104,0.046,0.081,0.028,-0.011,0.02,-0.004,0.018,0.029,0.015
1972,9,-0.05,0.051,0.103,0.028,-0.01,0.02,-0.002,0.018,0.03,0.015
1972,10,0.037,0.054,0.125,0.028,-0.01,0.02,-0.001,0.018,0.031,0.015
1972,11,0.03,0.032,0.142,0.028,-0.009,0.02,0.001,0.018,0.032,0.015
1972,12,0.239,0.025,0.151,0.029,-0.008,0.02,0.002,0.018,0.034,0.015
1973,1,0.25,0.03,0.157,0.029,-0.008,0.02,0.005,0.018,0.036,0.015
1973,2,0.312,0.03,0.15,0.028,-0.009,0.021,0.008,0.018,0.037,0.015
1973,3,0.26,0.035,0.154,0.028,-0.011,0.021,0.008,0.018,0.039,0.015
1973,4,0.295,0.049,0.158,0.029,-0.013,0.021,0.01,0.018,0.041,0.015
1973,5,0.238,0.036,0.159,0.029,-0.016,0.021,0.013,0.018,0.043,0.014
1973,6,0.133,0.041,0.14,0.029,-0.017,0.021,0.013,0.018,0.044,0.014
1973,7,0.033,0.047,0.102,0.029,-0.018,0.021,0.015,0.018,0.044,0.014
1973,8,0.017,0.056,0.053,0.029,-0.017,0.021,0.015,0.018,0.045,0.014
1973,9,-0.002,0.049,0.019,0.03,-0.018,0.021,0.018,0.018,0.045,0.014
1973,10,0.094,0.048,-0.011,0.031,-0.018,0.021,0.017,0.018,0.046,0.014
1973,11,0.038,0.031,-0.038,0.032,-0.02,0.022,0.018,0.018,0.046,0.014
1973,12,0.014,0.033,-0.053,0.032,-0.021,0.022,0.019,0.018,0.047,0.014
1974,1,-0.205,0.036,-0.063,0.032,-0.02,0.022,0.021,0.018,0.048,0.014
1974,2,-0.286,0.04,-0.058,0.032,-0.02,0.022,0.022,0.018,0.049,0.014
1974,3,-0.144,0.046,-0.067,0.032,-0.019,0.022,0.024,0.018,0.052,0.014
1974,4,-0.067,0.046,-0.081,0.032,-0.02,0.022,0.024,0.018,0.054,0.014
1974,5,-0.078,0.04,-0.09,0.032,-0.019,0.023,0.023,0.018,0.056,0.014
1974,6,-0.053,0.044,-0.095,0.032,-0.014,0.023,0.023,0.018,0.057,0.014
1974,7,-0.083,0.044,-0.068,0.033,-0.007,0.023,0.024,0.018,0.057,0.014
1974,8,0.07,0.051,-0.036,0.033,0.0,0.023,0.025,0.018,0.059,0.014
1974,9,-0.099,0.047,-0.014,0.032,0.005,0.023,0.027,0.018,0.061,0.014
1974,10,-0.081,0.041,-0.003,0.031,0.009,0.023,0.028,0.018,0.062,0.014
1974,11,-0.068,0.039,0.014,0.031,0.014,0.023,0.029,0.018,0.063,0.014
1974,12,-0.046,0.042,0.017,0.032,0.018,0.023,0.032,0.018,0.064,0.014
1975,1,0.122,0.034,0.019,0.033,0.021,0.023,0.034,0.018,0.065,0.014
1975,2,0.09,0.036,-0.002,0.032,0.022,0.023,0.035,0.018,0.066,0.014
1975,3,0.129,0.046,0.001,0.033,0.024,0.023,0.038,0.018,0.068,0.014
1975,4,0.064,0.038,0.001,0.033,0.026,0.023,0.04,0.018,0.069,0.014
1975,5,0.119,0.043,-0.01,0.032,0.029,0.024,0.042,0.018,0.07,0.014
1975,6,-0.016,0.061,-0.017,0.033,0.026,0.024,0.044,0.018,0.071,0.014
1975,7,-0.059,0.055,-0.03,0.033,0.025,0.024,0.047,0.018,0.072,0.014
1975,8,-0.177,0.062,-0.047,0.033,0.023,0.024,0.05,0.018,0.073,0.014
1975,9,-0.07,0.047,-0.08,0.033,0.022,0.024,0.051,0.018,0.074,0.014
1975,10,-0.07,0.039,-0.093,0.033,0.019,0.024,0.052,0.019,0.075,0.014
1975,11,-0.21,0.037,-0.124,0.033,0.017,0.024,0.055,0.019,0.076,0.014
1975,12,-0.122,0.031,-0.138,0.032,0.015,0.024,0.057,0.019,0.076,0.014
1976,1,-0.033,0.033,-0.138,0.032,0.015,0.024,0.061,0.019,0.078,0.014
1976,2,-0.112,0.044,-0.135,0.034,0.013,0.024,0.066,0.019,0.079,0.014
1976,3,-0.275,0.031,-0.136,0.034,0.013,0.024,0.071,0.019,0.081,0.014
1976,4,-0.094,0.036,-0.145,0.034,0.012,0.024,0.074,0.019,0.082,0.014
1976,5,-0.247,0.055,-0.128,0.035,0.014,0.024,0.076,0.019,0.083,0.014
1976,6,-0.187,0.053,-0.101,0.035,0.016,0.024,0.08,0.019,0.083,0.014
1976,7,-0.059,0.083,-0.082,0.035,0.023,0.024,0.084,0.019,0.083,0.014
1976,8,-0.141,0.079,-0.05,0.035,0.029,0.024,0.088,0.019,0.084,0.014
1976,9,-0.078,0.046,-0.004,0.035,0.034,0.024,0.091,0.019,0.084,0.014
1976,10,-0.179,0.051,0.029,0.034,0.039,0.024,0.093,0.019,0.085,0.014
1976,11,-0.005,0.039,0.074,0.035,0.042,0.024,0.095,0.019,0.086,0.014
1976,12,0.198,0.035,0.112,0.034,0.044,0.024,0.1,0.019,0.087,0.014
1977,1,0.189,0.036,0.129,0.032,0.047,0.024,0.103,0.019,0.088,0.014
1977,2,0.275,0.04,0.155,0.032,0.048,0.023,0.105,0.019,0.091,0.014
1977,3,0.28,0.036,0.169,0.032,0.053,0.023,0.105,0.019,0.092,0.014
1977,4,0.297,0.035,0.194,0.032,0.058,0.023,0.106,0.019,0.093,0.014
1977,5,0.294,0.066,0.214,0.032,0.064,0.023,0.108,0.019,0.093,0.014
1977,6,0.273,0.041,0.205,0.032,0.073,0.023,0.108,0.019,0.095,0.014
1977,7,0.138,0.056,0.201,0.031,0.077,0.023,0.109,0.019,0.096,0.014
1977,8,0.176,0.051,0.194,0.031,0.082,0.023,0.109,0.019,0.098,0.014
1977,9,0.086,0.042,0.186,0.031,0.085,0.022,0.111,0.019,0.1,0.014
1977,10,0.126,0.044,0.176,0.031,0.09,0.022,0.112,0.019,0.101,0.014
1977,11,0.232,0.033,0.16,0.031,0.094,0.022,0.113,0.02,0.102,0.014
1977,12,0.088,0.042,0.139,0.031,0.097,0.022,0.114,0.02,0.104,0.014
1978,1,0.142,0.039,0.131,0.031,0.103,0.022,0.116,0.02,0.107,0.014
1978,2,0.194,0.034,0.103,0.03,0.11,0.022,0.118,0.02,0.109,0.014
1978,3,0.189,0.037,0.099,0.03,0.114,0.022,0.118,0.02,0.111,0.014
1978,4,0.171,0.033,0.091,0.03,0.117,0.021,0.118,0.02,0.113,0.015
1978,5,0.107,0.042,0.085,0.03,0.126,0.021,0.119,0.02,0.115,0.015
1978,6,0.013,0.048,0.09,0.029,0.132,0.021,0.12,0.02,0.117,0.015
1978,7,0.047,0.047,0.093,0.029,0.141,0.021,0.121,0.02,0.119,0.015
1978,8,-0.162,0.041,0.082,0.029,0.148,0.021,0.123,0.02,0.121,0.015
1978,9,0.043,0.043,0.083,0.028,0.16,0.021,0.126,0.02,0.123,0.015
1978,10,0.024,0.039,0.087,0.028,0.165,0.021,0.127,0.02,0.124,0.015
1978,11,0.164,0.031,0.084,0.027,0.173,0.021,0.129,0.02,0.125,0.015
1978,12,0.146,0.035,0.092,0.027,0.181,0.021,0.131,0.02,0.126,0.015
1979,1,0.174,0.027,0.095,0.026,0.188,0.021,0.135,0.02,0.127,0.015
1979,2,0.066,0.033,0.12,0.025,0.196,0.02,0.138,0.02,0.128,0.015
1979,3,0.202,0.038,0.132,0.025,0.201,0.02,0.142,0.02,0.129,0.015
1979,4,0.218,0.036,0.149,0.024,0.207,0.02,0.144,0.02,0.129,0.015
1979,5,0.07,0.047,0.159,0.024,0.209,0.02,0.147,0.02,0.129,0.015
1979,6,0.114,0.041,0.189,0.025,0.214,0.02,0.148,0.02,0.129,0.015
1979,7,0.075,0.036,0.204,0.024,0.213,0.02,0.149,0.02,0.13,0.015
1979,8,0.139,0.036,0.232,0.024,0.211,0.02,0.149,0.019,0.131,0.015
1979,9,0.193,0.032,0.24,0.023,0.206,0.02,0.151,0.019,0.133,0.015
1979,10,0.224,0.035,0.254,0.023,0.203,0.02,0.152,0.019,0.134,0.015
1979,11,0.281,0.034,0.274,0.023,0.202,0.02,0.153,0.019,0.134,0.015
1979,12,0.51,0.028,0.28,0.023,0.198,0.02,0.153,0.019,0.135,0.015
1980,1,0.361,0.028,0.296,0.023,0.198,0.02,0.154,0.019,0.136,0.015
1980,2,0.401,0.031,0.306,0.024,0.196,0.02,0.153,0.019,0.137,0.015
1980,3,0.294,0.036,0.304,0.025,0.197,0.02,0.154,0.019,0.14,0.015
1980,4,0.385,0.042,0.295,0.026,0.198,0.02,0.154,0.019,0.142,0.015
1980,5,0.308,0.032,0.299,0.027,0.196,0.02,0.155,0.019,0.143,0.016
1980,6,0.193,0.043,0.277,0.027,0.202,0.02,0.156,0.019,0.145,0.016
1980,7,0.268,0.03,0.288,0.026,0.208,0.02,0.156,0.019,0.147,0.016
1980,8,0.251,0.047,0.284,0.027,0.213,0.02,0.159,0.019,0.148,0.016
1980,9,0.168,0.038,0.292,0.026,0.215,0.02,0.161,0.019,0.149,0.016
1980,10,0.125,0.034,0.281,0.026,0.218,0.02,0.163,0.019,0.151,0.016
1980,11,0.321,0.033,0.272,0.026,0.221,0.02,0.165,0.019,0.153,0.016
1980,12,0.246,0.032,0.283,0.027,0.224,0.02,0.167,0.019,0.155,0.016
1981,1,0.492,0.04,0.288,0.027,0.226,0.02,0.17,0.019,0.157,0.016
1981,2,0.361,0.037,0.297,0.028,0.234,0.02,0.174,0.019,0.16,0.016
1981,3,0.39,0.032,0.302,0.027,0.239,0.02,0.178,0.019,0.162,0.016
1981,4,0.25,0.034,0.304,0.027,0.242,0.02,0.181,0.018,0.165,0.016
1981,5,0.198,0.038,0.291,0.027,0.244,0.02,0.185,0.018,0.167,0.016
1981,6,0.325,0.047,0.308,0.027,0.245,0.02,0.187,0.018,0.169,0.016
1981,7,0.333,0.045,0.278,0.028,0.247,0.02,0.188,0.018,0.172,0.016
1981,8,0.358,0.044,0.26,0.028,0.248,0.02,0.19,0.018,0.174,0.016
1981,9,0.221,0.048,0.226,0.028,0.249,0.02,0.191,0.018,0.176,0.016
1981,10,0.151,0.032,0.219,0.029,0.249,0.02,0.194,0.018,0.177,0.016
1981,11,0.162,0.033,0.218,0.03,0.252,0.02,0.195,0.018,0.179,0.016
1981,12,0.448,0.032,0.198,0.031,0.251,0.02,0.195,0.018,0.181,0.016
1982,1,0.141,0.035,0.181,0.032,0.251,0.02,0.196,0.018,0.184,0.016
1982,2,0.143,0.031,0.157,0.032,0.25,0.02,0.197,0.018,0.186,0.016
1982,3,-0.014,0.034,0.149,0.033,0.25,0.02,0.197,0.018,0.188,0.016
1982,4,0.164,0.045,0.149,0.033,0.247,0.021,0.196,0.018,0.189,0.017
1982,5,0.188,0.046,0.148,0.033,0.242,0.021,0.196,0.018,0.19,0.017
1982,6,0.078,0.048,0.146,0.033,0.233,0.021,0.196,0.018,0.191,0.017
1982,7,0.125,0.053,0.178,0.033,0.23,0.021,0.198,0.018,0.192,0.017
1982,8,0.072,0.048,0.206,0.034,0.224,0.021,0.199,0.018,0.192,0.017
1982,9,0.123,0.047,0.235,0.034,0.222,0.021,0.201,0.018,0.192,0.017
1982,10,0.158,0.042,0.246,0.034,0.218,0.021,0.203,0.018,0.192,0.017
1982,11,0.147,0.052,0.257,0.033,0.216,0.021,0.203,0.018,0.192,0.017
1982,12,0.426,0.043,0.267,0.033,0.214,0.021,0.206,0.018,0.192,0.017
1983,1,0.523,0.035,0.269,0.033,0.21,0.021,0.21,0.018,0.193,0.017
1983,2,0.48,0.042,0.29,0.033,0.209,0.021,0.211,0.018,0.193,0.017
1983,3,0.337,0.031,0.308,0.033,0.208,0.021,0.213,0.018,0.193,0.017
1983,4,0.299,0.035,0.312,0.033,0.208,0.021,0.215,0.018,0.194,0.017
1983,5,0.313,0.036,0.326,0.033,0.204,0.021,0.217,0.018,0.194,0.017
1983,6,0.2,0.052,0.308,0.034,0.203,0.021,0.22,0.018,0.194,0.017
1983,7,0.155,0.05,0.285,0.034,0.2,0.021,0.222,0.018,0.195,0.017
1983,8,0.316,0.055,0.258,0.033,0.2,0.021,0.227,0.018,0.195,0.017
1983,9,0.336,0.046,0.251,0.033,0.197,0.021,0.229,0.018,0.196,0.017
1983,10,0.212,0.044,0.242,0.034,0.197,0.021,0.231,0.018,0.197,0.017
1983,11,0.313,0.036,0.24,0.034,0.197,0.021,0.231,0.018,0.197,0.017
1983,12,0.21,0.04,0.227,0.035,0.193,0.021,0.233,0.018,0.198,0.017
1984,1,0.243,0.034,0.219,0.034,0.189,0.021,0.233,0.018,0.2,0.017
1984,2,0.16,0.034,0.203,0.032,0.185,0.02,0.234,0.018,0.202,0.017
1984,3,0.258,0.038,0.186,0.032,0.182,0.021,0.235,0.018,0.204,0.017
1984,4,0.187,0.052,0.173,0.032,0.182,0.021,0.235,0.018,0.206,0.017
1984,5,0.292,0.042,0.147,0.032,0.181,0.021,0.235,0.018,0.207,0.017
1984,6,0.045,0.057,0.125,0.031,0.176,0.021,0.236,0.018,0.209,0.017
1984,7,0.05,0.042,0.124,0.031,0.179,0.021,0.237,0.018,0.211,0.017
1984,8,0.127,0.054,0.112,0.031,0.184,0.021,0.238,0.018,0.211,0.017
1984,9,0.137,0.036,0.105,0.031,0.188,0.021,0.239,0.018,0.213,0.017
1984,10,0.056,0.055,0.103,0.03,0.189,0.021,0.239,0.018,0.215,0.017
1984,11,-0.005,0.034,0.092,0.029,0.191,0.021,0.239,0.018,0.217,0.017
1984,12,-0.05,0.035,0.097,0.028,0.194,0.02,0.238,0.018,0.219,0.017
1985,1,0.232,0.034,0.093,0.028,0.199,0.02,0.239,0.018,0.221,0.017
1985,2,0.02,0.039,0.099,0.028,0.202,0.02,0.239,0.018,0.223,0.017
1985,3,0.169,0.037,0.095,0.027,0.205,0.02,0.243,0.018,0.224,0.017
1985,4,0.166,0.033,0.103,0.027,0.208,0.02,0.244,0.018,0.226,0.017
1985,5,0.154,0.036,0.11,0.028,0.21,0.02,0.244,0.018,0.227,0.017
1985,6,0.112,0.065,0.128,0.028,0.211,0.02,0.246,0.018,0.228,0.017
1985,7,0.002,0.056,0.133,0.027,0.211,0.02,0.246,0.018,0.231,0.017
1985,8,0.192,0.032,0.163,0.027,0.209,0.02,0.247,0.018,0.233,0.017
1985,9,0.089,0.042,0.169,0.026,0.211,0.02,0.247,0.018,0.235,0.017
1985,10,0.152,0.063,0.176,0.027,0.213,0.02,0.25,0.018,0.237,0.017
1985,11,0.084,0.056,0.177,0.026,0.214,0.02,0.251,0.018,0.24,0.017
1985,12,0.168,0.034,0.175,0.027,0.217,0.02,0.253,0.018,0.241,0.017
1986,1,0.285,0.042,0.181,0.027,0.219,0.02,0.252,0.018,0.243,0.017
1986,2,0.381,0.028,0.176,0.027,0.219,0.02,0.254,0.018,0.245,0.017
1986,3,0.238,0.038,0.172,0.027,0.219,0.02,0.253,0.018,0.248,0.017
1986,4,0.254,0.029,0.172,0.027,0.221,0.02,0.255,0.018,0.249,0.017
1986,5,0.17,0.038,0.172,0.027,0.219,0.02,0.257,0.018,0.252,0.017
1986,6,0.081,0.041,0.173,0.027,0.22,0.02,0.258,0.018,0.253,0.017
1986,7,0.08,0.037,0.176,0.027,0.218,0.02,0.259,0.018,0.255,0.017
1986,8,0.125,0.037,0.182,0.027,0.22,0.02,0.259,0.018,0.257,0.017
1986,9,0.043,0.041,0.179,0.028,0.22,0.02,0.26,0.018,0.258,0.017
1986,10,0.149,0.044,0.18,0.028,0.222,0.02,0.261,0.018,0.26,0.017
1986,11,0.094,0.037,0.187,0.028,0.219,0.02,0.262,0.018,0.261,0.017
1986,12,0.171,0.037,0.206,0.028,0.22,0.02,0.262,0.018,0.262,0.017
1987,1,0.323,0.029,0.231,0.028,0.224,0.02,0.265,0.018,0.263,0.017
1987,2,0.46,0.03,0.242,0.027,0.226,0.019,0.267,0.019,0.264,0.017
1987,3,0.193,0.032,0.267,0.027,0.228,0.019,0.271,0.019,0.264,0.017
1987,4,0.267,0.034,0.281,0.028,0.232,0.019,0.272,0.018,0.265,0.017
1987,5,0.256,0.035,0.294,0.028,0.236,0.019,0.273,0.018,0.265,0.017
1987,6,0.309,0.043,0.321,0.028,0.244,0.019,0.274,0.018,0.266,0.017
1987,7,0.381,0.042,0.339,0.028,0.247,0.019,0.274,0.018,0.267,0.017
1987,8,0.252,0.037,0.33,0.028,0.255,0.019,0.274,0.018,0.269,0.017
1987,9,0.345,0.045,0.352,0.028,0.263,0.019,0.273,0.018,0.27,0.017
1987,10,0.325,0.041,0.366,0.028,0.269,0.02,0.272,0.018,0.273,0.017
1987,11,0.249,0.034,0.374,0.028,0.273,0.02,0.271,0.018,0.274,0.017
1987,12,0.487,0.037,0.379,0.028,0.277,0.02,0.27,0.018,0.277,0.017
1988,1,0.54,0.032,0.369,0.028,0.283,0.02,0.269,0.018,0.279,0.017
1988,2,0.359,0.034,0.377,0.028,0.285,0.02,0.268,0.018,0.282,0.017
1988,3,0.452,0.035,0.375,0.028,0.287,0.02,0.269,0.018,0.283,0.017
1988,4,0.441,0.032,0.376,0.028,0.292,0.02,0.269,0.018,0.285,0.017
1988,5,0.349,0.039,0.37,0.028,0.298,0.02,0.268,0.018,0.288,0.017
1988,6,0.364,0.041,0.354,0.028,0.303,0.02,0.268,0.018,0.29,0.017
1988,7,0.269,0.035,0.321,0.028,0.305,0.02,0.269,0.018,0.293,0.017
1988,8,0.349,0.048,0.314,0.028,0.307,0.02,0.268,0.018,0.297,0.017
1988,9,0.317,0.04,0.298,0.028,0.309,0.02,0.266,0.018,0.298,0.017
1988,10,0.336,0.044,0.283,0.029,0.314,0.02,0.266,0.018,0.3,0.017
1988,11,0.172,0.034,0.264,0.029,0.317,0.02,0.264,0.018,0.301,0.017
1988,12,0.3,0.036,0.244,0.029,0.323,0.02,0.265,0.018,0.303,0.017
1989,1,0.144,0.034,0.243,0.03,0.33,0.02,0.265,0.018,0.304,0.017
1989,2,0.274,0.03,0.235,0.03,0.333,0.02,0.265,0.018,0.306,0.018
1989,3,0.264,0.032,0.23,0.03,0.338,0.02,0.266,0.018,0.307,0.018
1989,4,0.258,0.043,0.227,0.031,0.341,0.02,0.267,0.018,0.308,0.018
1989,5,0.12,0.045,0.231,0.031,0.344,0.02,0.268,0.018,0.308,0.018
1989,6,0.132,0.044,0.244,0.031,0.347,0.02,0.271,0.018,0.309,0.018
1989,7,0.255,0.044,0.269,0.031,0.35,0.02,0.273,0.018,0.31,0.018
1989,8,0.252,0.071,0.284,0.031,0.351,0.02,0.273,0.018,0.311,0.018
1989,9,0.254,0.044,0.318,0.03,0.354,0.02,0.275,0.018,0.311,0.018
1989,10,0.3,0.041,0.341,0.03,0.355,0.02,0.278,0.018,0.312,0.018
1989,11,0.223,0.04,0.364,0.03,0.355,0.02,0.281,0.018,0.312,0.018
1989,12,0.45,0.042,0.382,0.03,0.354,0.02,0.285,0.018,0.312,0.018
1990,1,0.447,0.034,0.39,0.03,0.349,0.02,0.287,0.018,0.312,0.018
1990,2,0.453,0.037,0.393,0.03,0.346,0.021,0.293,0.018,0.312,0.018
1990,3,0.678,0.04,0.391,0.03,0.34,0.021,0.295,0.018,0.313,0.018
1990,4,0.529,0.035,0.403,0.03,0.336,0.021,0.297,0.018,0.314,0.018
1990,5,0.391,0.032,0.421,0.03,0.332,0.021,0.298,0.018,0.314,0.018
1990,6,0.351,0.038,0.422,0.03,0.328,0.021,0.301,0.019,0.314,0.018
1990,7,0.348,0.05,0.422,0.03,0.326,0.021,0.305,0.019,0.315,0.018
1990,8,0.291,0.038,0.427,0.029,0.327,0.021,0.307,0.019,0.315,0.018
1990,9,0.237,0.054,0.397,0.029,0.326,0.021,0.309,0.019,0.316,0.018
1990,10,0.437,0.044,0.398,0.029,0.324,0.021,0.311,0.019,0.316,0.018
1990,11,0.441,0.047,0.396,0.029,0.322,0.021,0.314,0.019,0.316,0.018
1990,12,0.463,0.04,0.405,0.029,0.32,0.021,0.315,0.019,0.316,0.018
1991,1,0.442,0.036,0.414,0.03,0.32,0.021,0.315,0.019,0.316,0.018
1991,2,0.515,0.031,0.42,0.03,0.316,0.021,0.316,0.019,0.317,0.018
1991,3,0.326,0.033,0.426,0.029,0.313,0.021,0.317,0.019,0.318,0.018
1991,4,0.53,0.035,0.416,0.029,0.311,0.021,0.318,0.019,0.319,0.018
1991,5,0.367,0.039,0.405,0.029,0.31,0.021,0.318,0.019,0.321,0.018
1991,6,0.467,0.035,0.395,0.029,0.31,0.021,0.32,0.019,0.321,0.018
1991,7,0.457,0.04,0.402,0.029,0.312,0.021,0.322,0.019,0.322,0.018
1991,8,0.353,0.035,0.398,0.029,0.309,0.021,0.324,0.019,0.322,0.018
1991,9,0.313,0.038,0.404,0.029,0.311,0.021,0.325,0.019,0.323,0.018
1991,10,0.321,0.037,0.385,0.029,0.313,0.021,0.326,0.019,0.325,0.018
1991,11,0.302,0.038,0.38,0.03,0.317,0.021,0.327,0.019,0.327,0.018
1991,12,0.354,0.039,0.361,0.03,0.321,0.021,0.329,0.019,0.327,0.018
1992,1,0.523,0.033,0.328,0.03,0.322,0.021,0.33,0.019,0.33,0.018
1992,2,0.464,0.034,0.305,0.031,0.321,0.021,0.33,0.019,0.332,0.018
1992,3,0.401,0.038,0.276,0.032,0.321,0.021,0.332,0.019,0.336,0.018
1992,4,0.297,0.035,0.257,0.032,0.323,0.021,0.333,0.019,0.338,0.018
1992,5,0.304,0.043,0.234,0.032,0.327,0.021,0.334,0.019,0.34,0.018
1992,6,0.247,0.041,0.226,0.031,0.326,0.021,0.336,0.019,0.341,0.018
1992,7,0.062,0.038,0.218,0.031,0.327,0.021,0.336,0.019,0.343,0.018
1992,8,0.076,0.04,0.213,0.031,0.331,0.021,0.338,0.019,0.345,0.018
1992,9,-0.039,0.042,0.212,0.031,0.327,0.021,0.34,0.019,0.347,0.018
1992,10,0.093,0.048,0.212,0.031,0.325,0.021,0.342,0.019,0.348,0.018
1992,11,0.031,0.037,0.208,0.03,0.324,0.021,0.345,0.019,0.35,0.018
1992,12,0.254,0.046,0.207,0.03,0.325,0.021,0.347,0.019,0.35,0.018
1993,1,0.432,0.041,0.222,0.03,0.327,0.021,0.348,0.019,0.351,0.018
1993,2,0.401,0.034,0.226,0.031,0.33,0.021,0.352,0.019,0.351,0.018
1993,3,0.381,0.036,0.241,0.03,0.331,0.021,0.353,0.019,0.352,0.018
1993,4,0.299,0.035,0.254,0.031,0.331,0.021,0.356,0.019,0.354,0.018
1993,5,0.262,0.039,0.26,0.031,0.331,0.021,0.358,0.019,0.355,0.018
1993,6,0.238,0.038,0.262,0.031,0.328,0.021,0.361,0.019,0.356,0.018
1993,7,0.239,0.046,0.25,0.031,0.325,0.021,0.364,0.02,0.357,0.018
1993,8,0.127,0.042,0.223,0.031,0.325,0.021,0.367,0.02,0.358,0.018
1993,9,0.138,0.041,0.223,0.031,0.325,0.021,0.367,0.02,0.359,0.018
1993,10,0.248,0.042,0.231,0.031,0.321,0.021,0.368,0.02,0.361,0.018
1993,11,0.104,0.039,0.238,0.031,0.32,0.021,0.37,0.02,0.362,0.018
1993,12,0.27,0.034,0.251,0.031,0.316,0.021,0.372,0.02,0.364,0.018
1994,1,0.293,0.036,0.254,0.031,0.314,0.021,0.375,0.02,0.366,0.018
1994,2,0.081,0.037,0.262,0.03,0.314,0.021,0.379,0.02,0.368,0.018
1994,3,0.38,0.035,0.273,0.03,0.312,0.021,0.379,0.02,0.37,0.018
1994,4,0.396,0.035,0.287,0.03,0.31,0.021,0.38,0.02,0.371,0.018
1994,5,0.341,0.037,0.315,0.03,0.31,0.021,0.381,0.02,0.372,0.018
1994,6,0.398,0.036,0.324,0.03,0.311,0.021,0.383,0.02,0.373,0.018
1994,7,0.273,0.044,0.343,0.03,0.309,0.021,0.383,0.02,0.374,0.018
1994,8,0.225,0.036,0.395,0.03,0.309,0.021,0.384,0.02,0.376,0.018
1994,9,0.264,0.041,0.4,0.03,0.31,0.021,0.384,0.02,0.377,0.018
1994,10,0.422,0.038,0.402,0.03,0.312,0.021,0.384,0.02,0.379,0.018
1994,11,0.435,0.034,0.398,0.03,0.313,0.021,0.385,0.02,0.382,0.018
1994,12,0.377,0.034,0.399,0.03,0.318,0.021,0.385,0.02,0.384,0.018
1995,1,0.524,0.035,0.416,0.029,0.324,0.021,0.384,0.02,0.386,0.018
1995,2,0.708,0.036,0.436,0.029,0.33,0.021,0.385,0.02,0.389,0.018
1995,3,0.437,0.037,0.44,0.029,0.339,0.021,0.383,0.02,0.391,0.018
1995,4,0.417,0.036,0.442,0.029,0.349,0.021,0.383,0.02,0.393,0.018
1995,5,0.295,0.035,0.439,0.029,0.359,0.021,0.383,0.02,0.395,0.018
1995,6,0.415,0.037,0.434,0.029,0.365,0.021,0.383,0.02,0.397,0.018
1995,7,0.469,0.038,0.413,0.029,0.369,0.021,0.383,0.02,0.399,0.018
1995,8,0.466,0.038,0.395,0.029,0.377,0.021,0.384,0.02,0.401,0.018
1995,9,0.322,0.041,0.384,0.029,0.381,0.021,0.384,0.02,0.403,0.018
1995,10,0.438,0.042,0.378,0.028,0.387,0.021,0.383,0.02,0.405,0.018
1995,11,0.405,0.037,0.377,0.028,0.394,0.021,0.382,0.02,0.408,0.018
1995,12,0.31,0.032,0.363,0.028,0.401,0.022,0.38,0.02,0.41,0.018
1996,1,0.27,0.033,0.349,0.028,0.408,0.021,0.381,0.02,0.411,0.018
1996,2,0.491,0.038,0.342,0.028,0.417,0.021,0.38,0.02,0.412,0.018
1996,3,0.308,0.032,0.332,0.027,0.422,0.021,0.382,0.02,0.413,0.018
1996,4,0.347,0.033,0.312,0.028,0.426,0.021,0.383,0.02,0.414,0.018
1996,5,0.28,0.039,0.302,0.028,0.43,0.021,0.384,0.02,0.415,0.018
1996,6,0.245,0.033,0.31,0.028,0.435,0.021,0.385,0.02,0.417,0.018
1996,7,0.307,0.04,0.32,0.028,0.438,0.021,0.385,0.02,0.419,0.018
1996,8,0.381,0.035,0.317,0.028,0.448,0.021,0.386,0.02,0.421,0.018
1996,9,0.201,0.039,0.332,0.029,0.447,0.022,0.387,0.02,0.423,0.018
1996,10,0.195,0.04,0.338,0.029,0.447,0.021,0.388,0.02,0.425,0.018
1996,11,0.287,0.037,0.346,0.029,0.446,0.021,0.391,0.02,0.427,0.018
1996,12,0.412,0.032,0.371,0.03,0.445,0.021,0.393,0.02,0.43,0.018
1997,1,0.383,0.033,0.379,0.03,0.445,0.021,0.395,0.02,0.432,0.018
1997,2,0.461,0.036,0.384,0.03,0.446,0.021,0.398,0.02,0.433,0.018
1997,3,0.484,0.036,0.411,0.03,0.447,0.021,0.401,0.02,0.435,0.018
1997,4,0.424,0.035,0.448,0.03,0.445,0.021,0.404,0.02,0.437,0.018
1997,5,0.371,0.035,0.478,0.029,0.444,0.021,0.406,0.02,0.438,0.018
1997,6,0.546,0.039,0.497,0.029,0.445,0.021,0.408,0.02,0.439,0.018
1997,7,0.402,0.04,0.518,0.029,0.441,0.021,0.412,0.02,0.44,0.018
1997,8,0.443,0.039,0.556,0.029,0.438,0.021,0.416,0.02,0.441,0.018
1997,9,0.522,0.036,0.565,0.029,0.439,0.021,0.421,0.02,0.441,0.018
1997,10,0.642,0.034,0.588,0.029,0.441,0.021,0.424,0.02,0.442,0.018
1997,11,0.643,0.033,0.612,0.029,0.442,0.021,0.428,0.02,0.443,0.018
1997,12,0.645,0.037,0.621,0.029,0.441,0.021,0.43,0.02,0.443,0.018
1998,1,0.632,0.039,0.644,0.029,0.439,0.021,0.433,0.02,0.442,0.018
1998,2,0.916,0.037,0.663,0.029,0.437,0.021,0.435,0.02,0.442,0.018
1998,3,0.597,0.034,0.654,0.03,0.438,0.021,0.436,0.02,0.443,0.018
1998,4,0.692,0.041,0.639,0.03,0.434,0.021,0.439,0.02,0.443,0.018
1998,5,0.658,0.037,0.616,0.03,0.433,0.021,0.441,0.02,0.443,0.018
1998,6,0.658,0.039,0.61,0.03,0.432,0.021,0.443,0.02,0.444,0.019
1998,7,0.676,0.039,0.599,0.03,0.436,0.021,0.445,0.02,0.445,0.019
1998,8,0.675,0.035,0.578,0.03,0.435,0.021,0.449,0.019,0.445,0.018
1998,9,0.416,0.038,0.556,0.03,0.44,0.021,0.452,0.019,0.446,0.018
1998,10,0.459,0.043,0.529,0.03,0.444,0.021,0.456,0.019,0.447,0.018
1998,11,0.369,0.035,0.498,0.03,0.449,0.021,0.459,0.019,0.449,0.019
1998,12,0.575,0.035,0.471,0.03,0.453,0.021,0.463,0.019,0.45,0.019
1999,1,0.494,0.036,0.438,0.03,0.456,0.021,0.466,0.02,0.452,0.019
1999,2,0.666,0.037,0.404,0.03,0.457,0.021,0.472,0.02,0.453,0.019
1999,3,0.338,0.037,0.397,0.03,0.462,0.021,0.474,0.02,0.454,0.019
1999,4,0.365,0.033,0.387,0.029,0.466,0.021,0.476,0.02,0.455,0.019
1999,5,0.28,0.036,0.384,0.029,0.472,0.021,0.476,0.02,0.457,0.019
1999,6,0.338,0.04,0.374,0.029,0.475,0.021,0.476,0.02,0.459,0.019
1999,7,0.286,0.038,0.358,0.029,0.481,0.021,0.476,0.02,0.461,0.019
1999,8,0.267,0.035,0.346,0.029,0.486,0.021,0.478,0.019,0.463,0.019
1999,9,0.328,0.036,0.357,0.029,0.492,0.021,0.479,0.019,0.464,0.019
1999,10,0.335,0.041,0.373,0.029,0.495,0.021,0.481,0.019,0.465,0.019
1999,11,0.334,0.032,0.379,0.029,0.499,0.021,0.483,0.019,0.467,0.019
1999,12,0.457,0.032,0.381,0.028,0.498,0.021,0.484,0.019,0.468,0.019
2000,1,0.303,0.036,0.383,0.028,0.5,0.021,0.485,0.019,0.469,0.019
2000,2,0.524,0.036,0.393,0.028,0.501,0.021,0.484,0.019,0.47,0.019
2000,3,0.467,0.037,0.394,0.028,0.502,0.021,0.486,0.019,0.471,0.019
2000,4,0.552,0.036,0.386,0.028,0.5,0.021,0.489,0.019,0.472,0.019
2000,5,0.358,0.033,0.383,0.028,0.498,0.021,0.491,0.019,0.474,0.019
2000,6,0.365,0.034,0.369,0.028,0.495,0.021,0.493,0.019,0.475,0.019
2000,7,0.301,0.038,0.384,0.028,0.497,0.021,0.493,0.019,0.476,0.019
2000,8,0.392,0.036,0.379,0.028,0.492,0.021,0.494,0.019,0.477,0.019
2000,9,0.335,0.038,0.391,0.028,0.492,0.021,0.497,0.019,0.478,0.019
2000,10,0.243,0.038,0.394,0.028,0.49,0.021,0.499,0.019,0.479,0.019
2000,11,0.297,0.032,0.409,0.028,0.488,0.02,0.501,0.019,0.48,0.019
2000,12,0.294,0.037,0.42,0.028,0.485,0.02,0.504,0.019,0.48,0.019
2001,1,0.483,0.032,0.437,0.028,0.482,0.02,0.506,0.019,0.48,0.019
2001,2,0.462,0.034,0.442,0.028,0.48,0.02,0.508,0.019,0.48,0.019
2001,3,0.615,0.032,0.453,0.028,0.483,0.02,0.51,0.019,0.481,0.019
2001,4,0.584,0.031,0.472,0.028,0.486,0.02,0.511,0.019,0.481,0.019
2001,5,0.533,0.035,0.501,0.028,0.488,0.02,0.512,0.019,0.481,0.019
2001,6,0.495,0.036,0.523,0.028,0.491,0.02,0.515,0.019,0.482,0.019
2001,7,0.508,0.035,0.547,0.029,0.493,0.02,0.517,0.019,0.483,0.019
2001,8,0.458,0.039,0.573,0.029,0.495,0.02,0.519,0.019,0.484,0.019
2001,9,0.468,0.037,0.59,0.029,0.5,0.02,0.521,0.019,0.485,0.019
2001,10,0.467,0.038,0.593,0.029,0.504,0.021,0.525,0.019,0.486,0.019
2001,11,0.649,0.039,0.597,0.03,0.506,0.021,0.527,0.019,0.487,0.019
2001,12,0.552,0.043,0.596,0.029,0.506,0.021,0.53,0.019,0.487,0.019
2002,1,0.774,0.039,0.6,0.029,0.506,0.02,0.535,0.019,0.487,0.019
2002,2,0.769,0.04,0.603,0.029,0.509,0.02,0.536,0.019,0.487,0.019
2002,3,0.82,0.033,0.61,0.028,0.512,0.02,0.537,0.019,0.487,0.019
2002,4,0.621,0.032,0.615,0.028,0.516,0.02,0.54,0.019,0.489,0.019
2002,5,0.589,0.037,0.604,0.028,0.522,0.02,0.542,0.019,0.49,0.019
2002,6,0.474,0.031,0.597,0.028,0.523,0.02,0.542,0.019,0.492,0.019
2002,7,0.562,0.036,0.595,0.028,0.529,0.02,0.543,0.019,0.494,0.019
2002,8,0.494,0.032,0.584,0.028,0.53,0.02,0.543,0.019,0.496,0.019
2002,9,0.55,0.032,0.565,0.028,0.534,0.021,0.543,0.019,0.499,0.019
2002,10,0.523,0.039,0.561,0.027,0.536,0.021,0.542,0.019,0.501,0.019
2002,11,0.524,0.038,0.557,0.027,0.54,0.021,0.541,0.019,0.504,0.019
2002,12,0.467,0.039,0.556,0.027,0.544,0.021,0.539,0.019,0.505,0.019
2003,1,0.745,0.033,0.551,0.027,0.548,0.021,0.536,0.019,0.506,0.019
2003,2,0.645,0.032,0.557,0.027,0.551,0.021,0.531,0.019,0.507,0.019
2003,3,0.587,0.032,0.559,0.028,0.556,0.021,0.532,0.019,0.508,0.019
2003,4,0.568,0.034,0.571,0.027,0.563,0.021,0.53,0.019,0.509,0.019
2003,5,0.546,0.036,0.569,0.027,0.57,0.021,0.529,0.019,0.51,0.019
2003,6,0.458,0.039,0.592,0.027,0.575,0.021,0.527,0.019,0.512,0.019
2003,7,0.511,0.04,0.583,0.027,0.576,0.021,0.526,0.019,0.513,0.019
2003,8,0.566,0.034,0.592,0.027,0.58,0.021,0.524,0.019,0.515,0.019
2003,9,0.573,0.035,0.596,0.027,0.579,0.021,0.524,0.019,0.517,0.019
2003,10,0.665,0.036,0.6,0.028,0.578,0.021,0.526,0.019,0.519,0.019
2003,11,0.494,0.034,0.586,0.028,0.576,0.021,0.528,0.019,0.522,0.019
2003,12,0.75,0.033,0.579,0.028,0.578,0.021,0.527,0.019,0.523,0.019
2004,1,0.632,0.035,0.561,0.027,0.577,0.021,0.528,0.019,0.525,0.019
2004,2,0.756,0.033,0.55,0.028,0.58,0.021,0.527,0.019,0.526,0.019
2004,3,0.629,0.035,0.544,0.027,0.581,0.02,0.528,0.019,0.528,0.019
2004,4,0.625,0.038,0.537,0.027,0.583,0.02,0.53,0.019,0.529,0.019
2004,5,0.378,0.031,0.553,0.027,0.582,0.02,0.533,0.019,0.531,0.019
2004,6,0.373,0.036,0.532,0.027,0.585,0.02,0.535,0.019,0.532,0.019
2004,7,0.29,0.037,0.537,0.026,0.588,0.02,0.539,0.019,0.533,0.019
2004,8,0.441,0.037,0.521,0.026,0.586,0.02,0.542,0.019,0.536,0.019
2004,9,0.494,0.032,0.528,0.026,0.583,0.02,0.544,0.019,0.538,0.019
2004,10,0.578,0.031,0.533,0.026,0.584,0.02,0.546,0.019,0.539,0.019
2004,11,0.691,0.031,0.55,0.026,0.585,0.02,0.549,0.019,0.54,0.019
2004,12,0.493,0.033,0.569,0.026,0.586,0.02,0.55,0.019,0.541,0.019
2005,1,0.697,0.032,0.592,0.026,0.586,0.02,0.554,0.02,0.542,0.019
2005,2,0.568,0.031,0.6,0.026,0.586,0.02,0.556,0.02,0.543,0.019
2005,3,0.712,0.035,0.612,0.026,0.584,0.02,0.559,0.02,0.545,0.019
2005,4,0.685,0.038,0.622,0.026,0.584,0.02,0.561,0.02,0.546,0.019
2005,5,0.577,0.031,0.621,0.026,0.584,0.02,0.564,0.02,0.548,0.019
2005,6,0.6,0.039,0.633,0.026,0.583,0.02,0.566,0.02,0.55,0.019
2005,7,0.569,0.034,0.618,0.026,0.575,0.02,0.569,0.02,0.551,0.019
2005,8,0.536,0.036,0.628,0.026,0.57,0.02,0.571,0.02,0.552,0.019
2005,9,0.633,0.03,0.617,0.026,0.572,0.02,0.572,0.02,0.554,0.019
2005,10,0.706,0.035,0.602,0.025,0.571,0.02,0.575,0.02,0.556,0.019
2005,11,0.673,0.038,0.589,0.025,0.569,0.02,0.578,0.02,0.559,0.019
2005,12,0.645,0.035,0.588,0.025,0.569,0.02,0.58,0.02,0.562,0.019
2006,1,0.507,0.029,0.581,0.025,0.569,0.02,0.579,0.02,0.565,0.019
2006,2,0.692,0.03,0.589,0.025,0.567,0.02,0.579,0.02,0.568,0.019
2006,3,0.577,0.028,0.58,0.025,0.566,0.02,0.579,0.02,0.572,0.019
2006,4,0.504,0.028,0.571,0.024,0.565,0.02,0.579,0.02,0.575,0.019
2006,5,0.427,0.035,0.563,0.024,0.567,0.02,0.578,0.02,0.578,0.019
2006,6,0.588,0.034,0.571,0.024,0.563,0.02,0.579,0.02,0.58,0.019
2006,7,0.484,0.043,0.607,0.025,0.562,0.02,0.581,0.02,0.582,0.019
2006,8,0.636,0.032,0.606,0.024,0.559,0.02,0.582,0.02,0.584,0.019
2006,9,0.525,0.032,0.609,0.024,0.557,0.02,0.583,0.02,0.586,0.019
2006,10,0.594,0.033,0.626,0.025,0.556,0.02,0.583,0.02,0.589,0.019
2006,11,0.581,0.031,0.641,0.025,0.56,0.021,0.582,0.02,0.591,0.019
2006,12,0.742,0.039,0.637,0.024,0.564,0.021,0.582,0.02,0.592,0.019
2007,1,0.936,0.029,0.643,0.024,0.571,0.021,0.579,0.02,0.595,0.019
2007,2,0.672,0.027,0.631,0.024,0.574,0.021,0.576,0.02,0.597,0.019
2007,3,0.613,0.032,0.627,0.024,0.576,0.021,0.573,0.02,0.599,0.019
2007,4,0.709,0.033,0.621,0.024,0.576,0.021,0.573,0.02,0.601,0.019
2007,5,0.607,0.03,0.613,0.025,0.575,0.021,0.574,0.02,0.603,0.019
2007,6,0.542,0.031,0.588,0.025,0.578,0.021,0.576,0.02,0.604,0.019
2007,7,0.555,0.03,0.532,0.025,0.578,0.021,0.576,0.02,0.606,0.019
2007,8,0.502,0.029,0.504,0.025,0.582,0.021,0.577,0.02,0.607,0.019
2007,9,0.473,0.031,0.51,0.025,0.584,0.021,0.577,0.02,0.608,0.019
2007,10,0.523,0.033,0.493,0.025,0.586,0.021,0.579,0.02,0.608,0.019
2007,11,0.487,0.034,0.481,0.025,0.588,0.021,0.58,0.02,0.609,0.019
2007,12,0.434,0.029,0.473,0.025,0.589,0.022,0.58,0.02,0.609,0.019
2008,1,0.266,0.028,0.47,0.025,0.59,0.022,0.579,0.02,0.61,0.019
2008,2,0.337,0.029,0.465,0.026,0.591,0.022,0.579,0.02,0.609,0.019
2008,3,0.684,0.036,0.468,0.026,0.589,0.022,0.579,0.021,0.61,0.019
2008,4,0.504,0.032,0.475,0.027,0.588,0.022,0.579,0.021,0.611,0.019
2008,5,0.462,0.029,0.484,0.027,0.587,0.022,0.579,0.021,0.611,0.019
2008,6,0.447,0.038,0.489,0.028,0.584,0.022,0.58,0.021,0.611,0.019
2008,7,0.523,0.032,0.519,0.029,0.583,0.022,0.581,0.021,0.611,0.019
2008,8,0.441,0.036,0.536,0.028,0.579,0.022,0.582,0.021,0.612,0.019
2008,9,0.504,0.035,0.521,0.028,0.578,0.022,0.582,0.021,0.613,0.019
2008,10,0.618,0.037,0.529,0.029,0.58,0.022,0.582,0.021,0.614,0.019
2008,11,0.588,0.039,0.538,0.03,0.581,0.022,0.584,0.021,0.616,0.019
2008,12,0.496,0.041,0.554,0.031,0.581,0.022,0.583,0.021,0.617,0.019
2009,1,0.621,0.037,0.567,0.031,0.584,0.022,0.584,0.021,0.619,0.019
2009,2,0.547,0.032,0.583,0.031,0.585,0.022,0.581,0.021,0.62,0.019
2009,3,0.504,0.035,0.593,0.031,0.584,0.023,0.582,0.021,0.623,0.019
2009,4,0.599,0.04,0.592,0.03,0.584,0.023,0.583,0.021,0.625,0.019
2009,5,0.571,0.043,0.596,0.03,0.582,0.023,0.586,0.021,0.627,0.019
2009,6,0.638,0.044,0.607,0.031,0.578,0.023,0.589,0.021,0.629,0.019
2009,7,0.681,0.036,0.616,0.03,0.569,0.023,0.591,0.021,0.631,0.019
2009,8,0.633,0.031,0.636,0.03,0.565,0.023,0.594,0.021,0.634,0.019
2009,9,0.626,0.032,0.663,0.03,0.563,0.023,0.596,0.021,0.636,0.019
2009,10,0.603,0.036,0.682,0.029,0.562,0.023,0.597,0.021,0.638,0.019
2009,11,0.635,0.041,0.694,0.029,0.564,0.023,0.596,0.021,0.64,0.019
2009,12,0.627,0.038,0.693,0.028,0.565,0.023,0.598,0.021,0.643,0.019
2010,1,0.735,0.032,0.687,0.027,0.566,0.023,0.599,0.021,0.646,0.019
2010,2,0.783,0.033,0.684,0.027,0.567,0.023,0.602,0.021,0.649,0.019
2010,3,0.831,0.04,0.677,0.027,0.57,0.023,0.603,0.021,0.652,0.019
2010,4,0.822,0.037,0.678,0.028,0.573,0.023,0.604,0.021,0.654,0.019
2010,5,0.712,0.041,0.678,0.027,0.576,0.023,0.605,0.021,0.656,0.019
2010,6,0.626,0.032,0.663,0.027,0.576,0.024,0.607,0.021,0.658,0.019
2010,7,0.607,0.031,0.641,0.026,0.583,0.024,0.608,0.021,0.66,0.019
2010,8,0.607,0.028,0.615,0.027,0.588,0.024,0.61,0.021,0.662,0.019
2010,9,0.532,0.033,0.588,0.027,0.586,0.024,0.612,0.021,0.664,0.019
2010,10,0.617,0.033,0.569,0.026,0.587,0.023,0.614,0.021,0.667,0.019
2010,11,0.64,0.04,0.55,0.026,0.589,0.023,0.616,0.021,0.669,0.019
2010,12,0.441,0.041,0.548,0.027,0.592,0.024,0.62,0.021,0.671,0.02
2011,1,0.481,0.031,0.554,0.027,0.592,0.023,0.625,0.022,0.672,0.02
2011,2,0.46,0.026,0.559,0.027,0.596,0.023,0.629,0.021,0.673,0.02
2011,3,0.508,0.031,0.557,0.027,0.598,0.023,0.634,0.022,0.673,0.02
2011,4,0.601,0.028,0.552,0.027,0.598,0.023,0.639,0.022,0.674,0.02
2011,5,0.488,0.031,0.537,0.027,0.601,0.023,0.643,0.022,0.675,0.02
2011,6,0.594,0.044,0.544,0.027,0.604,0.023,0.644,0.022,0.676,0.02
2011,7,0.676,0.033,0.537,0.028,0.605,0.023,0.647,0.021,0.677,0.02
2011,8,0.672,0.035,0.535,0.028,0.603,0.023,0.649,0.022,0.679,0.02
2011,9,0.504,0.033,0.533,0.027,0.606,0.023,0.651,0.022,0.68,0.02
2011,10,0.558,0.032,0.539,0.027,0.609,0.023,0.653,0.022,0.682,0.02
2011,11,0.456,0.048,0.556,0.027,0.613,0.023,0.654,0.022,0.683,0.02
2011,12,0.535,0.049,0.559,0.026,0.613,0.023,0.654,0.022,0.684,0.02
2012,1,0.395,0.03,0.55,0.026,0.611,0.023,0.655,0.022,0.684,0.02
2012,2,0.435,0.028,0.545,0.026,0.614,0.023,0.658,0.022,0.685,0.02
2012,3,0.486,0.028,0.556,0.026,0.616,0.023,0.661,0.022,0.685,0.02
2012,4,0.671,0.03,0.567,0.026,0.618,0.023,0.663,0.022,0.686,0.02
2012,5,0.695,0.032,0.585,0.026,0.617,0.023,0.665,0.022,0.686,0.02
2012,6,0.629,0.036,0.578,0.026,0.619,0.023,0.666,0.022,0.688,0.02
2012,7,0.567,0.033,0.6,0.027,0.62,0.023,0.668,0.022,0.689,0.02
2012,8,0.615,0.031,0.617,0.026,0.621,0.023,0.671,0.022,0.69,0.02
2012,9,0.627,0.034,0.625,0.026,0.622,0.023,0.673,0.022,0.691,0.02
2012,10,0.691,0.046,0.613,0.026,0.621,0.023,0.675,0.022,0.693,0.02
2012,11,0.668,0.044,0.605,0.027,0.622,0.023,0.677,0.022,0.693,0.02
2012,12,0.46,0.053,0.604,0.027,0.625,0.022,0.68,0.022,0.694,0.02
2013,1,0.653,0.035,0.604,0.027,0.627,0.022,0.684,0.022,0.695,0.02
2013,2,0.641,0.029,0.608,0.027,0.63,0.022,0.687,0.022,0.696,0.02
2013,3,0.581,0.033,0.609,0.028,0.634,0.022,0.688,0.022,0.698,0.02
2013,4,0.535,0.035,0.602,0.028,0.64,0.022,0.691,0.022,0.7,0.02
2013,5,0.589,0.036,0.611,0.028,0.645,0.022,0.693,0.022,0.701,0.02
2013,6,0.627,0.04,0.626,0.028,0.656,0.022,0.696,0.022,0.703,0.02
2013,7,0.567,0.037,0.629,0.029,0.666,0.022,0.697,0.022,0.706,0.02
2013,8,0.652,0.035,0.614,0.029,0.679,0.022,0.699,0.022,0.709,0.02
2013,9,0.647,0.035,0.622,0.029,0.69,0.022,0.701,0.021,0.712,0.02
2013,10,0.606,0.032,0.643,0.029,0.698,0.022,0.703,0.021,0.714,0.02
2013,11,0.778,0.045,0.658,0.029,0.705,0.022,0.704,0.021,0.717,0.02
2013,12,0.64,0.045,0.661,0.029,0.708,0.022,0.707,0.021,0.719,0.02
2014,1,0.691,0.037,0.662,0.029,0.709,0.022,0.71,0.021,0.722,0.02
2014,2,0.451,0.034,0.673,0.029,0.713,0.022,0.713,0.021,0.724,0.02
2014,3,0.678,0.039,0.681,0.029,0.718,0.022,0.717,0.021,0.726,0.02
2014,4,0.79,0.032,0.691,0.029,0.722,0.022,0.72,0.021,0.729,0.02
2014,5,0.763,0.036,0.674,0.029,0.726,0.022,0.722,0.021,0.732,0.02
2014,6,0.668,0.046,0.683,0.028,0.731,0.022,0.723,0.021,0.735,0.02
2014,7,0.581,0.039,0.694,0.028,0.74,0.022,0.724,0.021,0.739,0.02
2014,8,0.78,0.03,0.726,0.028,0.75,0.022,0.726,0.021,0.742,0.02
2014,9,0.751,0.035,0.741,0.027,0.76,0.022,0.727,0.021,0.745,0.02
2014,10,0.718,0.035,0.74,0.027,0.764,0.022,0.73,0.021,0.747,0.02
2014,11,0.577,0.04,0.742,0.027,0.767,0.022,0.732,0.021,0.749,0.02
2014,12,0.754,0.04,0.751,0.026,0.767,0.022,0.736,0.021,0.752,0.02
2015,1,0.812,0.041,0.763,0.026,0.771,0.022,0.739,0.021,,
2015,2,0.846,0.029,0.764,0.026,0.774,0.022,0.742,0.021,,
2015,3,0.854,0.032,0.769,0.026,0.775,0.022,0.745,0.021,,
2015,4,0.772,0.031,0.79,0.026,0.777,0.022,0.747,0.021,,
2015,5,0.786,0.029,0.819,0.026,0.778,0.021,0.748,0.021,,
2015,6,0.781,0.03,0.849,0.026,0.783,0.021,0.75,0.021,,
2015,7,0.721,0.031,0.872,0.025,0.785,0.021,0.752,0.021,,
2015,8,0.791,0.031,0.901,0.025,0.786,0.021,0.754,0.021,,
2015,9,0.813,0.028,0.931,0.025,0.79,0.021,0.757,0.021,,
2015,10,0.975,0.031,0.956,0.025,0.795,0.021,0.758,0.021,,
2015,11,0.922,0.034,0.965,0.025,0.798,0.021,0.76,0.021,,
2015,12,1.119,0.044,0.963,0.025,0.8,0.021,0.762,0.021,,
2016,1,1.079,0.037,0.968,0.025,0.802,0.021,0.765,0.021,,
2016,2,1.201,0.034,0.978,0.025,0.803,0.021,0.766,0.021,,
2016,3,1.213,0.029,0.975,0.025,0.804,0.021,0.768,0.021,,
2016,4,1.072,0.032,0.958,0.025,0.808,0.021,0.769,0.021,,
2016,5,0.889,0.029,0.943,0.024,0.807,0.021,0.771,0.021,,
2016,6,0.767,0.027,0.917,0.024,0.811,0.021,0.773,0.021,,
2016,7,0.771,0.026,0.906,0.024,0.814,0.021,0.774,0.021,,
2016,8,0.913,0.032,0.893,0.024,0.822,0.021,0.775,0.021,,
2016,9,0.785,0.029,0.881,0.024,0.828,0.021,0.778,0.021,,
2016,10,0.761,0.032,0.867,0.024,0.831,0.021,0.781,0.021,,
2016,11,0.742,0.035,0.865,0.024,0.831,0.021,0.784,0.021,,
2016,12,0.806,0.041,0.857,0.024,0.832,0.021,0.786,0.021,,
2017,1,0.947,0.032,0.856,0.024,0.837,0.021,0.79,0.021,,
2017,2,1.053,0.029,0.847,0.024,0.838,0.021,0.793,0.021,,
2017,3,1.061,0.031,0.84,0.024,0.839,0.021,0.797,0.021,,
2017,4,0.904,0.03,0.844,0.024,0.842,0.021,0.798,0.021,,
2017,5,0.866,0.027,0.842,0.024,0.848,0.021,0.798,0.021,,
2017,6,0.68,0.031,0.841,0.024,0.852,0.021,0.8,0.021,,
2017,7,0.759,0.03,0.824,0.024,0.858,0.021,0.802,0.021,,
2017,8,0.804,0.028,0.797,0.024,0.864,0.021,0.804,0.021,,
2017,9,0.701,0.038,0.777,0.024,0.867,0.021,0.805,0.021,,
2017,10,0.806,0.031,0.771,0.024,0.872,0.021,0.807,0.021,,
2017,11,0.711,0.032,0.762,0.025,0.874,0.021,0.807,0.021,,
2017,12,0.802,0.038,0.765,0.025,0.875,0.021,0.809,0.021,,
2018,1,0.744,0.033,0.762,0.024,0.877,0.021,0.811,0.021,,
2018,2,0.724,0.03,0.754,0.025,0.878,0.021,0.813,0.021,,
2018,3,0.824,0.028,0.752,0.025,0.879,0.021,0.817,0.021,,
2018,4,0.832,0.03,0.757,0.025,0.875,0.021,0.821,0.021,,
2018,5,0.756,0.034,0.758,0.025,0.875,0.021,0.823,0.021,,
2018,6,0.713,0.036,0.762,0.025,0.869,0.021,0.826,0.021,,
2018,7,0.722,0.031,0.777,0.025,0.863,0.021,0.831,0.021,,
2018,8,0.709,0.034,0.792,0.025,0.853,0.021,0.836,0.021,,
2018,9,0.679,0.035,0.811,0.026,0.846,0.021,0.841,0.021,,
2018,10,0.863,0.031,0.821,0.026,0.841,0.021,0.847,0.021,,
2018,11,0.728,0.033,0.822,0.025,0.838,0.021,0.851,0.021,,
2018,12,0.852,0.038,0.825,0.026,0.838,0.021,0.856,0.021,,
2019,1,0.924,0.031,0.835,0.026,0.839,0.021,0.86,0.021,,
2019,2,0.898,0.03,0.847,0.026,0.837,0.021,0.867,0.021,,
2019,3,1.062,0.032,0.858,0.026,0.838,0.021,0.871,0.021,,
2019,4,0.949,0.03,0.864,0.026,0.84,0.021,0.875,0.021,,
2019,5,0.763,0.032,0.877,0.027,0.842,0.022,0.878,0.021,,
2019,6,0.753,0.03,0.892,0.027,0.842,0.022,0.881,0.021,,
2019,7,0.846,0.031,0.912,0.027,0.841,0.022,0.886,0.021,,
2019,8,0.841,0.034,0.935,0.027,0.836,0.022,0.89,0.021,,
2019,9,0.811,0.038,0.937,0.027,0.834,0.022,0.893,0.021,,
2019,10,0.939,0.035,0.946,0.027,0.832,0.022,0.897,0.021,,
2019,11,0.882,0.037,0.957,0.026,0.83,0.022,0.902,0.021,,
2019,12,1.04,0.039,0.963,0.026,0.833,0.022,0.905,0.021,,
2020,1,1.155,0.034,0.963,0.027,0.834,0.022,,,,
2020,2,1.175,0.03,0.964,0.027,0.834,0.022,,,,
2020,3,1.086,0.031,0.968,0.026,0.835,0.022,,,,
2020,4,1.059,0.036,0.955,0.027,0.836,0.022,,,,
2020,5,0.893,0.03,0.957,0.027,0.835,0.022,,,,
2020,6,0.825,0.035,0.931,0.027,0.835,0.022,,,,
2020,7,0.845,0.03,0.897,0.027,0.836,0.023,,,,
2020,8,0.863,0.03,0.849,0.027,0.84,0.023,,,,
2020,9,0.857,0.032,0.824,0.027,0.845,0.022,,,,
2020,10,0.781,0.039,0.798,0.027,0.847,0.022,,,,
2020,11,0.91,0.04,0.785,0.027,0.848,0.022,,,,
2020,12,0.72,0.045,0.779,0.027,0.853,0.022,,,,
2021,1,0.751,0.037,0.777,0.027,0.86,0.022,,,,
2021,2,0.595,0.031,0.773,0.027,0.868,0.022,,,,
2021,3,0.788,0.03,0.77,0.027,0.879,0.022,,,,
2021,4,0.752,0.036,0.781,0.027,0.886,0.022,,,,
2021,5,0.729,0.033,0.776,0.028,0.895,0.022,,,,
2021,6,0.758,0.033,0.782,0.028,0.901,0.023,,,,
2021,7,0.825,0.03,0.793,0.028,0.906,0.023,,,,
2021,8,0.812,0.032,0.81,0.028,0.911,0.022,,,,
2021,9,0.824,0.035,0.818,0.028,0.914,0.022,,,,
2021,10,0.908,0.036,0.824,0.028,0.919,0.022,,,,
2021,11,0.848,0.044,0.825,0.028,0.924,0.022,,,,
2021,12,0.798,0.039,0.834,0.028,0.931,0.022,,,,
2022,1,0.875,0.037,0.833,0.028,0.936,0.022,,,,
2022,2,0.798,0.031,0.835,0.028,0.943,0.022,,,,
2022,3,0.892,0.033,0.829,0.028,0.948,0.022,,,,
2022,4,0.817,0.03,0.826,0.028,0.952,0.022,,,,
2022,5,0.746,0.035,0.81,0.028,0.957,0.022,,,,
2022,6,0.863,0.04,0.807,0.028,0.958,0.022,,,,
2022,7,0.817,0.039,0.803,0.028,,,,,,
2022,8,0.828,0.032,0.813,0.028,,,,,,
2022,9,0.754,0.034,0.832,0.028,,,,,,
2022,10,0.872,0.04,0.844,0.028,,,,,,
2022,11,0.655,0.045,0.853,0.027,,,,,,
2022,12,0.774,0.044,0.863,0.027,,,,,,
2023,1,0.818,0.038,0.89,0.027,,,,,,
2023,2,0.921,0.031,0.922,0.027,,,,,,
2023,3,1.125,0.034,0.97,0.027,,,,,,
2023,4,0.954,0.037,1.002,0.027,,,,,,
2023,5,0.856,0.036,1.053,0.028,,,,,,
2023,6,0.981,0.041,1.092,0.028,,,,,,
2023,7,1.141,0.045,1.124,0.028,,,,,,
2023,8,1.214,0.036,1.151,0.028,,,,,,
2023,9,1.326,0.032,1.16,0.028,,,,,,
2023,10,1.259,0.038,1.182,0.027,,,,,,
2023,11,1.272,0.045,1.202,0.027,,,,,,
2023,12,1.231,0.045,1.215,0.028,,,,,,
2024,1,1.206,0.037,1.215,0.027,,,,,,
2024,2,1.25,0.031,1.219,0.027,,,,,,
2024,3,1.226,0.039,1.203,0.027,,,,,,
2024,4,1.227,0.042,1.197,0.027,,,,,,
2024,5,1.093,0.037,1.188,0.027,,,,,,
2024,6,1.13,0.042,1.18,0.027,,,,,,
2024,7,1.149,0.039,,,,,,,,
2024,8,1.257,0.032,,,,,,,,
2024,9,1.138,0.036,,,,,,,,
2024,10,1.182,0.042,,,,,,,,
2024,11,1.169,0.057,,,,,,,,
2024,12,1.138,0.049,,,,,,,,
